instance_id,size,seed,method,objective,makespan,blocked,max_wait,evaluations,feasible_evaluations,runtime_seconds,uniform_evaluations,dmab_evaluations,dmab_restarts,floor_objective,uniform_component_objective,dmab_component_objective,second_uniform_objective
HOSP-STD-15-01,15,61,uniform3030,147.5017585,147.5,0.0,0.0,3030,3030,0.9690414999931818,3030,0,0,147.5017585,nan,nan,nan
HOSP-STD-15-01,15,61,uniform6060,142.0014165,142.0,0.0,0.0,6060,6060,1.9622808749991236,6060,0,0,147.5017585,nan,nan,nan
HOSP-STD-15-01,15,61,dmab3030,142.0016365,142.0,0.0,0.0,3030,3030,1.06232545900275,0,3030,7,nan,nan,nan,nan
HOSP-STD-15-01,15,61,fixed_portfolio6060,142.0016365,142.0,0.0,0.0,6060,6060,2.031366958995932,3030,3030,7,147.5017585,147.5017585,142.0016365,nan
HOSP-STD-15-01,15,61,two_uniform6060,141.0016225,141.0,0.0,0.0,6060,6060,1.9917413749935804,6060,0,0,147.5017585,147.5017585,nan,141.0016225
HOSP-STD-15-01,15,61,learned_free6060,142.0016365,142.0,0.0,0.0,6060,6060,2.1074115829978837,2730,3330,11,147.5017585,nan,nan,nan
HOSP-STD-15-01,15,61,learned_protected6060,142.0014285,142.0,0.0,0.0,6060,6060,2.086506833002204,3930,2130,7,147.5017585,nan,nan,nan
HOSP-STD-15-01,15,63,uniform3030,139.95146799999998,139.0,0.5,0.5,3030,3030,1.003876417002175,3030,0,0,139.95146799999998,nan,nan,nan
HOSP-STD-15-01,15,63,uniform6060,139.95146799999998,139.0,0.5,0.5,6060,6060,2.039810792004573,6060,0,0,139.95146799999998,nan,nan,nan
HOSP-STD-15-01,15,63,dmab3030,147.5017585,147.5,0.0,0.0,3030,3030,1.0912886250007432,0,3030,4,nan,nan,nan,nan
HOSP-STD-15-01,15,63,fixed_portfolio6060,139.95146799999998,139.0,0.5,0.5,6060,6060,2.095165042002918,3030,3030,4,139.95146799999998,139.95146799999998,147.5017585,nan
HOSP-STD-15-01,15,63,two_uniform6060,139.95146799999998,139.0,0.5,0.5,6060,6060,2.0092348759935703,6060,0,0,139.95146799999998,139.95146799999998,nan,142.0016105
HOSP-STD-15-01,15,63,learned_free6060,139.95146799999998,139.0,0.5,0.5,6060,6060,2.1035777919896645,3930,2130,4,147.5017585,nan,nan,nan
HOSP-STD-15-01,15,63,learned_protected6060,139.95146799999998,139.0,0.5,0.5,6060,6060,2.127327834008611,4680,1380,2,139.95146799999998,nan,nan,nan
HOSP-STD-15-01,15,62,uniform3030,142.5014055,142.5,0.0,0.0,3030,3030,1.019839917003992,3030,0,0,142.5014055,nan,nan,nan
HOSP-STD-15-01,15,62,uniform6060,142.5014055,142.5,0.0,0.0,6060,6060,1.9897356670117006,6060,0,0,142.5014055,nan,nan,nan
HOSP-STD-15-01,15,62,dmab3030,145.5017265,145.5,0.0,0.0,3030,3030,1.0570642910024617,0,3030,17,nan,nan,nan,nan
HOSP-STD-15-01,15,62,fixed_portfolio6060,142.5014055,142.5,0.0,0.0,6060,6060,2.0769042080064537,3030,3030,17,142.5014055,142.5014055,145.5017265,nan
HOSP-STD-15-01,15,62,two_uniform6060,142.5014055,142.5,0.0,0.0,6060,6060,2.053030334005598,6060,0,0,142.5014055,142.5014055,nan,147.5017585
HOSP-STD-15-01,15,62,learned_free6060,145.5017265,145.5,0.0,0.0,6060,6060,2.1861992079939228,2580,3480,18,147.5017585,nan,nan,nan
HOSP-STD-15-01,15,62,learned_protected6060,142.5014055,142.5,0.0,0.0,6060,6060,2.1455297920037992,4530,1530,8,142.5014055,nan,nan,nan
HOSP-STD-15-01,15,60,uniform3030,144.0017625,144.0,0.0,0.0,3030,3030,1.033291708008619,3030,0,0,144.0017625,nan,nan,nan
HOSP-STD-15-01,15,60,uniform6060,144.0017625,144.0,0.0,0.0,6060,6060,2.0681118330103345,6060,0,0,144.0017625,nan,nan,nan
HOSP-STD-15-01,15,60,dmab3030,142.5016815,142.5,0.0,0.0,3030,3030,1.0769334999931743,0,3030,20,nan,nan,nan,nan
HOSP-STD-15-01,15,60,fixed_portfolio6060,142.5016815,142.5,0.0,0.0,6060,6060,2.1102252080017934,3030,3030,20,144.0017625,144.0017625,142.5016815,nan
HOSP-STD-15-01,15,60,two_uniform6060,144.0017625,144.0,0.0,0.0,6060,6060,2.078723124010139,6060,0,0,144.0017625,144.0017625,nan,147.5015865
HOSP-STD-15-01,15,60,learned_free6060,142.5016815,142.5,0.0,0.0,6060,6060,2.0797965829988243,3180,2880,18,147.5017585,nan,nan,nan
HOSP-STD-15-01,15,60,learned_protected6060,142.5016815,142.5,0.0,0.0,6060,6060,2.1487017089966685,4530,1530,10,144.0017625,nan,nan,nan
HOSP-STD-15-01,15,64,uniform3030,142.0015605,142.0,0.0,0.0,3030,3030,1.0264086250099353,3030,0,0,142.0015605,nan,nan,nan
HOSP-STD-15-01,15,64,uniform6060,142.0015605,142.0,0.0,0.0,6060,6060,2.0889785410108743,6060,0,0,142.0015605,nan,nan,nan
HOSP-STD-15-01,15,64,dmab3030,146.0017725,146.0,0.0,0.0,3030,3030,1.0668102500058012,0,3030,9,nan,nan,nan,nan
HOSP-STD-15-01,15,64,fixed_portfolio6060,142.0015605,142.0,0.0,0.0,6060,6060,2.0932188750157366,3030,3030,9,142.0015605,142.0015605,146.0017725,nan
HOSP-STD-15-01,15,64,two_uniform6060,142.0015605,142.0,0.0,0.0,6060,6060,2.061994167001103,6060,0,0,142.0015605,142.0015605,nan,146.5015005
HOSP-STD-15-01,15,64,learned_free6060,142.0015605,142.0,0.0,0.0,6060,6060,2.158066667005187,2730,3330,9,147.5017585,nan,nan,nan
HOSP-STD-15-01,15,64,learned_protected6060,142.0015605,142.0,0.0,0.0,6060,6060,2.1759368749917485,4530,1530,7,142.0015605,nan,nan,nan
HOSP-STD-15-01,15,65,uniform3030,145.5014505,145.5,0.0,0.0,3030,3030,1.1017089999950258,3030,0,0,145.5014505,nan,nan,nan
HOSP-STD-15-01,15,65,uniform6060,139.0014345,139.0,0.0,0.0,6060,6060,2.13744512500125,6060,0,0,145.5014505,nan,nan,nan
HOSP-STD-15-01,15,65,dmab3030,147.5017555,147.5,0.0,0.0,3030,3030,1.0977842080028495,0,3030,2,nan,nan,nan,nan
HOSP-STD-15-01,15,65,fixed_portfolio6060,145.5014505,145.5,0.0,0.0,6060,6060,2.1994932079978753,3030,3030,2,145.5014505,145.5014505,147.5017555,nan
HOSP-STD-15-01,15,65,two_uniform6060,139.0013675,139.0,0.0,0.0,6060,6060,2.135037541986094,6060,0,0,145.5014505,145.5014505,nan,139.0013675
HOSP-STD-15-01,15,65,learned_free6060,145.5014505,145.5,0.0,0.0,6060,6060,2.1618752920039697,3480,2580,2,147.5017585,nan,nan,nan
HOSP-STD-15-01,15,65,learned_protected6060,145.5014505,145.5,0.0,0.0,6060,6060,2.17836179099686,4680,1380,2,145.5014505,nan,nan,nan
HOSP-STD-15-01,15,67,uniform3030,147.5016105,147.5,0.0,0.0,3030,3030,1.071854958005133,3030,0,0,147.5016105,nan,nan,nan
HOSP-STD-15-01,15,67,uniform6060,147.5016105,147.5,0.0,0.0,6060,6060,2.149596791015938,6060,0,0,147.5016105,nan,nan,nan
HOSP-STD-15-01,15,67,dmab3030,147.5015445,147.5,0.0,0.0,3030,3030,1.0969958339992445,0,3030,10,nan,nan,nan,nan
HOSP-STD-15-01,15,67,fixed_portfolio6060,147.5015445,147.5,0.0,0.0,6060,6060,2.1688507920043776,3030,3030,10,147.5016105,147.5016105,147.5015445,nan
HOSP-STD-15-01,15,67,two_uniform6060,145.5013835,145.5,0.0,0.0,6060,6060,2.1705467490101,6060,0,0,147.5016105,147.5016105,nan,145.5013835
HOSP-STD-15-01,15,67,learned_free6060,147.5015445,147.5,0.0,0.0,6060,6060,2.2046133330004523,3030,3030,10,147.5017585,nan,nan,nan
HOSP-STD-15-01,15,67,learned_protected6060,147.5015445,147.5,0.0,0.0,6060,6060,2.115640791002079,4830,1230,4,147.5016105,nan,nan,nan
HOSP-STD-15-01,15,66,uniform3030,147.5017585,147.5,0.0,0.0,3030,3030,1.0409234580001794,3030,0,0,147.5017585,nan,nan,nan
HOSP-STD-15-01,15,66,uniform6060,139.5015405,139.5,0.0,0.0,6060,6060,2.111350916995434,6060,0,0,147.5017585,nan,nan,nan
HOSP-STD-15-01,15,66,dmab3030,143.0017245,143.0,0.0,0.0,3030,3030,1.1369244999950752,0,3030,11,nan,nan,nan,nan
HOSP-STD-15-01,15,66,fixed_portfolio6060,143.0017245,143.0,0.0,0.0,6060,6060,2.1778479579952545,3030,3030,11,147.5017585,147.5017585,143.0017245,nan
HOSP-STD-15-01,15,66,two_uniform6060,147.5017585,147.5,0.0,0.0,6060,6060,2.1472339579922846,6060,0,0,147.5017585,147.5017585,nan,147.5017585
HOSP-STD-15-01,15,66,learned_free6060,143.0012805,143.0,0.0,0.0,6060,6060,2.2088048750010785,2430,3630,14,147.5017585,nan,nan,nan
HOSP-STD-15-01,15,66,learned_protected6060,143.0017245,143.0,0.0,0.0,6060,6060,2.2120257080096053,3780,2280,9,147.5017585,nan,nan,nan
HOSP-STD-15-01,15,68,uniform3030,144.0017545,144.0,0.0,0.0,3030,3030,1.1144412090070546,3030,0,0,144.0017545,nan,nan,nan
HOSP-STD-15-01,15,68,uniform6060,142.0013885,142.0,0.0,0.0,6060,6060,2.2378071680141147,6060,0,0,144.0017545,nan,nan,nan
HOSP-STD-15-01,15,68,dmab3030,147.5015715,147.5,0.0,0.0,3030,3030,1.1152019999863114,0,3030,21,nan,nan,nan,nan
HOSP-STD-15-01,15,68,fixed_portfolio6060,144.0017545,144.0,0.0,0.0,6060,6060,2.229643208993366,3030,3030,21,144.0017545,144.0017545,147.5015715,nan
HOSP-STD-15-01,15,68,two_uniform6060,144.0017545,144.0,0.0,0.0,6060,6060,2.2208059590047924,6060,0,0,144.0017545,144.0017545,nan,147.5017035
HOSP-STD-15-01,15,68,learned_free6060,144.0017545,144.0,0.0,0.0,6060,6060,2.196209708999959,3630,2430,15,147.5017585,nan,nan,nan
HOSP-STD-15-01,15,68,learned_protected6060,142.0013885,142.0,0.0,0.0,6060,6060,2.179257249998045,5280,780,5,144.0017545,nan,nan,nan
HOSP-STD-15-01,15,69,uniform3030,143.5016165,143.5,0.0,0.0,3030,3030,1.0453459160053171,3030,0,0,143.5016165,nan,nan,nan
HOSP-STD-15-01,15,69,uniform6060,143.351481,140.5,1.5,1.5,6060,6060,2.1360493320098612,6060,0,0,143.5016165,nan,nan,nan
HOSP-STD-15-01,15,69,dmab3030,145.0016425,145.0,0.0,0.0,3030,3030,1.1330019160086522,0,3030,17,nan,nan,nan,nan
HOSP-STD-15-01,15,69,fixed_portfolio6060,143.5016165,143.5,0.0,0.0,6060,6060,2.1783478320139693,3030,3030,17,143.5016165,143.5016165,145.0016425,nan
HOSP-STD-15-01,15,69,two_uniform6060,143.5016165,143.5,0.0,0.0,6060,6060,2.1278826240013586,6060,0,0,143.5016165,143.5016165,nan,147.5017555
HOSP-STD-15-01,15,69,learned_free6060,143.5016165,143.5,0.0,0.0,6060,6060,2.227239667001413,3330,2730,17,147.5017585,nan,nan,nan
HOSP-STD-15-01,15,69,learned_protected6060,143.351481,140.5,1.5,1.5,6060,6060,2.256157208001241,4380,1680,16,143.5016165,nan,nan,nan
HOSP-STD-15-01,15,70,uniform3030,140.0015755,140.0,0.0,0.0,3030,3030,1.1020078330038814,3030,0,0,140.0015755,nan,nan,nan
HOSP-STD-15-01,15,70,uniform6060,140.0015755,140.0,0.0,0.0,6060,6060,2.164531458009151,6060,0,0,140.0015755,nan,nan,nan
HOSP-STD-15-01,15,70,dmab3030,147.5017325,147.5,0.0,0.0,3030,3030,1.1400921669992385,0,3030,21,nan,nan,nan,nan
HOSP-STD-15-01,15,70,fixed_portfolio6060,140.0015755,140.0,0.0,0.0,6060,6060,2.24210000000312,3030,3030,21,140.0015755,140.0015755,147.5017325,nan
HOSP-STD-15-01,15,70,two_uniform6060,140.0015755,140.0,0.0,0.0,6060,6060,2.229425166005967,6060,0,0,140.0015755,140.0015755,nan,147.5017585
HOSP-STD-15-01,15,70,learned_free6060,140.0015755,140.0,0.0,0.0,6060,6060,2.187830208989908,3930,2130,10,147.5017585,nan,nan,nan
HOSP-STD-15-01,15,70,learned_protected6060,140.0015755,140.0,0.0,0.0,6060,6060,2.2021177919959882,4680,1380,8,140.0015755,nan,nan,nan
HOSP-STD-15-01,15,71,uniform3030,147.5015145,147.5,0.0,0.0,3030,3030,1.0497928339900682,3030,0,0,147.5015145,nan,nan,nan
HOSP-STD-15-01,15,71,uniform6060,147.5015145,147.5,0.0,0.0,6060,6060,2.1218484589917352,6060,0,0,147.5015145,nan,nan,nan
HOSP-STD-15-01,15,71,dmab3030,147.5016845,147.5,0.0,0.0,3030,3030,1.1651386659941636,0,3030,15,nan,nan,nan,nan
HOSP-STD-15-01,15,71,fixed_portfolio6060,147.5015145,147.5,0.0,0.0,6060,6060,2.2149314999842318,3030,3030,15,147.5015145,147.5015145,147.5016845,nan
HOSP-STD-15-01,15,71,two_uniform6060,143.0014855,143.0,0.0,0.0,6060,6060,2.126535541989142,6060,0,0,147.5015145,147.5015145,nan,143.0014855
HOSP-STD-15-01,15,71,learned_free6060,147.5015145,147.5,0.0,0.0,6060,6060,2.25781295800698,3030,3030,15,147.5017585,nan,nan,nan
HOSP-STD-15-01,15,71,learned_protected6060,147.5015145,147.5,0.0,0.0,6060,6060,2.1877927919995273,4680,1380,6,147.5015145,nan,nan,nan
HOSP-STD-15-01,15,72,uniform3030,142.0014645,142.0,0.0,0.0,3030,3030,1.1222762499965029,3030,0,0,142.0014645,nan,nan,nan
HOSP-STD-15-01,15,72,uniform6060,142.0014645,142.0,0.0,0.0,6060,6060,2.183279124990804,6060,0,0,142.0014645,nan,nan,nan
HOSP-STD-15-01,15,72,dmab3030,147.5017585,147.5,0.0,0.0,3030,3030,1.1478687080089003,0,3030,11,nan,nan,nan,nan
HOSP-STD-15-01,15,72,fixed_portfolio6060,142.0014645,142.0,0.0,0.0,6060,6060,2.270144958005403,3030,3030,11,142.0014645,142.0014645,147.5017585,nan
HOSP-STD-15-01,15,72,two_uniform6060,142.0014645,142.0,0.0,0.0,6060,6060,2.172927042003721,6060,0,0,142.0014645,142.0014645,nan,143.5015895
HOSP-STD-15-01,15,72,learned_free6060,142.0014645,142.0,0.0,0.0,6060,6060,2.1748935419891495,3780,2280,10,147.5017585,nan,nan,nan
HOSP-STD-15-01,15,72,learned_protected6060,142.0014645,142.0,0.0,0.0,6060,6060,2.238309708001907,4530,1530,4,142.0014645,nan,nan,nan
HOSP-STD-15-01,15,74,uniform3030,147.5017585,147.5,0.0,0.0,3030,3030,1.1236384590010857,3030,0,0,147.5017585,nan,nan,nan
HOSP-STD-15-01,15,74,uniform6060,137.0014895,137.0,0.0,0.0,6060,6060,2.249494875999517,6060,0,0,147.5017585,nan,nan,nan
HOSP-STD-15-01,15,74,dmab3030,142.0013205,142.0,0.0,0.0,3030,3030,1.1555987500032643,0,3030,12,nan,nan,nan,nan
HOSP-STD-15-01,15,74,fixed_portfolio6060,142.0013205,142.0,0.0,0.0,6060,6060,2.27923720900435,3030,3030,12,147.5017585,147.5017585,142.0013205,nan
HOSP-STD-15-01,15,74,two_uniform6060,141.5015095,141.5,0.0,0.0,6060,6060,2.218179750008858,6060,0,0,147.5017585,147.5017585,nan,141.5015095
HOSP-STD-15-01,15,74,learned_free6060,142.0013205,142.0,0.0,0.0,6060,6060,2.2097494999907212,2730,3330,13,147.5017585,nan,nan,nan
HOSP-STD-15-01,15,74,learned_protected6060,147.5017585,147.5,0.0,0.0,6060,6060,2.1867697080015205,4530,1530,6,147.5017585,nan,nan,nan
HOSP-STD-15-01,15,73,uniform3030,147.5016425,147.5,0.0,0.0,3030,3030,1.0744987499929266,3030,0,0,147.5016425,nan,nan,nan
HOSP-STD-15-01,15,73,uniform6060,145.5014585,145.5,0.0,0.0,6060,6060,2.208237957995152,6060,0,0,147.5016425,nan,nan,nan
HOSP-STD-15-01,15,73,dmab3030,145.5016995,145.5,0.0,0.0,3030,3030,1.1892762500065146,0,3030,15,nan,nan,nan,nan
HOSP-STD-15-01,15,73,fixed_portfolio6060,145.5016995,145.5,0.0,0.0,6060,6060,2.263774999999441,3030,3030,15,147.5016425,147.5016425,145.5016995,nan
HOSP-STD-15-01,15,73,two_uniform6060,142.0014425,142.0,0.0,0.0,6060,6060,2.152126041983138,6060,0,0,147.5016425,147.5016425,nan,142.0014425
HOSP-STD-15-01,15,73,learned_free6060,145.5016995,145.5,0.0,0.0,6060,6060,2.298537832990405,2730,3330,15,147.5017585,nan,nan,nan
HOSP-STD-15-01,15,73,learned_protected6060,145.5016995,145.5,0.0,0.0,6060,6060,2.3135049589909613,4230,1830,7,147.5016425,nan,nan,nan
HOSP-STD-15-01,15,75,uniform3030,145.0014305,145.0,0.0,0.0,3030,3030,1.0662690409953939,3030,0,0,145.0014305,nan,nan,nan
HOSP-STD-15-01,15,75,uniform6060,145.0014305,145.0,0.0,0.0,6060,6060,2.170352915985859,6060,0,0,145.0014305,nan,nan,nan
HOSP-STD-15-01,15,75,dmab3030,147.5016815,147.5,0.0,0.0,3030,3030,1.1634482499939622,0,3030,22,nan,nan,nan,nan
HOSP-STD-15-01,15,75,fixed_portfolio6060,145.0014305,145.0,0.0,0.0,6060,6060,2.229717290989356,3030,3030,22,145.0014305,145.0014305,147.5016815,nan
HOSP-STD-15-01,15,75,two_uniform6060,144.0016025,144.0,0.0,0.0,6060,6060,2.2166132079873933,6060,0,0,145.0014305,145.0014305,nan,144.0016025
HOSP-STD-15-01,15,75,learned_free6060,145.0014305,145.0,0.0,0.0,6060,6060,2.3268107500043698,4080,1980,13,147.5017585,nan,nan,nan
HOSP-STD-15-01,15,75,learned_protected6060,145.0014305,145.0,0.0,0.0,6060,6060,2.2418062500073574,4680,1380,12,145.0014305,nan,nan,nan
HOSP-STD-15-01,15,76,uniform3030,147.5014385,147.5,0.0,0.0,3030,3030,1.106274208999821,3030,0,0,147.5014385,nan,nan,nan
HOSP-STD-15-01,15,76,uniform6060,145.0013505,145.0,0.0,0.0,6060,6060,2.1968476259935414,6060,0,0,147.5014385,nan,nan,nan
HOSP-STD-15-01,15,76,dmab3030,137.0012605,137.0,0.0,0.0,3030,3030,1.1450139999942621,0,3030,13,nan,nan,nan,nan
HOSP-STD-15-01,15,76,fixed_portfolio6060,137.0012605,137.0,0.0,0.0,6060,6060,2.251288208994083,3030,3030,13,147.5014385,147.5014385,137.0012605,nan
HOSP-STD-15-01,15,76,two_uniform6060,146.0015725,146.0,0.0,0.0,6060,6060,2.1669748749991413,6060,0,0,147.5014385,147.5014385,nan,146.0015725
HOSP-STD-15-01,15,76,learned_free6060,145.0013315,145.0,0.0,0.0,6060,6060,2.2723856660013553,3180,2880,13,147.5017585,nan,nan,nan
HOSP-STD-15-01,15,76,learned_protected6060,147.5014385,147.5,0.0,0.0,6060,6060,2.203933208991657,4680,1380,6,147.5014385,nan,nan,nan
HOSP-STD-15-01,15,78,uniform3030,147.5017415,147.5,0.0,0.0,3030,3030,1.116595875006169,3030,0,0,147.5017415,nan,nan,nan
HOSP-STD-15-01,15,78,uniform6060,147.5017415,147.5,0.0,0.0,6060,6060,2.2467669590114383,6060,0,0,147.5017415,nan,nan,nan
HOSP-STD-15-01,15,78,dmab3030,144.0015845,144.0,0.0,0.0,3030,3030,1.1342414170067059,0,3030,13,nan,nan,nan,nan
HOSP-STD-15-01,15,78,fixed_portfolio6060,144.0015845,144.0,0.0,0.0,6060,6060,2.250837292012875,3030,3030,13,147.5017415,147.5017415,144.0015845,nan
HOSP-STD-15-01,15,78,two_uniform6060,147.5017415,147.5,0.0,0.0,6060,6060,2.2130965830001514,6060,0,0,147.5017415,147.5017415,nan,147.5017555
HOSP-STD-15-01,15,78,learned_free6060,144.0015845,144.0,0.0,0.0,6060,6060,2.262349666998489,2280,3780,16,147.5017585,nan,nan,nan
HOSP-STD-15-01,15,78,learned_protected6060,144.0015845,144.0,0.0,0.0,6060,6060,2.13493958300387,4530,1530,6,147.5017415,nan,nan,nan
HOSP-STD-15-01,15,77,uniform3030,147.5017585,147.5,0.0,0.0,3030,3030,1.0875407499988796,3030,0,0,147.5017585,nan,nan,nan
HOSP-STD-15-01,15,77,uniform6060,147.5017585,147.5,0.0,0.0,6060,6060,2.2279165410000132,6060,0,0,147.5017585,nan,nan,nan
HOSP-STD-15-01,15,77,dmab3030,146.5015105,146.5,0.0,0.0,3030,3030,1.1839164170087315,0,3030,13,nan,nan,nan,nan
HOSP-STD-15-01,15,77,fixed_portfolio6060,146.5015105,146.5,0.0,0.0,6060,6060,2.271457167007611,3030,3030,13,147.5017585,147.5017585,146.5015105,nan
HOSP-STD-15-01,15,77,two_uniform6060,147.5015455,147.5,0.0,0.0,6060,6060,2.181072250008583,6060,0,0,147.5017585,147.5017585,nan,147.5015455
HOSP-STD-15-01,15,77,learned_free6060,146.5015105,146.5,0.0,0.0,6060,6060,2.322369625006104,2730,3330,14,147.5017585,nan,nan,nan
HOSP-STD-15-01,15,77,learned_protected6060,146.5015105,146.5,0.0,0.0,6060,6060,2.2577644169941777,4230,1830,7,147.5017585,nan,nan,nan
HOSP-STD-15-01,15,79,uniform3030,147.5017145,147.5,0.0,0.0,3030,3030,1.116954540993902,3030,0,0,147.5017145,nan,nan,nan
HOSP-STD-15-01,15,79,uniform6060,146.0016205,146.0,0.0,0.0,6060,6060,2.250375332994736,6060,0,0,147.5017145,nan,nan,nan
HOSP-STD-15-01,15,79,dmab3030,141.5016765,141.5,0.0,0.0,3030,3030,1.1346234169905074,0,3030,13,nan,nan,nan,nan
HOSP-STD-15-01,15,79,fixed_portfolio6060,141.5016765,141.5,0.0,0.0,6060,6060,2.2515779579844093,3030,3030,13,147.5017145,147.5017145,141.5016765,nan
HOSP-STD-15-01,15,79,two_uniform6060,147.0015895,147.0,0.0,0.0,6060,6060,2.2249626239936333,6060,0,0,147.5017145,147.5017145,nan,147.0015895
HOSP-STD-15-01,15,79,learned_free6060,141.5016765,141.5,0.0,0.0,6060,6060,2.2765764580108225,2430,3630,20,147.5017585,nan,nan,nan
HOSP-STD-15-01,15,79,learned_protected6060,147.5017145,147.5,0.0,0.0,6060,6060,2.268872958011343,4380,1680,2,147.5017145,nan,nan,nan
HOSP-STD-15-02,15,60,uniform3030,173.5020595,173.5,0.0,0.0,3030,3030,1.088142834007158,3030,0,0,173.5020595,nan,nan,nan
HOSP-STD-15-02,15,60,uniform6060,173.5020595,173.5,0.0,0.0,6060,6060,2.215309500010335,6060,0,0,173.5020595,nan,nan,nan
HOSP-STD-15-02,15,60,dmab3030,170.0018805,170.0,0.0,0.0,3030,3030,1.093746792001184,0,3030,13,nan,nan,nan,nan
HOSP-STD-15-02,15,60,fixed_portfolio6060,170.0018805,170.0,0.0,0.0,6060,6060,2.181889626008342,3030,3030,13,173.5020595,173.5020595,170.0018805,nan
HOSP-STD-15-02,15,60,two_uniform6060,166.5018095,166.5,0.0,0.0,6060,6060,2.193963541998528,6060,0,0,173.5020595,173.5020595,nan,166.5018095
HOSP-STD-15-02,15,60,learned_free6060,170.0018805,170.0,0.0,0.0,6060,6060,2.2369343750033295,2430,3630,14,196.052003,nan,nan,nan
HOSP-STD-15-02,15,60,learned_protected6060,170.0018805,170.0,0.0,0.0,6060,6060,2.1842971250007395,3930,2130,7,173.5020595,nan,nan,nan
HOSP-STD-15-02,15,61,uniform3030,167.5019415,167.5,0.0,0.0,3030,3030,1.082907374991919,3030,0,0,167.5019415,nan,nan,nan
HOSP-STD-15-02,15,61,uniform6060,167.5019415,167.5,0.0,0.0,6060,6060,2.2197452499967767,6060,0,0,167.5019415,nan,nan,nan
HOSP-STD-15-02,15,61,dmab3030,171.0018055,171.0,0.0,0.0,3030,3030,1.148777082999004,0,3030,11,nan,nan,nan,nan
HOSP-STD-15-02,15,61,fixed_portfolio6060,167.5019415,167.5,0.0,0.0,6060,6060,2.231684457990923,3030,3030,11,167.5019415,167.5019415,171.0018055,nan
HOSP-STD-15-02,15,61,two_uniform6060,167.5019415,167.5,0.0,0.0,6060,6060,2.188540249990183,6060,0,0,167.5019415,167.5019415,nan,172.5018455
HOSP-STD-15-02,15,61,learned_free6060,167.5019415,167.5,0.0,0.0,6060,6060,2.23627533299441,3180,2880,9,196.052003,nan,nan,nan
HOSP-STD-15-02,15,61,learned_protected6060,167.5019415,167.5,0.0,0.0,6060,6060,2.189728416997241,4380,1680,5,167.5019415,nan,nan,nan
HOSP-STD-15-02,15,62,uniform3030,174.0019495,174.0,0.0,0.0,3030,3030,1.113326999999117,3030,0,0,174.0019495,nan,nan,nan
HOSP-STD-15-02,15,62,uniform6060,168.5018715,168.5,0.0,0.0,6060,6060,2.227874290998443,6060,0,0,174.0019495,nan,nan,nan
HOSP-STD-15-02,15,62,dmab3030,166.0018035,166.0,0.0,0.0,3030,3030,1.1211753329989733,0,3030,8,nan,nan,nan,nan
HOSP-STD-15-02,15,62,fixed_portfolio6060,166.0018035,166.0,0.0,0.0,6060,6060,2.2345023329980904,3030,3030,8,174.0019495,174.0019495,166.0018035,nan
HOSP-STD-15-02,15,62,two_uniform6060,171.45177999999999,170.5,0.5,0.5,6060,6060,2.227136125002289,6060,0,0,174.0019495,174.0019495,nan,171.45177999999999
HOSP-STD-15-02,15,62,learned_free6060,166.0018035,166.0,0.0,0.0,6060,6060,2.2744440410024254,1980,4080,13,196.052003,nan,nan,nan
HOSP-STD-15-02,15,62,learned_protected6060,166.0018035,166.0,0.0,0.0,6060,6060,2.2849987499939743,3930,2130,5,174.0019495,nan,nan,nan
HOSP-STD-15-02,15,63,uniform3030,171.5019865,171.5,0.0,0.0,3030,3030,1.0813561250106432,3030,0,0,171.5019865,nan,nan,nan
HOSP-STD-15-02,15,63,uniform6060,171.5019865,171.5,0.0,0.0,6060,6060,2.2007575830066344,6060,0,0,171.5019865,nan,nan,nan
HOSP-STD-15-02,15,63,dmab3030,174.0019885,174.0,0.0,0.0,3030,3030,1.1869526249938644,0,3030,13,nan,nan,nan,nan
HOSP-STD-15-02,15,63,fixed_portfolio6060,171.5019865,171.5,0.0,0.0,6060,6060,2.2683087500045076,3030,3030,13,171.5019865,171.5019865,174.0019885,nan
HOSP-STD-15-02,15,63,two_uniform6060,162.5015555,162.5,0.0,0.0,6060,6060,2.19864562501607,6060,0,0,171.5019865,171.5019865,nan,162.5015555
HOSP-STD-15-02,15,63,learned_free6060,171.5019865,171.5,0.0,0.0,6060,6060,2.3373739999951795,2880,3180,14,196.052003,nan,nan,nan
HOSP-STD-15-02,15,63,learned_protected6060,171.5019865,171.5,0.0,0.0,6060,6060,2.267193125007907,4530,1530,7,171.5019865,nan,nan,nan
HOSP-STD-15-02,15,64,uniform3030,174.0019675,174.0,0.0,0.0,3030,3030,1.0992073329980485,3030,0,0,174.0019675,nan,nan,nan
HOSP-STD-15-02,15,64,uniform6060,171.0017935,171.0,0.0,0.0,6060,6060,2.237243582989322,6060,0,0,174.0019675,nan,nan,nan
HOSP-STD-15-02,15,64,dmab3030,174.0018915,174.0,0.0,0.0,3030,3030,1.1401015000010375,0,3030,16,nan,nan,nan,nan
HOSP-STD-15-02,15,64,fixed_portfolio6060,174.0018915,174.0,0.0,0.0,6060,6060,2.239308832999086,3030,3030,16,174.0019675,174.0019675,174.0018915,nan
HOSP-STD-15-02,15,64,two_uniform6060,167.0015625,167.0,0.0,0.0,6060,6060,2.241061000007903,6060,0,0,174.0019675,174.0019675,nan,167.0015625
HOSP-STD-15-02,15,64,learned_free6060,174.0018915,174.0,0.0,0.0,6060,6060,2.3164858749951236,2880,3180,17,196.052003,nan,nan,nan
HOSP-STD-15-02,15,64,learned_protected6060,171.0017935,171.0,0.0,0.0,6060,6060,2.2688393330026884,4530,1530,8,174.0019675,nan,nan,nan
HOSP-STD-15-02,15,65,uniform3030,167.0018495,167.0,0.0,0.0,3030,3030,1.098514833007357,3030,0,0,167.0018495,nan,nan,nan
HOSP-STD-15-02,15,65,uniform6060,167.0018495,167.0,0.0,0.0,6060,6060,2.2069297500129323,6060,0,0,167.0018495,nan,nan,nan
HOSP-STD-15-02,15,65,dmab3030,170.0018785,170.0,0.0,0.0,3030,3030,1.2035273340006825,0,3030,19,nan,nan,nan,nan
HOSP-STD-15-02,15,65,fixed_portfolio6060,167.0018495,167.0,0.0,0.0,6060,6060,2.3020421670080395,3030,3030,19,167.0018495,167.0018495,170.0018785,nan
HOSP-STD-15-02,15,65,two_uniform6060,166.5019515,166.5,0.0,0.0,6060,6060,2.199397416014108,6060,0,0,167.0018495,167.0018495,nan,166.5019515
HOSP-STD-15-02,15,65,learned_free6060,167.0018495,167.0,0.0,0.0,6060,6060,2.267981166995014,2880,3180,19,196.052003,nan,nan,nan
HOSP-STD-15-02,15,65,learned_protected6060,167.0018495,167.0,0.0,0.0,6060,6060,2.217553709007916,4530,1530,5,167.0018495,nan,nan,nan
HOSP-STD-15-02,15,66,uniform3030,167.0017975,167.0,0.0,0.0,3030,3030,1.1339453750115354,3030,0,0,167.0017975,nan,nan,nan
HOSP-STD-15-02,15,66,uniform6060,167.0017975,167.0,0.0,0.0,6060,6060,2.257922666016384,6060,0,0,167.0017975,nan,nan,nan
HOSP-STD-15-02,15,66,dmab3030,163.5017315,163.5,0.0,0.0,3030,3030,1.1256629999988945,0,3030,23,nan,nan,nan,nan
HOSP-STD-15-02,15,66,fixed_portfolio6060,163.5017315,163.5,0.0,0.0,6060,6060,2.25960837501043,3030,3030,23,167.0017975,167.0017975,163.5017315,nan
HOSP-STD-15-02,15,66,two_uniform6060,164.0018615,164.0,0.0,0.0,6060,6060,2.259190375014441,6060,0,0,167.0017975,167.0017975,nan,164.0018615
HOSP-STD-15-02,15,66,learned_free6060,163.5017315,163.5,0.0,0.0,6060,6060,2.246110291001969,3180,2880,22,196.052003,nan,nan,nan
HOSP-STD-15-02,15,66,learned_protected6060,166.5015675,166.5,0.0,0.0,6060,6060,2.281270499996026,4380,1680,11,167.0017975,nan,nan,nan
HOSP-STD-15-02,15,67,uniform3030,168.0018735,168.0,0.0,0.0,3030,3030,1.1124920830043266,3030,0,0,168.0018735,nan,nan,nan
HOSP-STD-15-02,15,67,uniform6060,168.0018735,168.0,0.0,0.0,6060,6060,2.237201416006428,6060,0,0,168.0018735,nan,nan,nan
HOSP-STD-15-02,15,67,dmab3030,171.0017055,171.0,0.0,0.0,3030,3030,1.15149379101058,0,3030,10,nan,nan,nan,nan
HOSP-STD-15-02,15,67,fixed_portfolio6060,168.0018735,168.0,0.0,0.0,6060,6060,2.2639858740149066,3030,3030,10,168.0018735,168.0018735,171.0017055,nan
HOSP-STD-15-02,15,67,two_uniform6060,163.5016665,163.5,0.0,0.0,6060,6060,2.3002779580128845,6060,0,0,168.0018735,168.0018735,nan,163.5016665
HOSP-STD-15-02,15,67,learned_free6060,168.0018735,168.0,0.0,0.0,6060,6060,2.253362958013895,2130,3930,14,196.052003,nan,nan,nan
HOSP-STD-15-02,15,67,learned_protected6060,168.0018735,168.0,0.0,0.0,6060,6060,2.2530812920012977,4530,1530,3,168.0018735,nan,nan,nan
HOSP-STD-15-02,15,68,uniform3030,169.0018865,169.0,0.0,0.0,3030,3030,1.139448292000452,3030,0,0,169.0018865,nan,nan,nan
HOSP-STD-15-02,15,68,uniform6060,169.0018865,169.0,0.0,0.0,6060,6060,2.253567417006707,6060,0,0,169.0018865,nan,nan,nan
HOSP-STD-15-02,15,68,dmab3030,174.952044,174.0,0.5,0.5,3030,3030,1.1636942910117796,0,3030,9,nan,nan,nan,nan
HOSP-STD-15-02,15,68,fixed_portfolio6060,169.0018865,169.0,0.0,0.0,6060,6060,2.3031425830122316,3030,3030,9,169.0018865,169.0018865,174.952044,nan
HOSP-STD-15-02,15,68,two_uniform6060,169.0018865,169.0,0.0,0.0,6060,6060,2.2881106669956353,6060,0,0,169.0018865,169.0018865,nan,171.0018395
HOSP-STD-15-02,15,68,learned_free6060,169.0018865,169.0,0.0,0.0,6060,6060,2.2809835000080056,3780,2280,9,196.052003,nan,nan,nan
HOSP-STD-15-02,15,68,learned_protected6060,169.0018865,169.0,0.0,0.0,6060,6060,2.263987583995913,4380,1680,5,169.0018865,nan,nan,nan
HOSP-STD-15-02,15,69,uniform3030,163.0017265,163.0,0.0,0.0,3030,3030,1.0904545829980634,3030,0,0,163.0017265,nan,nan,nan
HOSP-STD-15-02,15,69,uniform6060,163.0017265,163.0,0.0,0.0,6060,6060,2.1970668330031913,6060,0,0,163.0017265,nan,nan,nan
HOSP-STD-15-02,15,69,dmab3030,173.0019285,173.0,0.0,0.0,3030,3030,1.147792957999627,0,3030,19,nan,nan,nan,nan
HOSP-STD-15-02,15,69,fixed_portfolio6060,163.0017265,163.0,0.0,0.0,6060,6060,2.2382475409976905,3030,3030,19,163.0017265,163.0017265,173.0019285,nan
HOSP-STD-15-02,15,69,two_uniform6060,163.0017265,163.0,0.0,0.0,6060,6060,2.1629147909989115,6060,0,0,163.0017265,163.0017265,nan,171.0018615
HOSP-STD-15-02,15,69,learned_free6060,163.0017265,163.0,0.0,0.0,6060,6060,2.2918537500081584,4080,1980,14,196.052003,nan,nan,nan
HOSP-STD-15-02,15,69,learned_protected6060,163.0017265,163.0,0.0,0.0,6060,6060,2.3190820000017993,4380,1680,12,163.0017265,nan,nan,nan
HOSP-STD-15-02,15,70,uniform3030,171.0019475,171.0,0.0,0.0,3030,3030,1.1082898339955136,3030,0,0,171.0019475,nan,nan,nan
HOSP-STD-15-02,15,70,uniform6060,168.5016395,168.5,0.0,0.0,6060,6060,2.2189031669986434,6060,0,0,171.0019475,nan,nan,nan
HOSP-STD-15-02,15,70,dmab3030,167.5020265,167.5,0.0,0.0,3030,3030,1.239308832999086,0,3030,7,nan,nan,nan,nan
HOSP-STD-15-02,15,70,fixed_portfolio6060,167.5020265,167.5,0.0,0.0,6060,6060,2.3475986669945996,3030,3030,7,171.0019475,171.0019475,167.5020265,nan
HOSP-STD-15-02,15,70,two_uniform6060,168.0019545,168.0,0.0,0.0,6060,6060,2.24069583399978,6060,0,0,171.0019475,171.0019475,nan,168.0019545
HOSP-STD-15-02,15,70,learned_free6060,167.5020265,167.5,0.0,0.0,6060,6060,2.3609506670036353,2130,3930,11,196.052003,nan,nan,nan
HOSP-STD-15-02,15,70,learned_protected6060,167.5020265,167.5,0.0,0.0,6060,6060,2.2608394169947132,4080,1980,5,171.0019475,nan,nan,nan
HOSP-STD-15-02,15,71,uniform3030,171.0021235,171.0,0.0,0.0,3030,3030,1.1282874999888008,3030,0,0,171.0021235,nan,nan,nan
HOSP-STD-15-02,15,71,uniform6060,171.0021235,171.0,0.0,0.0,6060,6060,2.24212312499003,6060,0,0,171.0021235,nan,nan,nan
HOSP-STD-15-02,15,71,dmab3030,168.5019585,168.5,0.0,0.0,3030,3030,1.1984293749992503,0,3030,4,nan,nan,nan,nan
HOSP-STD-15-02,15,71,fixed_portfolio6060,168.5019585,168.5,0.0,0.0,6060,6060,2.326716874988051,3030,3030,4,171.0021235,171.0021235,168.5019585,nan
HOSP-STD-15-02,15,71,two_uniform6060,171.0021235,171.0,0.0,0.0,6060,6060,2.2243982499931008,6060,0,0,171.0021235,171.0021235,nan,173.851968
HOSP-STD-15-02,15,71,learned_free6060,168.5019585,168.5,0.0,0.0,6060,6060,2.4437720410060138,3330,2730,4,196.052003,nan,nan,nan
HOSP-STD-15-02,15,71,learned_protected6060,168.5019585,168.5,0.0,0.0,6060,6060,2.3983138750045327,4680,1380,1,171.0021235,nan,nan,nan
HOSP-STD-15-02,15,72,uniform3030,163.0017205,163.0,0.0,0.0,3030,3030,1.2210447079996811,3030,0,0,163.0017205,nan,nan,nan
HOSP-STD-15-02,15,72,uniform6060,163.0017205,163.0,0.0,0.0,6060,6060,2.4148919169965666,6060,0,0,163.0017205,nan,nan,nan
HOSP-STD-15-02,15,72,dmab3030,168.5019245,168.5,0.0,0.0,3030,3030,1.2315975000092294,0,3030,23,nan,nan,nan,nan
HOSP-STD-15-02,15,72,fixed_portfolio6060,163.0017205,163.0,0.0,0.0,6060,6060,2.4526422080089105,3030,3030,23,163.0017205,163.0017205,168.5019245,nan
HOSP-STD-15-02,15,72,two_uniform6060,163.0017205,163.0,0.0,0.0,6060,6060,2.2971276239986764,6060,0,0,163.0017205,163.0017205,nan,171.5019465
HOSP-STD-15-02,15,72,learned_free6060,163.0017205,163.0,0.0,0.0,6060,6060,2.277999792000628,3030,3030,23,196.052003,nan,nan,nan
HOSP-STD-15-02,15,72,learned_protected6060,163.0017205,163.0,0.0,0.0,6060,6060,2.2907715829933295,4380,1680,15,163.0017205,nan,nan,nan
HOSP-STD-15-02,15,73,uniform3030,167.5017075,167.5,0.0,0.0,3030,3030,1.211001749994466,3030,0,0,167.5017075,nan,nan,nan
HOSP-STD-15-02,15,73,uniform6060,163.5018345,163.5,0.0,0.0,6060,6060,2.4499545829894487,6060,0,0,167.5017075,nan,nan,nan
HOSP-STD-15-02,15,73,dmab3030,165.5019225,165.5,0.0,0.0,3030,3030,1.1864504999975907,0,3030,12,nan,nan,nan,nan
HOSP-STD-15-02,15,73,fixed_portfolio6060,165.5019225,165.5,0.0,0.0,6060,6060,2.3974522499920567,3030,3030,12,167.5017075,167.5017075,165.5019225,nan
HOSP-STD-15-02,15,73,two_uniform6060,167.5017075,167.5,0.0,0.0,6060,6060,2.3598607079911744,6060,0,0,167.5017075,167.5017075,nan,169.5019725
HOSP-STD-15-02,15,73,learned_free6060,161.5018295,161.5,0.0,0.0,6060,6060,2.3328586660063593,2130,3930,12,196.052003,nan,nan,nan
HOSP-STD-15-02,15,73,learned_protected6060,166.5019545,166.5,0.0,0.0,6060,6060,2.323569708998548,4230,1830,2,167.5017075,nan,nan,nan
HOSP-STD-15-02,15,74,uniform3030,168.251764,163.5,2.5,2.5,3030,3030,1.2860401250072755,3030,0,0,168.251764,nan,nan,nan
HOSP-STD-15-02,15,74,uniform6060,168.251764,163.5,2.5,2.5,6060,6060,2.5092710420140065,6060,0,0,168.251764,nan,nan,nan
HOSP-STD-15-02,15,74,dmab3030,172.0018655,172.0,0.0,0.0,3030,3030,1.244928208005149,0,3030,17,nan,nan,nan,nan
HOSP-STD-15-02,15,74,fixed_portfolio6060,168.251764,163.5,2.5,2.5,6060,6060,2.5309683330124244,3030,3030,17,168.251764,168.251764,172.0018655,nan
HOSP-STD-15-02,15,74,two_uniform6060,168.251764,163.5,2.5,2.5,6060,6060,2.3744428330101073,6060,0,0,168.251764,168.251764,nan,174.0019675
HOSP-STD-15-02,15,74,learned_free6060,168.251764,163.5,2.5,2.5,6060,6060,2.391228417007369,3930,2130,11,196.052003,nan,nan,nan
HOSP-STD-15-02,15,74,learned_protected6060,168.251764,163.5,2.5,2.5,6060,6060,2.316740624999511,4530,1530,9,168.251764,nan,nan,nan
HOSP-STD-15-02,15,75,uniform3030,169.0015155,169.0,0.0,0.0,3030,3030,1.2201268339995295,3030,0,0,169.0015155,nan,nan,nan
HOSP-STD-15-02,15,75,uniform6060,169.0015155,169.0,0.0,0.0,6060,6060,2.4455666670110077,6060,0,0,169.0015155,nan,nan,nan
HOSP-STD-15-02,15,75,dmab3030,172.0020195,172.0,0.0,0.0,3030,3030,1.2031717500067316,0,3030,10,nan,nan,nan,nan
HOSP-STD-15-02,15,75,fixed_portfolio6060,169.0015155,169.0,0.0,0.0,6060,6060,2.423298584006261,3030,3030,10,169.0015155,169.0015155,172.0020195,nan
HOSP-STD-15-02,15,75,two_uniform6060,169.0015155,169.0,0.0,0.0,6060,6060,2.355922583999927,6060,0,0,169.0015155,169.0015155,nan,174.0018545
HOSP-STD-15-02,15,75,learned_free6060,172.0020195,172.0,0.0,0.0,6060,6060,2.375237542000832,2580,3480,10,196.052003,nan,nan,nan
HOSP-STD-15-02,15,75,learned_protected6060,169.0015155,169.0,0.0,0.0,6060,6060,2.2921622499998193,4380,1680,10,169.0015155,nan,nan,nan
HOSP-STD-15-02,15,76,uniform3030,171.5019605,171.5,0.0,0.0,3030,3030,1.1265183750074357,3030,0,0,171.5019605,nan,nan,nan
HOSP-STD-15-02,15,76,uniform6060,167.9017085,166.0,1.0,1.0,6060,6060,2.268176208002842,6060,0,0,171.5019605,nan,nan,nan
HOSP-STD-15-02,15,76,dmab3030,174.75199,170.0,2.5,2.5,3030,3030,1.1485540840076283,0,3030,15,nan,nan,nan,nan
HOSP-STD-15-02,15,76,fixed_portfolio6060,171.5019605,171.5,0.0,0.0,6060,6060,2.275072459015064,3030,3030,15,171.5019605,171.5019605,174.75199,nan
HOSP-STD-15-02,15,76,two_uniform6060,167.0017015,167.0,0.0,0.0,6060,6060,2.236210500021116,6060,0,0,171.5019605,171.5019605,nan,167.0017015
HOSP-STD-15-02,15,76,learned_free6060,163.5017225,163.5,0.0,0.0,6060,6060,2.346924500001478,2580,3480,17,196.052003,nan,nan,nan
HOSP-STD-15-02,15,76,learned_protected6060,167.9017085,166.0,1.0,1.0,6060,6060,2.2934287919924827,4830,1230,5,171.5019605,nan,nan,nan
HOSP-STD-15-02,15,77,uniform3030,171.5019365,171.5,0.0,0.0,3030,3030,1.1573358330060728,3030,0,0,171.5019365,nan,nan,nan
HOSP-STD-15-02,15,77,uniform6060,165.5017135,165.5,0.0,0.0,6060,6060,2.264273332999437,6060,0,0,171.5019365,nan,nan,nan
HOSP-STD-15-02,15,77,dmab3030,170.5016755,170.5,0.0,0.0,3030,3030,1.1582718749996275,0,3030,9,nan,nan,nan,nan
HOSP-STD-15-02,15,77,fixed_portfolio6060,170.5016755,170.5,0.0,0.0,6060,6060,2.3156077080057003,3030,3030,9,171.5019365,171.5019365,170.5016755,nan
HOSP-STD-15-02,15,77,two_uniform6060,171.5019365,171.5,0.0,0.0,6060,6060,2.300688123999862,6060,0,0,171.5019365,171.5019365,nan,176.5021805
HOSP-STD-15-02,15,77,learned_free6060,170.5016755,170.5,0.0,0.0,6060,6060,2.2752017919992795,2580,3480,9,196.052003,nan,nan,nan
HOSP-STD-15-02,15,77,learned_protected6060,165.5017135,165.5,0.0,0.0,6060,6060,2.2582394579949323,5280,780,6,171.5019365,nan,nan,nan
HOSP-STD-15-02,15,78,uniform3030,163.0018765,163.0,0.0,0.0,3030,3030,1.1541923750046408,3030,0,0,163.0018765,nan,nan,nan
HOSP-STD-15-02,15,78,uniform6060,163.0018765,163.0,0.0,0.0,6060,6060,2.2846654580062022,6060,0,0,163.0018765,nan,nan,nan
HOSP-STD-15-02,15,78,dmab3030,170.0015235,170.0,0.0,0.0,3030,3030,1.176289374998305,0,3030,13,nan,nan,nan,nan
HOSP-STD-15-02,15,78,fixed_portfolio6060,163.0018765,163.0,0.0,0.0,6060,6060,2.3304817500029458,3030,3030,13,163.0018765,163.0018765,170.0015235,nan
HOSP-STD-15-02,15,78,two_uniform6060,163.0018765,163.0,0.0,0.0,6060,6060,2.3411727500060806,6060,0,0,163.0018765,163.0018765,nan,172.5016995
HOSP-STD-15-02,15,78,learned_free6060,163.0018765,163.0,0.0,0.0,6060,6060,2.337991749998764,3180,2880,13,196.052003,nan,nan,nan
HOSP-STD-15-02,15,78,learned_protected6060,163.0018765,163.0,0.0,0.0,6060,6060,2.3198522919992683,4380,1680,12,163.0018765,nan,nan,nan
HOSP-STD-15-02,15,79,uniform3030,173.0016515,173.0,0.0,0.0,3030,3030,1.1802632499893662,3030,0,0,173.0016515,nan,nan,nan
HOSP-STD-15-02,15,79,uniform6060,167.0015855,167.0,0.0,0.0,6060,6060,2.313852166989818,6060,0,0,173.0016515,nan,nan,nan
HOSP-STD-15-02,15,79,dmab3030,171.5019595,171.5,0.0,0.0,3030,3030,1.1916033749876078,0,3030,3,nan,nan,nan,nan
HOSP-STD-15-02,15,79,fixed_portfolio6060,171.5019595,171.5,0.0,0.0,6060,6060,2.371866624976974,3030,3030,3,173.0016515,173.0016515,171.5019595,nan
HOSP-STD-15-02,15,79,two_uniform6060,158.5017085,158.5,0.0,0.0,6060,6060,2.36097629199503,6060,0,0,173.0016515,173.0016515,nan,158.5017085
HOSP-STD-15-02,15,79,learned_free6060,171.5019595,171.5,0.0,0.0,6060,6060,2.381656124998699,2730,3330,3,196.052003,nan,nan,nan
HOSP-STD-15-02,15,79,learned_protected6060,171.5019595,171.5,0.0,0.0,6060,6060,2.3022876670002006,4380,1680,2,173.0016515,nan,nan,nan
HOSP-STD-15-03,15,60,uniform3030,161.501495,161.5,0.0,0.0,3030,3030,1.1619323330087354,3030,0,0,161.501495,nan,nan,nan
HOSP-STD-15-03,15,60,uniform6060,151.001575,151.0,0.0,0.0,6060,6060,2.3063187490042765,6060,0,0,161.501495,nan,nan,nan
HOSP-STD-15-03,15,60,dmab3030,147.501441,147.5,0.0,0.0,3030,3030,1.1395485839893809,0,3030,17,nan,nan,nan,nan
HOSP-STD-15-03,15,60,fixed_portfolio6060,147.501441,147.5,0.0,0.0,6060,6060,2.3014809169981163,3030,3030,17,161.501495,161.501495,147.501441,nan
HOSP-STD-15-03,15,60,two_uniform6060,158.001408,158.0,0.0,0.0,6060,6060,2.3297675410140073,6060,0,0,161.501495,161.501495,nan,158.001408
HOSP-STD-15-03,15,60,learned_free6060,147.501441,147.5,0.0,0.0,6060,6060,2.3279705419990933,1830,4230,19,173.001258,nan,nan,nan
HOSP-STD-15-03,15,60,learned_protected6060,151.001575,151.0,0.0,0.0,6060,6060,2.292464333004318,5280,780,2,161.501495,nan,nan,nan
HOSP-STD-15-03,15,61,uniform3030,159.001395,159.0,0.0,0.0,3030,3030,1.1468388329958543,3030,0,0,159.001395,nan,nan,nan
HOSP-STD-15-03,15,61,uniform6060,146.501477,146.5,0.0,0.0,6060,6060,2.3117366670048796,6060,0,0,159.001395,nan,nan,nan
HOSP-STD-15-03,15,61,dmab3030,151.501508,151.5,0.0,0.0,3030,3030,1.1720049590076087,0,3030,6,nan,nan,nan,nan
HOSP-STD-15-03,15,61,fixed_portfolio6060,151.501508,151.5,0.0,0.0,6060,6060,2.318843792003463,3030,3030,6,159.001395,159.001395,151.501508,nan
HOSP-STD-15-03,15,61,two_uniform6060,154.501537,154.5,0.0,0.0,6060,6060,2.3251690000033705,6060,0,0,159.001395,159.001395,nan,154.501537
HOSP-STD-15-03,15,61,learned_free6060,151.501508,151.5,0.0,0.0,6060,6060,2.3452461660053814,2730,3330,9,173.001258,nan,nan,nan
HOSP-STD-15-03,15,61,learned_protected6060,146.501477,146.5,0.0,0.0,6060,6060,2.3294417500001146,5130,930,2,159.001395,nan,nan,nan
HOSP-STD-15-03,15,62,uniform3030,150.501489,150.5,0.0,0.0,3030,3030,1.1522193749988219,3030,0,0,150.501489,nan,nan,nan
HOSP-STD-15-03,15,62,uniform6060,150.501489,150.5,0.0,0.0,6060,6060,2.302027416997589,6060,0,0,150.501489,nan,nan,nan
HOSP-STD-15-03,15,62,dmab3030,153.001407,153.0,0.0,0.0,3030,3030,1.2081529999995837,0,3030,12,nan,nan,nan,nan
HOSP-STD-15-03,15,62,fixed_portfolio6060,150.501489,150.5,0.0,0.0,6060,6060,2.3603723749984056,3030,3030,12,150.501489,150.501489,153.001407,nan
HOSP-STD-15-03,15,62,two_uniform6060,150.501489,150.5,0.0,0.0,6060,6060,2.2876698750042124,6060,0,0,150.501489,150.501489,nan,154.001591
HOSP-STD-15-03,15,62,learned_free6060,150.501489,150.5,0.0,0.0,6060,6060,2.3787155419995543,3180,2880,12,173.001258,nan,nan,nan
HOSP-STD-15-03,15,62,learned_protected6060,150.501489,150.5,0.0,0.0,6060,6060,2.330434540999704,4380,1680,6,150.501489,nan,nan,nan
HOSP-STD-15-03,15,63,uniform3030,159.501532,159.5,0.0,0.0,3030,3030,1.1206387919955887,3030,0,0,159.501532,nan,nan,nan
HOSP-STD-15-03,15,63,uniform6060,159.501532,159.5,0.0,0.0,6060,6060,2.3080422920029378,6060,0,0,159.501532,nan,nan,nan
HOSP-STD-15-03,15,63,dmab3030,157.001292,157.0,0.0,0.0,3030,3030,1.22008441700018,0,3030,10,nan,nan,nan,nan
HOSP-STD-15-03,15,63,fixed_portfolio6060,157.001292,157.0,0.0,0.0,6060,6060,2.340723208995769,3030,3030,10,159.501532,159.501532,157.001292,nan
HOSP-STD-15-03,15,63,two_uniform6060,158.501373,158.5,0.0,0.0,6060,6060,2.267593874988961,6060,0,0,159.501532,159.501532,nan,158.501373
HOSP-STD-15-03,15,63,learned_free6060,157.001292,157.0,0.0,0.0,6060,6060,2.383918959007133,3180,2880,9,173.001258,nan,nan,nan
HOSP-STD-15-03,15,63,learned_protected6060,157.001292,157.0,0.0,0.0,6060,6060,2.2880962920025922,4380,1680,7,159.501532,nan,nan,nan
HOSP-STD-15-03,15,64,uniform3030,155.301355,151.5,2.0,2.0,3030,3030,1.1307816249900497,3030,0,0,155.301355,nan,nan,nan
HOSP-STD-15-03,15,64,uniform6060,155.301355,151.5,2.0,2.0,6060,6060,2.2812528339854907,6060,0,0,155.301355,nan,nan,nan
HOSP-STD-15-03,15,64,dmab3030,153.00157,153.0,0.0,0.0,3030,3030,1.2202491670032032,0,3030,11,nan,nan,nan,nan
HOSP-STD-15-03,15,64,fixed_portfolio6060,153.00157,153.0,0.0,0.0,6060,6060,2.351030791993253,3030,3030,11,155.301355,155.301355,153.00157,nan
HOSP-STD-15-03,15,64,two_uniform6060,155.301355,151.5,2.0,2.0,6060,6060,2.3093644169857726,6060,0,0,155.301355,155.301355,nan,155.501429
HOSP-STD-15-03,15,64,learned_free6060,155.301355,151.5,2.0,2.0,6060,6060,2.376613707994693,3930,2130,7,173.001258,nan,nan,nan
HOSP-STD-15-03,15,64,learned_protected6060,155.301355,151.5,2.0,2.0,6060,6060,2.3206616670067888,4380,1680,6,155.301355,nan,nan,nan
HOSP-STD-15-03,15,65,uniform3030,154.501328,154.5,0.0,0.0,3030,3030,1.1660549999942305,3030,0,0,154.501328,nan,nan,nan
HOSP-STD-15-03,15,65,uniform6060,154.501328,154.5,0.0,0.0,6060,6060,2.283109958996647,6060,0,0,154.501328,nan,nan,nan
HOSP-STD-15-03,15,65,dmab3030,154.501367,154.5,0.0,0.0,3030,3030,1.1578707079897868,0,3030,10,nan,nan,nan,nan
HOSP-STD-15-03,15,65,fixed_portfolio6060,154.501328,154.5,0.0,0.0,6060,6060,2.323925707984017,3030,3030,10,154.501328,154.501328,154.501367,nan
HOSP-STD-15-03,15,65,two_uniform6060,154.501328,154.5,0.0,0.0,6060,6060,2.325330124993343,6060,0,0,154.501328,154.501328,nan,165.001315
HOSP-STD-15-03,15,65,learned_free6060,154.501328,154.5,0.0,0.0,6060,6060,2.415440040989779,2430,3630,17,173.001258,nan,nan,nan
HOSP-STD-15-03,15,65,learned_protected6060,154.501328,154.5,0.0,0.0,6060,6060,2.384985584008973,4380,1680,5,154.501328,nan,nan,nan
HOSP-STD-15-03,15,66,uniform3030,162.95151349999998,162.0,0.5,0.5,3030,3030,1.1553968339867424,3030,0,0,162.95151349999998,nan,nan,nan
HOSP-STD-15-03,15,66,uniform6060,150.501371,150.5,0.0,0.0,6060,6060,2.3719733339967206,6060,0,0,162.95151349999998,nan,nan,nan
HOSP-STD-15-03,15,66,dmab3030,146.001504,146.0,0.0,0.0,3030,3030,1.1937626250000903,0,3030,8,nan,nan,nan,nan
HOSP-STD-15-03,15,66,fixed_portfolio6060,146.001504,146.0,0.0,0.0,6060,6060,2.3491594589868328,3030,3030,8,162.95151349999998,162.95151349999998,146.001504,nan
HOSP-STD-15-03,15,66,two_uniform6060,161.001424,161.0,0.0,0.0,6060,6060,2.2866745839855867,6060,0,0,162.95151349999998,162.95151349999998,nan,161.001424
HOSP-STD-15-03,15,66,learned_free6060,146.001504,146.0,0.0,0.0,6060,6060,2.419805291996454,2130,3930,8,173.001258,nan,nan,nan
HOSP-STD-15-03,15,66,learned_protected6060,150.501371,150.5,0.0,0.0,6060,6060,2.3360506660101237,4980,1080,3,162.95151349999998,nan,nan,nan
HOSP-STD-15-03,15,67,uniform3030,158.00158,158.0,0.0,0.0,3030,3030,1.1864924999972573,3030,0,0,158.00158,nan,nan,nan
HOSP-STD-15-03,15,67,uniform6060,155.501525,155.5,0.0,0.0,6060,6060,2.373632540999097,6060,0,0,158.00158,nan,nan,nan
HOSP-STD-15-03,15,67,dmab3030,173.00125,173.0,0.0,0.0,3030,3030,1.1901864590035984,0,3030,8,nan,nan,nan,nan
HOSP-STD-15-03,15,67,fixed_portfolio6060,158.00158,158.0,0.0,0.0,6060,6060,2.3766789590008557,3030,3030,8,158.00158,158.00158,173.00125,nan
HOSP-STD-15-03,15,67,two_uniform6060,155.501327,155.5,0.0,0.0,6060,6060,2.366615791004733,6060,0,0,158.00158,158.00158,nan,155.501327
HOSP-STD-15-03,15,67,learned_free6060,158.00158,158.0,0.0,0.0,6060,6060,2.3705004999937955,4080,1980,3,173.001258,nan,nan,nan
HOSP-STD-15-03,15,67,learned_protected6060,155.501525,155.5,0.0,0.0,6060,6060,2.3488587080064462,4530,1530,3,158.00158,nan,nan,nan
HOSP-STD-15-03,15,68,uniform3030,157.501657,157.5,0.0,0.0,3030,3030,1.175395333004417,3030,0,0,157.501657,nan,nan,nan
HOSP-STD-15-03,15,68,uniform6060,151.001426,151.0,0.0,0.0,6060,6060,2.332193207999808,6060,0,0,157.501657,nan,nan,nan
HOSP-STD-15-03,15,68,dmab3030,154.5013,154.5,0.0,0.0,3030,3030,1.229612957991776,0,3030,3,nan,nan,nan,nan
HOSP-STD-15-03,15,68,fixed_portfolio6060,154.5013,154.5,0.0,0.0,6060,6060,2.405008290996193,3030,3030,3,157.501657,157.501657,154.5013,nan
HOSP-STD-15-03,15,68,two_uniform6060,157.501657,157.5,0.0,0.0,6060,6060,2.3179372919985326,6060,0,0,157.501657,157.501657,nan,158.001593
HOSP-STD-15-03,15,68,learned_free6060,154.5013,154.5,0.0,0.0,6060,6060,2.473781874999986,1830,4230,9,173.001258,nan,nan,nan
HOSP-STD-15-03,15,68,learned_protected6060,157.501657,157.5,0.0,0.0,6060,6060,2.3885327090101782,4380,1680,1,157.501657,nan,nan,nan
HOSP-STD-15-03,15,69,uniform3030,155.45141149999998,154.5,0.5,0.5,3030,3030,1.1418472499935888,3030,0,0,155.45141149999998,nan,nan,nan
HOSP-STD-15-03,15,69,uniform6060,150.501335,150.5,0.0,0.0,6060,6060,2.274491499993019,6060,0,0,155.45141149999998,nan,nan,nan
HOSP-STD-15-03,15,69,dmab3030,160.5014,160.5,0.0,0.0,3030,3030,1.1988647500111256,0,3030,11,nan,nan,nan,nan
HOSP-STD-15-03,15,69,fixed_portfolio6060,155.45141149999998,154.5,0.5,0.5,6060,6060,2.3407120000047144,3030,3030,11,155.45141149999998,155.45141149999998,160.5014,nan
HOSP-STD-15-03,15,69,two_uniform6060,150.001331,150.0,0.0,0.0,6060,6060,2.2878667909826618,6060,0,0,155.45141149999998,155.45141149999998,nan,150.001331
HOSP-STD-15-03,15,69,learned_free6060,155.45141149999998,154.5,0.5,0.5,6060,6060,2.3791631250060163,2880,3180,11,173.001258,nan,nan,nan
HOSP-STD-15-03,15,69,learned_protected6060,150.501335,150.5,0.0,0.0,6060,6060,2.3311007500014966,4980,1080,1,155.45141149999998,nan,nan,nan
HOSP-STD-15-03,15,70,uniform3030,163.001444,163.0,0.0,0.0,3030,3030,1.1575378749985248,3030,0,0,163.001444,nan,nan,nan
HOSP-STD-15-03,15,70,uniform6060,149.501512,149.5,0.0,0.0,6060,6060,2.2682361669867532,6060,0,0,163.001444,nan,nan,nan
HOSP-STD-15-03,15,70,dmab3030,169.00151,169.0,0.0,0.0,3030,3030,1.2178389159962535,0,3030,16,nan,nan,nan,nan
HOSP-STD-15-03,15,70,fixed_portfolio6060,163.001444,163.0,0.0,0.0,6060,6060,2.3753767909947783,3030,3030,16,163.001444,163.001444,169.00151,nan
HOSP-STD-15-03,15,70,two_uniform6060,154.001342,154.0,0.0,0.0,6060,6060,2.347724167004344,6060,0,0,163.001444,163.001444,nan,154.001342
HOSP-STD-15-03,15,70,learned_free6060,163.001444,163.0,0.0,0.0,6060,6060,2.3763452090061037,2880,3180,16,173.001258,nan,nan,nan
HOSP-STD-15-03,15,70,learned_protected6060,149.501512,149.5,0.0,0.0,6060,6060,2.4058947089943103,5730,330,0,163.001444,nan,nan,nan
HOSP-STD-15-03,15,71,uniform3030,160.001426,160.0,0.0,0.0,3030,3030,1.2001175000041258,3030,0,0,160.001426,nan,nan,nan
HOSP-STD-15-03,15,71,uniform6060,152.501473,152.5,0.0,0.0,6060,6060,2.348043667007005,6060,0,0,160.001426,nan,nan,nan
HOSP-STD-15-03,15,71,dmab3030,154.001362,154.0,0.0,0.0,3030,3030,1.2260723749932367,0,3030,10,nan,nan,nan,nan
HOSP-STD-15-03,15,71,fixed_portfolio6060,154.001362,154.0,0.0,0.0,6060,6060,2.4261898749973625,3030,3030,10,160.001426,160.001426,154.001362,nan
HOSP-STD-15-03,15,71,two_uniform6060,155.501327,155.5,0.0,0.0,6060,6060,2.3557155410089763,6060,0,0,160.001426,160.001426,nan,155.501327
HOSP-STD-15-03,15,71,learned_free6060,157.001365,157.0,0.0,0.0,6060,6060,2.4089260830078274,3480,2580,9,173.001258,nan,nan,nan
HOSP-STD-15-03,15,71,learned_protected6060,152.501473,152.5,0.0,0.0,6060,6060,2.4290172080072807,4830,1230,4,160.001426,nan,nan,nan
HOSP-STD-15-03,15,72,uniform3030,154.501356,154.5,0.0,0.0,3030,3030,1.2421412080002483,3030,0,0,154.501356,nan,nan,nan
HOSP-STD-15-03,15,72,uniform6060,154.501356,154.5,0.0,0.0,6060,6060,2.4245265829958953,6060,0,0,154.501356,nan,nan,nan
HOSP-STD-15-03,15,72,dmab3030,161.501367,161.5,0.0,0.0,3030,3030,1.2471571670030244,0,3030,9,nan,nan,nan,nan
HOSP-STD-15-03,15,72,fixed_portfolio6060,154.501356,154.5,0.0,0.0,6060,6060,2.4892983750032727,3030,3030,9,154.501356,154.501356,161.501367,nan
HOSP-STD-15-03,15,72,two_uniform6060,154.501356,154.5,0.0,0.0,6060,6060,2.4278464160015574,6060,0,0,154.501356,154.501356,nan,164.001487
HOSP-STD-15-03,15,72,learned_free6060,154.501356,154.5,0.0,0.0,6060,6060,2.405912583999452,3330,2730,7,173.001258,nan,nan,nan
HOSP-STD-15-03,15,72,learned_protected6060,154.501356,154.5,0.0,0.0,6060,6060,2.4456740410096245,4380,1680,5,154.501356,nan,nan,nan
HOSP-STD-15-03,15,73,uniform3030,163.501601,163.5,0.0,0.0,3030,3030,1.1707492919958895,3030,0,0,163.501601,nan,nan,nan
HOSP-STD-15-03,15,73,uniform6060,156.001564,156.0,0.0,0.0,6060,6060,2.3247350009914953,6060,0,0,163.501601,nan,nan,nan
HOSP-STD-15-03,15,73,dmab3030,150.001459,150.0,0.0,0.0,3030,3030,1.2717566670035012,0,3030,6,nan,nan,nan,nan
HOSP-STD-15-03,15,73,fixed_portfolio6060,150.001459,150.0,0.0,0.0,6060,6060,2.4425059589993907,3030,3030,6,163.501601,163.501601,150.001459,nan
HOSP-STD-15-03,15,73,two_uniform6060,151.501336,151.5,0.0,0.0,6060,6060,2.336384416994406,6060,0,0,163.501601,163.501601,nan,151.501336
HOSP-STD-15-03,15,73,learned_free6060,150.001459,150.0,0.0,0.0,6060,6060,2.4084181660000468,2880,3180,6,173.001258,nan,nan,nan
HOSP-STD-15-03,15,73,learned_protected6060,160.501585,160.5,0.0,0.0,6060,6060,2.4307555419945857,4680,1380,5,163.501601,nan,nan,nan
HOSP-STD-15-03,15,74,uniform3030,160.501425,160.5,0.0,0.0,3030,3030,1.176951999994344,3030,0,0,160.501425,nan,nan,nan
HOSP-STD-15-03,15,74,uniform6060,150.501515,150.5,0.0,0.0,6060,6060,2.396331833995646,6060,0,0,160.501425,nan,nan,nan
HOSP-STD-15-03,15,74,dmab3030,155.50127,155.5,0.0,0.0,3030,3030,1.260779124990222,0,3030,9,nan,nan,nan,nan
HOSP-STD-15-03,15,74,fixed_portfolio6060,155.50127,155.5,0.0,0.0,6060,6060,2.437731124984566,3030,3030,9,160.501425,160.501425,155.50127,nan
HOSP-STD-15-03,15,74,two_uniform6060,160.501425,160.5,0.0,0.0,6060,6060,2.378417708998313,6060,0,0,160.501425,160.501425,nan,163.001781
HOSP-STD-15-03,15,74,learned_free6060,155.50127,155.5,0.0,0.0,6060,6060,2.4993380419909954,3480,2580,9,173.001258,nan,nan,nan
HOSP-STD-15-03,15,74,learned_protected6060,150.501515,150.5,0.0,0.0,6060,6060,2.4742337920033606,4080,1980,8,160.501425,nan,nan,nan
HOSP-STD-15-03,15,75,uniform3030,155.501384,155.5,0.0,0.0,3030,3030,1.1772867079998832,3030,0,0,155.501384,nan,nan,nan
HOSP-STD-15-03,15,75,uniform6060,155.501384,155.5,0.0,0.0,6060,6060,2.3965354160027346,6060,0,0,155.501384,nan,nan,nan
HOSP-STD-15-03,15,75,dmab3030,160.001279,160.0,0.0,0.0,3030,3030,1.2329420000023674,0,3030,3,nan,nan,nan,nan
HOSP-STD-15-03,15,75,fixed_portfolio6060,155.501384,155.5,0.0,0.0,6060,6060,2.4102287080022506,3030,3030,3,155.501384,155.501384,160.001279,nan
HOSP-STD-15-03,15,75,two_uniform6060,155.501318,155.5,0.0,0.0,6060,6060,2.384313040995039,6060,0,0,155.501384,155.501384,nan,155.501318
HOSP-STD-15-03,15,75,learned_free6060,155.501384,155.5,0.0,0.0,6060,6060,2.4442368329910096,2880,3180,8,173.001258,nan,nan,nan
HOSP-STD-15-03,15,75,learned_protected6060,155.501384,155.5,0.0,0.0,6060,6060,2.4332580840127775,4530,1530,2,155.501384,nan,nan,nan
HOSP-STD-15-03,15,76,uniform3030,157.9516075,157.0,0.5,0.5,3030,3030,1.1373640420060838,3030,0,0,157.9516075,nan,nan,nan
HOSP-STD-15-03,15,76,uniform6060,157.9516075,157.0,0.5,0.5,6060,6060,2.3322393749986077,6060,0,0,157.9516075,nan,nan,nan
HOSP-STD-15-03,15,76,dmab3030,160.501454,160.5,0.0,0.0,3030,3030,1.2102241670072544,0,3030,11,nan,nan,nan,nan
HOSP-STD-15-03,15,76,fixed_portfolio6060,157.9516075,157.0,0.5,0.5,6060,6060,2.347588209013338,3030,3030,11,157.9516075,157.9516075,160.501454,nan
HOSP-STD-15-03,15,76,two_uniform6060,157.9516075,157.0,0.5,0.5,6060,6060,2.3572382500133244,6060,0,0,157.9516075,157.9516075,nan,160.001333
HOSP-STD-15-03,15,76,learned_free6060,157.9516075,157.0,0.5,0.5,6060,6060,2.468786832992919,3330,2730,9,173.001258,nan,nan,nan
HOSP-STD-15-03,15,76,learned_protected6060,157.9516075,157.0,0.5,0.5,6060,6060,2.3827210829913383,4680,1380,6,157.9516075,nan,nan,nan
HOSP-STD-15-03,15,77,uniform3030,162.50149,162.5,0.0,0.0,3030,3030,1.1742364579986315,3030,0,0,162.50149,nan,nan,nan
HOSP-STD-15-03,15,77,uniform6060,161.501687,161.5,0.0,0.0,6060,6060,2.3972944999986794,6060,0,0,162.50149,nan,nan,nan
HOSP-STD-15-03,15,77,dmab3030,160.001321,160.0,0.0,0.0,3030,3030,1.2731772080005612,0,3030,6,nan,nan,nan,nan
HOSP-STD-15-03,15,77,fixed_portfolio6060,160.001321,160.0,0.0,0.0,6060,6060,2.4474136659991927,3030,3030,6,162.50149,162.50149,160.001321,nan
HOSP-STD-15-03,15,77,two_uniform6060,162.50149,162.5,0.0,0.0,6060,6060,2.3153253329946892,6060,0,0,162.50149,162.50149,nan,164.501291
HOSP-STD-15-03,15,77,learned_free6060,160.001321,160.0,0.0,0.0,6060,6060,2.456452624988742,3030,3030,6,173.001258,nan,nan,nan
HOSP-STD-15-03,15,77,learned_protected6060,160.001321,160.0,0.0,0.0,6060,6060,2.4220937920035794,4530,1530,3,162.50149,nan,nan,nan
HOSP-STD-15-03,15,78,uniform3030,153.00149,153.0,0.0,0.0,3030,3030,1.2109812080016127,3030,0,0,153.00149,nan,nan,nan
HOSP-STD-15-03,15,78,uniform6060,153.00149,153.0,0.0,0.0,6060,6060,2.37849049999204,6060,0,0,153.00149,nan,nan,nan
HOSP-STD-15-03,15,78,dmab3030,167.001357,167.0,0.0,0.0,3030,3030,1.2476248330058297,0,3030,3,nan,nan,nan,nan
HOSP-STD-15-03,15,78,fixed_portfolio6060,153.00149,153.0,0.0,0.0,6060,6060,2.4586060410074424,3030,3030,3,153.00149,153.00149,167.001357,nan
HOSP-STD-15-03,15,78,two_uniform6060,153.00149,153.0,0.0,0.0,6060,6060,2.4390396250091726,6060,0,0,153.00149,153.00149,nan,154.501391
HOSP-STD-15-03,15,78,learned_free6060,153.00149,153.0,0.0,0.0,6060,6060,2.4816942920006113,4230,1830,1,173.001258,nan,nan,nan
HOSP-STD-15-03,15,78,learned_protected6060,153.00149,153.0,0.0,0.0,6060,6060,2.451583332993323,4530,1530,1,153.00149,nan,nan,nan
HOSP-STD-15-03,15,79,uniform3030,147.001266,147.0,0.0,0.0,3030,3030,1.1821031250001397,3030,0,0,147.001266,nan,nan,nan
HOSP-STD-15-03,15,79,uniform6060,146.501296,146.5,0.0,0.0,6060,6060,2.3898991249880055,6060,0,0,147.001266,nan,nan,nan
HOSP-STD-15-03,15,79,dmab3030,154.501576,154.5,0.0,0.0,3030,3030,1.2556660000118427,0,3030,11,nan,nan,nan,nan
HOSP-STD-15-03,15,79,fixed_portfolio6060,147.001266,147.0,0.0,0.0,6060,6060,2.4377691250119824,3030,3030,11,147.001266,147.001266,154.501576,nan
HOSP-STD-15-03,15,79,two_uniform6060,147.001266,147.0,0.0,0.0,6060,6060,2.3959120840008836,6060,0,0,147.001266,147.001266,nan,152.001543
HOSP-STD-15-03,15,79,learned_free6060,147.001266,147.0,0.0,0.0,6060,6060,2.4786637499928474,3780,2280,10,173.001258,nan,nan,nan
HOSP-STD-15-03,15,79,learned_protected6060,147.001266,147.0,0.0,0.0,6060,6060,2.5459591249964433,4230,1830,9,147.001266,nan,nan,nan
HOSP-STD-20-01,20,60,uniform3030,178.5028435,178.5,0.0,0.0,3030,3030,1.8910386250063311,3030,0,0,178.5028435,nan,nan,nan
HOSP-STD-20-01,20,60,uniform6060,178.5028435,178.5,0.0,0.0,6060,6060,3.78283433400793,6060,0,0,178.5028435,nan,nan,nan
HOSP-STD-20-01,20,60,dmab3030,176.5026425,176.5,0.0,0.0,3030,3030,2.005363624994061,0,3030,13,nan,nan,nan,nan
HOSP-STD-20-01,20,60,fixed_portfolio6060,176.5026425,176.5,0.0,0.0,6060,6060,3.896402250000392,3030,3030,13,178.5028435,178.5028435,176.5026425,nan
HOSP-STD-20-01,20,60,two_uniform6060,178.5028435,178.5,0.0,0.0,6060,6060,3.7516728750051698,6060,0,0,178.5028435,178.5028435,nan,182.0031645
HOSP-STD-20-01,20,60,learned_free6060,176.5026425,176.5,0.0,0.0,6060,6060,4.068235917002312,2280,3780,20,182.0031645,nan,nan,nan
HOSP-STD-20-01,20,60,learned_protected6060,178.5028435,178.5,0.0,0.0,6060,6060,3.8663819170033094,4680,1380,8,178.5028435,nan,nan,nan
HOSP-STD-20-01,20,61,uniform3030,182.0031245,182.0,0.0,0.0,3030,3030,1.8970695000025444,3030,0,0,182.0031245,nan,nan,nan
HOSP-STD-20-01,20,61,uniform6060,182.0031245,182.0,0.0,0.0,6060,6060,3.7807029590039747,6060,0,0,182.0031245,nan,nan,nan
HOSP-STD-20-01,20,61,dmab3030,180.5030305,180.5,0.0,0.0,3030,3030,1.9545018750068266,0,3030,9,nan,nan,nan,nan
HOSP-STD-20-01,20,61,fixed_portfolio6060,180.5030305,180.5,0.0,0.0,6060,6060,3.851571375009371,3030,3030,9,182.0031245,182.0031245,180.5030305,nan
HOSP-STD-20-01,20,61,two_uniform6060,180.0027715,180.0,0.0,0.0,6060,6060,3.8040736249968177,6060,0,0,182.0031245,182.0031245,nan,180.0027715
HOSP-STD-20-01,20,61,learned_free6060,180.5030305,180.5,0.0,0.0,6060,6060,4.1147059589857236,2280,3780,10,182.0031645,nan,nan,nan
HOSP-STD-20-01,20,61,learned_protected6060,182.0031245,182.0,0.0,0.0,6060,6060,3.8427962080022553,4380,1680,9,182.0031245,nan,nan,nan
HOSP-STD-20-01,20,62,uniform3030,182.0028135,182.0,0.0,0.0,3030,3030,1.894822665999527,3030,0,0,182.0028135,nan,nan,nan
HOSP-STD-20-01,20,62,uniform6060,182.0028135,182.0,0.0,0.0,6060,6060,3.8592836249881657,6060,0,0,182.0028135,nan,nan,nan
HOSP-STD-20-01,20,62,dmab3030,182.0031645,182.0,0.0,0.0,3030,3030,1.9088670409983024,0,3030,10,nan,nan,nan,nan
HOSP-STD-20-01,20,62,fixed_portfolio6060,182.0028135,182.0,0.0,0.0,6060,6060,3.8036897069978295,3030,3030,10,182.0028135,182.0028135,182.0031645,nan
HOSP-STD-20-01,20,62,two_uniform6060,182.0028135,182.0,0.0,0.0,6060,6060,3.954422123992117,6060,0,0,182.0028135,182.0028135,nan,182.0031605
HOSP-STD-20-01,20,62,learned_free6060,182.0028135,182.0,0.0,0.0,6060,6060,3.9336201670084847,3330,2730,9,182.0031645,nan,nan,nan
HOSP-STD-20-01,20,62,learned_protected6060,182.0028135,182.0,0.0,0.0,6060,6060,3.9354954169975827,4530,1530,9,182.0028135,nan,nan,nan
HOSP-STD-20-01,20,63,uniform3030,182.0031645,182.0,0.0,0.0,3030,3030,1.9403380409930833,3030,0,0,182.0031645,nan,nan,nan
HOSP-STD-20-01,20,63,uniform6060,182.0031645,182.0,0.0,0.0,6060,6060,3.9027939579973463,6060,0,0,182.0031645,nan,nan,nan
HOSP-STD-20-01,20,63,dmab3030,181.5029965,181.5,0.0,0.0,3030,3030,1.9913681250036461,0,3030,15,nan,nan,nan,nan
HOSP-STD-20-01,20,63,fixed_portfolio6060,181.5029965,181.5,0.0,0.0,6060,6060,3.9317061659967294,3030,3030,15,182.0031645,182.0031645,181.5029965,nan
HOSP-STD-20-01,20,63,two_uniform6060,182.0031645,182.0,0.0,0.0,6060,6060,4.065694582997821,6060,0,0,182.0031645,182.0031645,nan,182.0031645
HOSP-STD-20-01,20,63,learned_free6060,181.5029965,181.5,0.0,0.0,6060,6060,4.080755666989717,2880,3180,16,182.0031645,nan,nan,nan
HOSP-STD-20-01,20,63,learned_protected6060,181.5029965,181.5,0.0,0.0,6060,6060,4.008422916987911,4230,1830,6,182.0031645,nan,nan,nan
HOSP-STD-20-01,20,64,uniform3030,182.0031645,182.0,0.0,0.0,3030,3030,1.923990125011187,3030,0,0,182.0031645,nan,nan,nan
HOSP-STD-20-01,20,64,uniform6060,182.0031645,182.0,0.0,0.0,6060,6060,3.810588959007873,6060,0,0,182.0031645,nan,nan,nan
HOSP-STD-20-01,20,64,dmab3030,179.5026425,179.5,0.0,0.0,3030,3030,1.9837535000115167,0,3030,21,nan,nan,nan,nan
HOSP-STD-20-01,20,64,fixed_portfolio6060,179.5026425,179.5,0.0,0.0,6060,6060,3.907743625022704,3030,3030,21,182.0031645,182.0031645,179.5026425,nan
HOSP-STD-20-01,20,64,two_uniform6060,180.0031605,180.0,0.0,0.0,6060,6060,3.94450870800938,6060,0,0,182.0031645,182.0031645,nan,180.0031605
HOSP-STD-20-01,20,64,learned_free6060,179.5026425,179.5,0.0,0.0,6060,6060,3.9745243749930523,2430,3630,24,182.0031645,nan,nan,nan
HOSP-STD-20-01,20,64,learned_protected6060,181.0029555,181.0,0.0,0.0,6060,6060,3.9294786660029786,4230,1830,15,182.0031645,nan,nan,nan
HOSP-STD-20-01,20,65,uniform3030,182.0031645,182.0,0.0,0.0,3030,3030,1.921121833001962,3030,0,0,182.0031645,nan,nan,nan
HOSP-STD-20-01,20,65,uniform6060,182.0031645,182.0,0.0,0.0,6060,6060,3.837148791993968,6060,0,0,182.0031645,nan,nan,nan
HOSP-STD-20-01,20,65,dmab3030,170.5028135,170.5,0.0,0.0,3030,3030,2.0004912090080325,0,3030,15,nan,nan,nan,nan
HOSP-STD-20-01,20,65,fixed_portfolio6060,170.5028135,170.5,0.0,0.0,6060,6060,3.9216130420099944,3030,3030,15,182.0031645,182.0031645,170.5028135,nan
HOSP-STD-20-01,20,65,two_uniform6060,181.5028175,181.5,0.0,0.0,6060,6060,3.9417031240009237,6060,0,0,182.0031645,182.0031645,nan,181.5028175
HOSP-STD-20-01,20,65,learned_free6060,170.5028135,170.5,0.0,0.0,6060,6060,3.9922677080030553,2880,3180,18,182.0031645,nan,nan,nan
HOSP-STD-20-01,20,65,learned_protected6060,170.5028135,170.5,0.0,0.0,6060,6060,3.9301585420034826,4080,1980,11,182.0031645,nan,nan,nan
HOSP-STD-20-01,20,66,uniform3030,181.5031095,181.5,0.0,0.0,3030,3030,1.9157314579933882,3030,0,0,181.5031095,nan,nan,nan
HOSP-STD-20-01,20,66,uniform6060,181.5031095,181.5,0.0,0.0,6060,6060,3.8871526239963714,6060,0,0,181.5031095,nan,nan,nan
HOSP-STD-20-01,20,66,dmab3030,179.0025365,179.0,0.0,0.0,3030,3030,2.126121624998632,0,3030,7,nan,nan,nan,nan
HOSP-STD-20-01,20,66,fixed_portfolio6060,179.0025365,179.0,0.0,0.0,6060,6060,4.04185308299202,3030,3030,7,181.5031095,181.5031095,179.0025365,nan
HOSP-STD-20-01,20,66,two_uniform6060,181.5030375,181.5,0.0,0.0,6060,6060,3.87443041599181,6060,0,0,181.5031095,181.5031095,nan,181.5030375
HOSP-STD-20-01,20,66,learned_free6060,179.0025365,179.0,0.0,0.0,6060,6060,3.9643467080022674,1980,4080,15,182.0031645,nan,nan,nan
HOSP-STD-20-01,20,66,learned_protected6060,179.0027225,179.0,0.0,0.0,6060,6060,4.108715916998335,4530,1530,2,181.5031095,nan,nan,nan
HOSP-STD-20-01,20,67,uniform3030,179.0030925,179.0,0.0,0.0,3030,3030,1.9722889170079725,3030,0,0,179.0030925,nan,nan,nan
HOSP-STD-20-01,20,67,uniform6060,179.0030925,179.0,0.0,0.0,6060,6060,4.003360792004969,6060,0,0,179.0030925,nan,nan,nan
HOSP-STD-20-01,20,67,dmab3030,180.0030185,180.0,0.0,0.0,3030,3030,2.1528586669883225,0,3030,18,nan,nan,nan,nan
HOSP-STD-20-01,20,67,fixed_portfolio6060,179.0030925,179.0,0.0,0.0,6060,6060,4.125147583996295,3030,3030,18,179.0030925,179.0030925,180.0030185,nan
HOSP-STD-20-01,20,67,two_uniform6060,179.0030925,179.0,0.0,0.0,6060,6060,3.9158621250098804,6060,0,0,179.0030925,179.0030925,nan,181.0030005
HOSP-STD-20-01,20,67,learned_free6060,179.0030925,179.0,0.0,0.0,6060,6060,4.01904425000248,3180,2880,16,182.0031645,nan,nan,nan
HOSP-STD-20-01,20,67,learned_protected6060,179.0030925,179.0,0.0,0.0,6060,6060,4.413769833001425,4530,1530,6,179.0030925,nan,nan,nan
HOSP-STD-20-01,20,68,uniform3030,182.0031645,182.0,0.0,0.0,3030,3030,2.155425416000071,3030,0,0,182.0031645,nan,nan,nan
HOSP-STD-20-01,20,68,uniform6060,182.0031645,182.0,0.0,0.0,6060,6060,4.3086772080132505,6060,0,0,182.0031645,nan,nan,nan
HOSP-STD-20-01,20,68,dmab3030,182.0031645,182.0,0.0,0.0,3030,3030,2.0690482079953654,0,3030,20,nan,nan,nan,nan
HOSP-STD-20-01,20,68,fixed_portfolio6060,182.0031645,182.0,0.0,0.0,6060,6060,4.224473623995436,3030,3030,20,182.0031645,182.0031645,182.0031645,nan
HOSP-STD-20-01,20,68,two_uniform6060,182.0031645,182.0,0.0,0.0,6060,6060,4.170356125003309,6060,0,0,182.0031645,182.0031645,nan,182.0031645
HOSP-STD-20-01,20,68,learned_free6060,182.0031645,182.0,0.0,0.0,6060,6060,4.5793836250086315,3030,3030,20,182.0031645,nan,nan,nan
HOSP-STD-20-01,20,68,learned_protected6060,182.0031645,182.0,0.0,0.0,6060,6060,5.311454624999897,4530,1530,12,182.0031645,nan,nan,nan
HOSP-STD-20-01,20,69,uniform3030,180.0028125,180.0,0.0,0.0,3030,3030,2.1341061669954797,3030,0,0,180.0028125,nan,nan,nan
HOSP-STD-20-01,20,69,uniform6060,180.0028125,180.0,0.0,0.0,6060,6060,4.265083916994627,6060,0,0,180.0028125,nan,nan,nan
HOSP-STD-20-01,20,69,dmab3030,177.5028625,177.5,0.0,0.0,3030,3030,2.0067254589957884,0,3030,17,nan,nan,nan,nan
HOSP-STD-20-01,20,69,fixed_portfolio6060,177.5028625,177.5,0.0,0.0,6060,6060,4.140831625991268,3030,3030,17,180.0028125,180.0028125,177.5028625,nan
HOSP-STD-20-01,20,69,two_uniform6060,180.0028125,180.0,0.0,0.0,6060,6060,4.271409416993265,6060,0,0,180.0028125,180.0028125,nan,182.0031645
HOSP-STD-20-01,20,69,learned_free6060,177.5028625,177.5,0.0,0.0,6060,6060,4.638106750004226,2880,3180,17,182.0031645,nan,nan,nan
HOSP-STD-20-01,20,69,learned_protected6060,177.5028625,177.5,0.0,0.0,6060,6060,5.167932457989082,4080,1980,8,180.0028125,nan,nan,nan
HOSP-STD-20-01,20,70,uniform3030,182.0027265,182.0,0.0,0.0,3030,3030,2.1413921659986954,3030,0,0,182.0027265,nan,nan,nan
HOSP-STD-20-01,20,70,uniform6060,182.0027265,182.0,0.0,0.0,6060,6060,4.133230123989051,6060,0,0,182.0027265,nan,nan,nan
HOSP-STD-20-01,20,70,dmab3030,182.0031245,182.0,0.0,0.0,3030,3030,2.0347012919955887,0,3030,15,nan,nan,nan,nan
HOSP-STD-20-01,20,70,fixed_portfolio6060,182.0027265,182.0,0.0,0.0,6060,6060,4.176093457994284,3030,3030,15,182.0027265,182.0027265,182.0031245,nan
HOSP-STD-20-01,20,70,two_uniform6060,182.0027265,182.0,0.0,0.0,6060,6060,4.436023040994769,6060,0,0,182.0027265,182.0027265,nan,182.0031245
HOSP-STD-20-01,20,70,learned_free6060,182.0027265,182.0,0.0,0.0,6060,6060,5.068358542004717,3180,2880,15,182.0031645,nan,nan,nan
HOSP-STD-20-01,20,70,learned_protected6060,182.0027265,182.0,0.0,0.0,6060,6060,4.595323625006131,4530,1530,6,182.0027265,nan,nan,nan
HOSP-STD-20-01,20,71,uniform3030,179.0030815,179.0,0.0,0.0,3030,3030,2.048305584001355,3030,0,0,179.0030815,nan,nan,nan
HOSP-STD-20-01,20,71,uniform6060,179.0030815,179.0,0.0,0.0,6060,6060,4.054362292008591,6060,0,0,179.0030815,nan,nan,nan
HOSP-STD-20-01,20,71,dmab3030,182.0031645,182.0,0.0,0.0,3030,3030,2.297549875002005,0,3030,21,nan,nan,nan,nan
HOSP-STD-20-01,20,71,fixed_portfolio6060,179.0030815,179.0,0.0,0.0,6060,6060,4.34585545900336,3030,3030,21,179.0030815,179.0030815,182.0031645,nan
HOSP-STD-20-01,20,71,two_uniform6060,179.0030815,179.0,0.0,0.0,6060,6060,4.344343834003666,6060,0,0,179.0030815,179.0030815,nan,182.0031645
HOSP-STD-20-01,20,71,learned_free6060,179.0030815,179.0,0.0,0.0,6060,6060,5.532722542004194,2880,3180,21,182.0031645,nan,nan,nan
HOSP-STD-20-01,20,71,learned_protected6060,179.0030815,179.0,0.0,0.0,6060,6060,4.01301995900576,4680,1380,8,179.0030815,nan,nan,nan
HOSP-STD-20-01,20,72,uniform3030,181.5028635,181.5,0.0,0.0,3030,3030,1.970216582994908,3030,0,0,181.5028635,nan,nan,nan
HOSP-STD-20-01,20,72,uniform6060,181.5028635,181.5,0.0,0.0,6060,6060,3.746280374994967,6060,0,0,181.5028635,nan,nan,nan
HOSP-STD-20-01,20,72,dmab3030,172.5030135,172.5,0.0,0.0,3030,3030,1.8234838750067865,0,3030,14,nan,nan,nan,nan
HOSP-STD-20-01,20,72,fixed_portfolio6060,172.5030135,172.5,0.0,0.0,6060,6060,3.7937004580016946,3030,3030,14,181.5028635,181.5028635,172.5030135,nan
HOSP-STD-20-01,20,72,two_uniform6060,181.5028635,181.5,0.0,0.0,6060,6060,3.7805906659923494,6060,0,0,181.5028635,181.5028635,nan,182.0028805
HOSP-STD-20-01,20,72,learned_free6060,172.5030135,172.5,0.0,0.0,6060,6060,3.6993153330113273,2580,3480,14,182.0031645,nan,nan,nan
HOSP-STD-20-01,20,72,learned_protected6060,172.5030135,172.5,0.0,0.0,6060,6060,4.007399207999697,4080,1980,4,181.5028635,nan,nan,nan
HOSP-STD-20-01,20,73,uniform3030,181.0030465,181.0,0.0,0.0,3030,3030,1.917932958007441,3030,0,0,181.0030465,nan,nan,nan
HOSP-STD-20-01,20,73,uniform6060,181.0030465,181.0,0.0,0.0,6060,6060,3.729413249006029,6060,0,0,181.0030465,nan,nan,nan
HOSP-STD-20-01,20,73,dmab3030,182.0031645,182.0,0.0,0.0,3030,3030,1.820109374995809,0,3030,6,nan,nan,nan,nan
HOSP-STD-20-01,20,73,fixed_portfolio6060,181.0030465,181.0,0.0,0.0,6060,6060,3.73804233300325,3030,3030,6,181.0030465,181.0030465,182.0031645,nan
HOSP-STD-20-01,20,73,two_uniform6060,179.0030125,179.0,0.0,0.0,6060,6060,3.685504708017106,6060,0,0,181.0030465,181.0030465,nan,179.0030125
HOSP-STD-20-01,20,73,learned_free6060,181.0030465,181.0,0.0,0.0,6060,6060,3.65279270800238,3030,3030,6,182.0031645,nan,nan,nan
HOSP-STD-20-01,20,73,learned_protected6060,181.0030465,181.0,0.0,0.0,6060,6060,4.033349333010847,4530,1530,4,181.0030465,nan,nan,nan
HOSP-STD-20-01,20,74,uniform3030,182.0031645,182.0,0.0,0.0,3030,3030,1.7726271669962443,3030,0,0,182.0031645,nan,nan,nan
HOSP-STD-20-01,20,74,uniform6060,182.0031645,182.0,0.0,0.0,6060,6060,3.565266250996501,6060,0,0,182.0031645,nan,nan,nan
HOSP-STD-20-01,20,74,dmab3030,182.0031645,182.0,0.0,0.0,3030,3030,1.8114661250001518,0,3030,7,nan,nan,nan,nan
HOSP-STD-20-01,20,74,fixed_portfolio6060,182.0031645,182.0,0.0,0.0,6060,6060,3.584093291996396,3030,3030,7,182.0031645,182.0031645,182.0031645,nan
HOSP-STD-20-01,20,74,two_uniform6060,182.0031645,182.0,0.0,0.0,6060,6060,3.5359983340022154,6060,0,0,182.0031645,182.0031645,nan,182.0031645
HOSP-STD-20-01,20,74,learned_free6060,182.0031645,182.0,0.0,0.0,6060,6060,3.668525542001589,3030,3030,7,182.0031645,nan,nan,nan
HOSP-STD-20-01,20,74,learned_protected6060,182.0031645,182.0,0.0,0.0,6060,6060,4.224686084009591,4380,1680,0,182.0031645,nan,nan,nan
HOSP-STD-20-01,20,75,uniform3030,182.0031315,182.0,0.0,0.0,3030,3030,1.8217860419972567,3030,0,0,182.0031315,nan,nan,nan
HOSP-STD-20-01,20,75,uniform6060,182.0031315,182.0,0.0,0.0,6060,6060,3.6438672079966636,6060,0,0,182.0031315,nan,nan,nan
HOSP-STD-20-01,20,75,dmab3030,182.0031605,182.0,0.0,0.0,3030,3030,1.9027122080005938,0,3030,19,nan,nan,nan,nan
HOSP-STD-20-01,20,75,fixed_portfolio6060,182.0031315,182.0,0.0,0.0,6060,6060,3.7244982499978505,3030,3030,19,182.0031315,182.0031315,182.0031605,nan
HOSP-STD-20-01,20,75,two_uniform6060,181.0031395,181.0,0.0,0.0,6060,6060,3.6452451259974623,6060,0,0,182.0031315,182.0031315,nan,181.0031395
HOSP-STD-20-01,20,75,learned_free6060,182.0031315,182.0,0.0,0.0,6060,6060,4.122978416009573,3030,3030,19,182.0031645,nan,nan,nan
HOSP-STD-20-01,20,75,learned_protected6060,182.0031315,182.0,0.0,0.0,6060,6060,3.9492909999971744,4380,1680,14,182.0031315,nan,nan,nan
HOSP-STD-20-01,20,76,uniform3030,176.0029935,176.0,0.0,0.0,3030,3030,2.021240709000267,3030,0,0,176.0029935,nan,nan,nan
HOSP-STD-20-01,20,76,uniform6060,176.0029935,176.0,0.0,0.0,6060,6060,3.9252811670012306,6060,0,0,176.0029935,nan,nan,nan
HOSP-STD-20-01,20,76,dmab3030,182.0031645,182.0,0.0,0.0,3030,3030,1.9447231249941979,0,3030,12,nan,nan,nan,nan
HOSP-STD-20-01,20,76,fixed_portfolio6060,176.0029935,176.0,0.0,0.0,6060,6060,3.965963833994465,3030,3030,12,176.0029935,176.0029935,182.0031645,nan
HOSP-STD-20-01,20,76,two_uniform6060,176.0029935,176.0,0.0,0.0,6060,6060,3.884506793008768,6060,0,0,176.0029935,176.0029935,nan,180.0031635
HOSP-STD-20-01,20,76,learned_free6060,176.0029935,176.0,0.0,0.0,6060,6060,3.7302938339998946,4080,1980,5,182.0031645,nan,nan,nan
HOSP-STD-20-01,20,76,learned_protected6060,176.0029935,176.0,0.0,0.0,6060,6060,3.584089332987787,4680,1380,2,176.0029935,nan,nan,nan
HOSP-STD-20-01,20,77,uniform3030,182.0031645,182.0,0.0,0.0,3030,3030,2.041228250003769,3030,0,0,182.0031645,nan,nan,nan
HOSP-STD-20-01,20,77,uniform6060,182.0031645,182.0,0.0,0.0,6060,6060,3.9374327499972424,6060,0,0,182.0031645,nan,nan,nan
HOSP-STD-20-01,20,77,dmab3030,182.0031645,182.0,0.0,0.0,3030,3030,1.9295314999908442,0,3030,13,nan,nan,nan,nan
HOSP-STD-20-01,20,77,fixed_portfolio6060,182.0031645,182.0,0.0,0.0,6060,6060,3.9707597499946132,3030,3030,13,182.0031645,182.0031645,182.0031645,nan
HOSP-STD-20-01,20,77,two_uniform6060,182.0031645,182.0,0.0,0.0,6060,6060,3.9481840830121655,6060,0,0,182.0031645,182.0031645,nan,182.0031645
HOSP-STD-20-01,20,77,learned_free6060,182.0031645,182.0,0.0,0.0,6060,6060,3.7418038330069976,3030,3030,13,182.0031645,nan,nan,nan
HOSP-STD-20-01,20,77,learned_protected6060,182.0031645,182.0,0.0,0.0,6060,6060,3.5574893329903716,4530,1530,6,182.0031645,nan,nan,nan
HOSP-STD-20-01,20,78,uniform3030,180.5026335,180.5,0.0,0.0,3030,3030,1.8889494579925667,3030,0,0,180.5026335,nan,nan,nan
HOSP-STD-20-01,20,78,uniform6060,180.5026335,180.5,0.0,0.0,6060,6060,3.727528124989476,6060,0,0,180.5026335,nan,nan,nan
HOSP-STD-20-01,20,78,dmab3030,181.5029545,181.5,0.0,0.0,3030,3030,2.001034041008097,0,3030,3,nan,nan,nan,nan
HOSP-STD-20-01,20,78,fixed_portfolio6060,180.5026335,180.5,0.0,0.0,6060,6060,3.889983499000664,3030,3030,3,180.5026335,180.5026335,181.5029545,nan
HOSP-STD-20-01,20,78,two_uniform6060,180.5026335,180.5,0.0,0.0,6060,6060,3.7856667909945827,6060,0,0,180.5026335,180.5026335,nan,181.5031555
HOSP-STD-20-01,20,78,learned_free6060,180.5026335,180.5,0.0,0.0,6060,6060,3.7073297500028275,3180,2880,3,182.0031645,nan,nan,nan
HOSP-STD-20-01,20,78,learned_protected6060,180.5026335,180.5,0.0,0.0,6060,6060,3.6109639589994913,4530,1530,2,180.5026335,nan,nan,nan
HOSP-STD-20-01,20,79,uniform3030,182.0031645,182.0,0.0,0.0,3030,3030,1.907456707995152,3030,0,0,182.0031645,nan,nan,nan
HOSP-STD-20-01,20,79,uniform6060,182.0031645,182.0,0.0,0.0,6060,6060,3.8169089169969084,6060,0,0,182.0031645,nan,nan,nan
HOSP-STD-20-01,20,79,dmab3030,182.0031645,182.0,0.0,0.0,3030,3030,1.9890992089931387,0,3030,18,nan,nan,nan,nan
HOSP-STD-20-01,20,79,fixed_portfolio6060,182.0031645,182.0,0.0,0.0,6060,6060,3.896555916988291,3030,3030,18,182.0031645,182.0031645,182.0031645,nan
HOSP-STD-20-01,20,79,two_uniform6060,180.0030815,180.0,0.0,0.0,6060,6060,3.734598624985665,6060,0,0,182.0031645,182.0031645,nan,180.0030815
HOSP-STD-20-01,20,79,learned_free6060,182.0031645,182.0,0.0,0.0,6060,6060,3.655160166003043,3030,3030,18,182.0031645,nan,nan,nan
HOSP-STD-20-01,20,79,learned_protected6060,182.0031645,182.0,0.0,0.0,6060,6060,3.687760791988694,4530,1530,14,182.0031645,nan,nan,nan
HOSP-STD-20-02,20,60,uniform3030,206.003391,206.0,0.0,0.0,3030,3030,1.7732933749939548,3030,0,0,206.003391,nan,nan,nan
HOSP-STD-20-02,20,60,uniform6060,206.003391,206.0,0.0,0.0,6060,6060,3.5242562079947675,6060,0,0,206.003391,nan,nan,nan
HOSP-STD-20-02,20,60,dmab3030,207.003448,207.0,0.0,0.0,3030,3030,1.8097083749889862,0,3030,8,nan,nan,nan,nan
HOSP-STD-20-02,20,60,fixed_portfolio6060,206.003391,206.0,0.0,0.0,6060,6060,3.583001749982941,3030,3030,8,206.003391,206.003391,207.003448,nan
HOSP-STD-20-02,20,60,two_uniform6060,206.003391,206.0,0.0,0.0,6060,6060,3.4939184590039076,6060,0,0,206.003391,206.003391,nan,207.003448
HOSP-STD-20-02,20,60,learned_free6060,206.003391,206.0,0.0,0.0,6060,6060,3.6182918330014218,3180,2880,7,207.003448,nan,nan,nan
HOSP-STD-20-02,20,60,learned_protected6060,206.003391,206.0,0.0,0.0,6060,6060,3.6909286669979338,4530,1530,5,206.003391,nan,nan,nan
HOSP-STD-20-02,20,61,uniform3030,206.003342,206.0,0.0,0.0,3030,3030,1.786180458002491,3030,0,0,206.003342,nan,nan,nan
HOSP-STD-20-02,20,61,uniform6060,206.003342,206.0,0.0,0.0,6060,6060,3.514402083004825,6060,0,0,206.003342,nan,nan,nan
HOSP-STD-20-02,20,61,dmab3030,207.003448,207.0,0.0,0.0,3030,3030,1.7757741660025204,0,3030,15,nan,nan,nan,nan
HOSP-STD-20-02,20,61,fixed_portfolio6060,206.003342,206.0,0.0,0.0,6060,6060,3.5619546240050113,3030,3030,15,206.003342,206.003342,207.003448,nan
HOSP-STD-20-02,20,61,two_uniform6060,206.003342,206.0,0.0,0.0,6060,6060,3.5317941249959404,6060,0,0,206.003342,206.003342,nan,207.003448
HOSP-STD-20-02,20,61,learned_free6060,206.003342,206.0,0.0,0.0,6060,6060,3.584853916996508,3630,2430,13,207.003448,nan,nan,nan
HOSP-STD-20-02,20,61,learned_protected6060,206.003342,206.0,0.0,0.0,6060,6060,3.7445361249992857,4530,1530,10,206.003342,nan,nan,nan
HOSP-STD-20-02,20,62,uniform3030,207.003448,207.0,0.0,0.0,3030,3030,1.7595980420010164,3030,0,0,207.003448,nan,nan,nan
HOSP-STD-20-02,20,62,uniform6060,207.003448,207.0,0.0,0.0,6060,6060,3.5025499170005787,6060,0,0,207.003448,nan,nan,nan
HOSP-STD-20-02,20,62,dmab3030,207.003448,207.0,0.0,0.0,3030,3030,1.8032545000023674,0,3030,16,nan,nan,nan,nan
HOSP-STD-20-02,20,62,fixed_portfolio6060,207.003448,207.0,0.0,0.0,6060,6060,3.562852542003384,3030,3030,16,207.003448,207.003448,207.003448,nan
HOSP-STD-20-02,20,62,two_uniform6060,207.003448,207.0,0.0,0.0,6060,6060,3.51217012599227,6060,0,0,207.003448,207.003448,nan,207.003448
HOSP-STD-20-02,20,62,learned_free6060,207.003448,207.0,0.0,0.0,6060,6060,3.595171291002771,3030,3030,16,207.003448,nan,nan,nan
HOSP-STD-20-02,20,62,learned_protected6060,207.003448,207.0,0.0,0.0,6060,6060,4.066400875002728,4530,1530,9,207.003448,nan,nan,nan
HOSP-STD-20-02,20,63,uniform3030,207.003406,207.0,0.0,0.0,3030,3030,1.7970802500058198,3030,0,0,207.003406,nan,nan,nan
HOSP-STD-20-02,20,63,uniform6060,207.003406,207.0,0.0,0.0,6060,6060,3.545925250000437,6060,0,0,207.003406,nan,nan,nan
HOSP-STD-20-02,20,63,dmab3030,207.003448,207.0,0.0,0.0,3030,3030,1.824910582989105,0,3030,21,nan,nan,nan,nan
HOSP-STD-20-02,20,63,fixed_portfolio6060,207.003406,207.0,0.0,0.0,6060,6060,3.621990832994925,3030,3030,21,207.003406,207.003406,207.003448,nan
HOSP-STD-20-02,20,63,two_uniform6060,207.003406,207.0,0.0,0.0,6060,6060,3.636729916004697,6060,0,0,207.003406,207.003406,nan,207.003448
HOSP-STD-20-02,20,63,learned_free6060,207.003406,207.0,0.0,0.0,6060,6060,3.8523388330067974,3030,3030,21,207.003448,nan,nan,nan
HOSP-STD-20-02,20,63,learned_protected6060,207.003406,207.0,0.0,0.0,6060,6060,4.3361703749978915,4530,1530,6,207.003406,nan,nan,nan
HOSP-STD-20-02,20,64,uniform3030,207.003448,207.0,0.0,0.0,3030,3030,2.17880387500918,3030,0,0,207.003448,nan,nan,nan
HOSP-STD-20-02,20,64,uniform6060,207.003448,207.0,0.0,0.0,6060,6060,4.317862042007619,6060,0,0,207.003448,nan,nan,nan
HOSP-STD-20-02,20,64,dmab3030,207.003448,207.0,0.0,0.0,3030,3030,2.22410324998782,0,3030,22,nan,nan,nan,nan
HOSP-STD-20-02,20,64,fixed_portfolio6060,207.003448,207.0,0.0,0.0,6060,6060,4.402907124997,3030,3030,22,207.003448,207.003448,207.003448,nan
HOSP-STD-20-02,20,64,two_uniform6060,207.003448,207.0,0.0,0.0,6060,6060,4.268747583017102,6060,0,0,207.003448,207.003448,nan,207.003448
HOSP-STD-20-02,20,64,learned_free6060,207.003448,207.0,0.0,0.0,6060,6060,4.278055667004082,3030,3030,22,207.003448,nan,nan,nan
HOSP-STD-20-02,20,64,learned_protected6060,207.003448,207.0,0.0,0.0,6060,6060,3.5371392499946523,4380,1680,10,207.003448,nan,nan,nan
HOSP-STD-20-02,20,65,uniform3030,207.003448,207.0,0.0,0.0,3030,3030,2.176443542004563,3030,0,0,207.003448,nan,nan,nan
HOSP-STD-20-02,20,65,uniform6060,207.003448,207.0,0.0,0.0,6060,6060,4.267443832999561,6060,0,0,207.003448,nan,nan,nan
HOSP-STD-20-02,20,65,dmab3030,207.003448,207.0,0.0,0.0,3030,3030,2.2770789170026546,0,3030,29,nan,nan,nan,nan
HOSP-STD-20-02,20,65,fixed_portfolio6060,207.003448,207.0,0.0,0.0,6060,6060,4.4535224590072175,3030,3030,29,207.003448,207.003448,207.003448,nan
HOSP-STD-20-02,20,65,two_uniform6060,207.003443,207.0,0.0,0.0,6060,6060,4.275595792016247,6060,0,0,207.003448,207.003448,nan,207.003443
HOSP-STD-20-02,20,65,learned_free6060,207.003448,207.0,0.0,0.0,6060,6060,4.296221957993112,3030,3030,29,207.003448,nan,nan,nan
HOSP-STD-20-02,20,65,learned_protected6060,207.003448,207.0,0.0,0.0,6060,6060,3.525823624993791,4530,1530,13,207.003448,nan,nan,nan
HOSP-STD-20-02,20,66,uniform3030,207.003425,207.0,0.0,0.0,3030,3030,2.1403040000004694,3030,0,0,207.003425,nan,nan,nan
HOSP-STD-20-02,20,66,uniform6060,207.003425,207.0,0.0,0.0,6060,6060,4.330718083001557,6060,0,0,207.003425,nan,nan,nan
HOSP-STD-20-02,20,66,dmab3030,207.003448,207.0,0.0,0.0,3030,3030,2.1754379170015454,0,3030,7,nan,nan,nan,nan
HOSP-STD-20-02,20,66,fixed_portfolio6060,207.003425,207.0,0.0,0.0,6060,6060,4.315741917002015,3030,3030,7,207.003425,207.003425,207.003448,nan
HOSP-STD-20-02,20,66,two_uniform6060,207.003425,207.0,0.0,0.0,6060,6060,4.273056541002006,6060,0,0,207.003425,207.003425,nan,207.003448
HOSP-STD-20-02,20,66,learned_free6060,207.003425,207.0,0.0,0.0,6060,6060,3.9646074999909615,3030,3030,7,207.003448,nan,nan,nan
HOSP-STD-20-02,20,66,learned_protected6060,207.003425,207.0,0.0,0.0,6060,6060,3.9081893330003368,4530,1530,7,207.003425,nan,nan,nan
HOSP-STD-20-02,20,67,uniform3030,207.003448,207.0,0.0,0.0,3030,3030,2.2064413750049425,3030,0,0,207.003448,nan,nan,nan
HOSP-STD-20-02,20,67,uniform6060,207.003448,207.0,0.0,0.0,6060,6060,4.316199459004565,6060,0,0,207.003448,nan,nan,nan
HOSP-STD-20-02,20,67,dmab3030,207.003448,207.0,0.0,0.0,3030,3030,2.2893949579884065,0,3030,13,nan,nan,nan,nan
HOSP-STD-20-02,20,67,fixed_portfolio6060,207.003448,207.0,0.0,0.0,6060,6060,4.495836332993349,3030,3030,13,207.003448,207.003448,207.003448,nan
HOSP-STD-20-02,20,67,two_uniform6060,207.003448,207.0,0.0,0.0,6060,6060,4.1958843340107705,6060,0,0,207.003448,207.003448,nan,207.003448
HOSP-STD-20-02,20,67,learned_free6060,207.003448,207.0,0.0,0.0,6060,6060,3.7470487499958836,3030,3030,13,207.003448,nan,nan,nan
HOSP-STD-20-02,20,67,learned_protected6060,207.003448,207.0,0.0,0.0,6060,6060,4.778294292002101,4530,1530,12,207.003448,nan,nan,nan
HOSP-STD-20-02,20,69,uniform3030,207.00344,207.0,0.0,0.0,3030,3030,2.2126687920099357,3030,0,0,207.00344,nan,nan,nan
HOSP-STD-20-02,20,69,uniform6060,207.00344,207.0,0.0,0.0,6060,6060,4.464756625005975,6060,0,0,207.00344,nan,nan,nan
HOSP-STD-20-02,20,69,dmab3030,207.003448,207.0,0.0,0.0,3030,3030,2.481158750000759,0,3030,20,nan,nan,nan,nan
HOSP-STD-20-02,20,69,fixed_portfolio6060,207.00344,207.0,0.0,0.0,6060,6060,4.693827542010695,3030,3030,20,207.00344,207.00344,207.003448,nan
HOSP-STD-20-02,20,69,two_uniform6060,207.00344,207.0,0.0,0.0,6060,6060,4.540612417011289,6060,0,0,207.00344,207.00344,nan,207.003448
HOSP-STD-20-02,20,69,learned_free6060,207.00344,207.0,0.0,0.0,6060,6060,5.33000837500731,3030,3030,20,207.003448,nan,nan,nan
HOSP-STD-20-02,20,69,learned_protected6060,207.00344,207.0,0.0,0.0,6060,6060,4.638388209001278,4530,1530,9,207.00344,nan,nan,nan
HOSP-STD-20-02,20,68,uniform3030,207.003448,207.0,0.0,0.0,3030,3030,2.1113915000023553,3030,0,0,207.003448,nan,nan,nan
HOSP-STD-20-02,20,68,uniform6060,207.003448,207.0,0.0,0.0,6060,6060,4.418069292005384,6060,0,0,207.003448,nan,nan,nan
HOSP-STD-20-02,20,68,dmab3030,206.003344,206.0,0.0,0.0,3030,3030,2.6300672920042416,0,3030,9,nan,nan,nan,nan
HOSP-STD-20-02,20,68,fixed_portfolio6060,206.003344,206.0,0.0,0.0,6060,6060,4.741458792006597,3030,3030,9,207.003448,207.003448,206.003344,nan
HOSP-STD-20-02,20,68,two_uniform6060,207.003427,207.0,0.0,0.0,6060,6060,4.4858948750043055,6060,0,0,207.003448,207.003448,nan,207.003427
HOSP-STD-20-02,20,68,learned_free6060,206.003344,206.0,0.0,0.0,6060,6060,5.418583917009528,2880,3180,11,207.003448,nan,nan,nan
HOSP-STD-20-02,20,68,learned_protected6060,206.003344,206.0,0.0,0.0,6060,6060,4.714449999999488,4230,1830,4,207.003448,nan,nan,nan
HOSP-STD-20-02,20,70,uniform3030,207.003448,207.0,0.0,0.0,3030,3030,2.2942988330032676,3030,0,0,207.003448,nan,nan,nan
HOSP-STD-20-02,20,70,uniform6060,207.003448,207.0,0.0,0.0,6060,6060,4.649897125011194,6060,0,0,207.003448,nan,nan,nan
HOSP-STD-20-02,20,70,dmab3030,207.003448,207.0,0.0,0.0,3030,3030,2.4695775830041384,0,3030,4,nan,nan,nan,nan
HOSP-STD-20-02,20,70,fixed_portfolio6060,207.003448,207.0,0.0,0.0,6060,6060,4.763876416007406,3030,3030,4,207.003448,207.003448,207.003448,nan
HOSP-STD-20-02,20,70,two_uniform6060,207.003448,207.0,0.0,0.0,6060,6060,4.727829291005037,6060,0,0,207.003448,207.003448,nan,207.003448
HOSP-STD-20-02,20,70,learned_free6060,207.003448,207.0,0.0,0.0,6060,6060,5.233521166999708,3030,3030,4,207.003448,nan,nan,nan
HOSP-STD-20-02,20,70,learned_protected6060,207.003448,207.0,0.0,0.0,6060,6060,4.421840833994793,4530,1530,4,207.003448,nan,nan,nan
HOSP-STD-20-02,20,71,uniform3030,207.003427,207.0,0.0,0.0,3030,3030,2.423119917002623,3030,0,0,207.003427,nan,nan,nan
HOSP-STD-20-02,20,71,uniform6060,207.003427,207.0,0.0,0.0,6060,6060,4.923961167005473,6060,0,0,207.003427,nan,nan,nan
HOSP-STD-20-02,20,71,dmab3030,207.003416,207.0,0.0,0.0,3030,3030,2.6189967919926858,0,3030,24,nan,nan,nan,nan
HOSP-STD-20-02,20,71,fixed_portfolio6060,207.003416,207.0,0.0,0.0,6060,6060,5.042116708995309,3030,3030,24,207.003427,207.003427,207.003416,nan
HOSP-STD-20-02,20,71,two_uniform6060,207.003427,207.0,0.0,0.0,6060,6060,5.287170791998506,6060,0,0,207.003427,207.003427,nan,207.003448
HOSP-STD-20-02,20,71,learned_free6060,207.003416,207.0,0.0,0.0,6060,6060,4.523433084003045,3030,3030,24,207.003448,nan,nan,nan
HOSP-STD-20-02,20,71,learned_protected6060,207.003416,207.0,0.0,0.0,6060,6060,4.259049041997059,4530,1530,10,207.003427,nan,nan,nan
HOSP-STD-20-02,20,72,uniform3030,207.003448,207.0,0.0,0.0,3030,3030,2.1488776250043884,3030,0,0,207.003448,nan,nan,nan
HOSP-STD-20-02,20,72,uniform6060,207.003448,207.0,0.0,0.0,6060,6060,4.181105541007128,6060,0,0,207.003448,nan,nan,nan
HOSP-STD-20-02,20,72,dmab3030,207.003448,207.0,0.0,0.0,3030,3030,2.1365884999977425,0,3030,14,nan,nan,nan,nan
HOSP-STD-20-02,20,72,fixed_portfolio6060,207.003448,207.0,0.0,0.0,6060,6060,4.285466125002131,3030,3030,14,207.003448,207.003448,207.003448,nan
HOSP-STD-20-02,20,72,two_uniform6060,207.003448,207.0,0.0,0.0,6060,6060,4.08717375001288,6060,0,0,207.003448,207.003448,nan,207.003448
HOSP-STD-20-02,20,72,learned_free6060,207.003448,207.0,0.0,0.0,6060,6060,3.9491056249971734,3030,3030,14,207.003448,nan,nan,nan
HOSP-STD-20-02,20,72,learned_protected6060,207.003448,207.0,0.0,0.0,6060,6060,3.673858249996556,4530,1530,9,207.003448,nan,nan,nan
HOSP-STD-20-02,20,73,uniform3030,203.003301,203.0,0.0,0.0,3030,3030,2.1220315000100527,3030,0,0,203.003301,nan,nan,nan
HOSP-STD-20-02,20,73,uniform6060,203.003301,203.0,0.0,0.0,6060,6060,4.1681735000165645,6060,0,0,203.003301,nan,nan,nan
HOSP-STD-20-02,20,73,dmab3030,207.003448,207.0,0.0,0.0,3030,3030,2.153971416002605,0,3030,20,nan,nan,nan,nan
HOSP-STD-20-02,20,73,fixed_portfolio6060,203.003301,203.0,0.0,0.0,6060,6060,4.276002916012658,3030,3030,20,203.003301,203.003301,207.003448,nan
HOSP-STD-20-02,20,73,two_uniform6060,203.003301,203.0,0.0,0.0,6060,6060,4.036665375009761,6060,0,0,203.003301,203.003301,nan,207.003427
HOSP-STD-20-02,20,73,learned_free6060,203.003301,203.0,0.0,0.0,6060,6060,3.989630958007183,3780,2280,12,207.003448,nan,nan,nan
HOSP-STD-20-02,20,73,learned_protected6060,203.003301,203.0,0.0,0.0,6060,6060,3.796495832997607,4680,1380,8,203.003301,nan,nan,nan
HOSP-STD-20-02,20,74,uniform3030,207.003187,207.0,0.0,0.0,3030,3030,2.1427652499987744,3030,0,0,207.003187,nan,nan,nan
HOSP-STD-20-02,20,74,uniform6060,207.003187,207.0,0.0,0.0,6060,6060,4.245619375011302,6060,0,0,207.003187,nan,nan,nan
HOSP-STD-20-02,20,74,dmab3030,205.503422,205.5,0.0,0.0,3030,3030,2.082044875001884,0,3030,10,nan,nan,nan,nan
HOSP-STD-20-02,20,74,fixed_portfolio6060,205.503422,205.5,0.0,0.0,6060,6060,4.2248101250006584,3030,3030,10,207.003187,207.003187,205.503422,nan
HOSP-STD-20-02,20,74,two_uniform6060,207.003187,207.0,0.0,0.0,6060,6060,4.120538457995281,6060,0,0,207.003187,207.003187,nan,207.003443
HOSP-STD-20-02,20,74,learned_free6060,205.503422,205.5,0.0,0.0,6060,6060,3.9605992500000866,3030,3030,10,207.003448,nan,nan,nan
HOSP-STD-20-02,20,74,learned_protected6060,205.503422,205.5,0.0,0.0,6060,6060,3.8043894589936826,4230,1830,6,207.003187,nan,nan,nan
HOSP-STD-20-02,20,75,uniform3030,207.003448,207.0,0.0,0.0,3030,3030,2.165069417009363,3030,0,0,207.003448,nan,nan,nan
HOSP-STD-20-02,20,75,uniform6060,207.003448,207.0,0.0,0.0,6060,6060,4.099860250003985,6060,0,0,207.003448,nan,nan,nan
HOSP-STD-20-02,20,75,dmab3030,206.003482,206.0,0.0,0.0,3030,3030,2.0754883750050794,0,3030,11,nan,nan,nan,nan
HOSP-STD-20-02,20,75,fixed_portfolio6060,206.003482,206.0,0.0,0.0,6060,6060,4.240557792014442,3030,3030,11,207.003448,207.003448,206.003482,nan
HOSP-STD-20-02,20,75,two_uniform6060,207.003448,207.0,0.0,0.0,6060,6060,4.114084542001365,6060,0,0,207.003448,207.003448,nan,207.003448
HOSP-STD-20-02,20,75,learned_free6060,206.003482,206.0,0.0,0.0,6060,6060,3.8676898750127293,2880,3180,11,207.003448,nan,nan,nan
HOSP-STD-20-02,20,75,learned_protected6060,206.003482,206.0,0.0,0.0,6060,6060,3.994833250006195,4230,1830,6,207.003448,nan,nan,nan
HOSP-STD-20-02,20,76,uniform3030,207.003448,207.0,0.0,0.0,3030,3030,1.902780584001448,3030,0,0,207.003448,nan,nan,nan
HOSP-STD-20-02,20,76,uniform6060,207.003448,207.0,0.0,0.0,6060,6060,3.851517959003104,6060,0,0,207.003448,nan,nan,nan
HOSP-STD-20-02,20,76,dmab3030,204.5034,204.5,0.0,0.0,3030,3030,1.9800875419896329,0,3030,19,nan,nan,nan,nan
HOSP-STD-20-02,20,76,fixed_portfolio6060,204.5034,204.5,0.0,0.0,6060,6060,3.882868125991081,3030,3030,19,207.003448,207.003448,204.5034,nan
HOSP-STD-20-02,20,76,two_uniform6060,205.503335,205.5,0.0,0.0,6060,6060,3.7712713749933755,6060,0,0,207.003448,207.003448,nan,205.503335
HOSP-STD-20-02,20,76,learned_free6060,204.5034,204.5,0.0,0.0,6060,6060,3.962822250003228,2880,3180,19,207.003448,nan,nan,nan
HOSP-STD-20-02,20,76,learned_protected6060,204.5034,204.5,0.0,0.0,6060,6060,3.8126686250034254,4230,1830,19,207.003448,nan,nan,nan
HOSP-STD-20-02,20,77,uniform3030,207.003448,207.0,0.0,0.0,3030,3030,1.91656170799979,3030,0,0,207.003448,nan,nan,nan
HOSP-STD-20-02,20,77,uniform6060,207.003448,207.0,0.0,0.0,6060,6060,3.849506458005635,6060,0,0,207.003448,nan,nan,nan
HOSP-STD-20-02,20,77,dmab3030,207.003448,207.0,0.0,0.0,3030,3030,2.0639963330031605,0,3030,24,nan,nan,nan,nan
HOSP-STD-20-02,20,77,fixed_portfolio6060,207.003448,207.0,0.0,0.0,6060,6060,3.9805580410029506,3030,3030,24,207.003448,207.003448,207.003448,nan
HOSP-STD-20-02,20,77,two_uniform6060,207.00333,207.0,0.0,0.0,6060,6060,3.8065944999980275,6060,0,0,207.003448,207.003448,nan,207.00333
HOSP-STD-20-02,20,77,learned_free6060,207.003448,207.0,0.0,0.0,6060,6060,3.878690833997098,3030,3030,24,207.003448,nan,nan,nan
HOSP-STD-20-02,20,77,learned_protected6060,207.003448,207.0,0.0,0.0,6060,6060,3.9386130409984617,4530,1530,6,207.003448,nan,nan,nan
HOSP-STD-20-02,20,78,uniform3030,205.503372,205.5,0.0,0.0,3030,3030,2.000814666011138,3030,0,0,205.503372,nan,nan,nan
HOSP-STD-20-02,20,78,uniform6060,205.503372,205.5,0.0,0.0,6060,6060,3.940644582020468,6060,0,0,205.503372,nan,nan,nan
HOSP-STD-20-02,20,78,dmab3030,206.003403,206.0,0.0,0.0,3030,3030,2.075220458005788,0,3030,7,nan,nan,nan,nan
HOSP-STD-20-02,20,78,fixed_portfolio6060,205.503372,205.5,0.0,0.0,6060,6060,4.076035124016926,3030,3030,7,205.503372,205.503372,206.003403,nan
HOSP-STD-20-02,20,78,two_uniform6060,203.003094,203.0,0.0,0.0,6060,6060,3.860029416013276,6060,0,0,205.503372,205.503372,nan,203.003094
HOSP-STD-20-02,20,78,learned_free6060,205.503372,205.5,0.0,0.0,6060,6060,3.957883208000567,3030,3030,7,207.003448,nan,nan,nan
HOSP-STD-20-02,20,78,learned_protected6060,205.503372,205.5,0.0,0.0,6060,6060,3.9175193330011098,4530,1530,3,205.503372,nan,nan,nan
HOSP-STD-20-02,20,79,uniform3030,199.50321,199.5,0.0,0.0,3030,3030,1.941046332998667,3030,0,0,199.50321,nan,nan,nan
HOSP-STD-20-02,20,79,uniform6060,199.50321,199.5,0.0,0.0,6060,6060,3.8165309579926543,6060,0,0,199.50321,nan,nan,nan
HOSP-STD-20-02,20,79,dmab3030,207.003448,207.0,0.0,0.0,3030,3030,1.9836109999887412,0,3030,14,nan,nan,nan,nan
HOSP-STD-20-02,20,79,fixed_portfolio6060,199.50321,199.5,0.0,0.0,6060,6060,3.924657332987408,3030,3030,14,199.50321,199.50321,207.003448,nan
HOSP-STD-20-02,20,79,two_uniform6060,199.50321,199.5,0.0,0.0,6060,6060,3.869137875008164,6060,0,0,199.50321,199.50321,nan,207.003448
HOSP-STD-20-02,20,79,learned_free6060,199.50321,199.5,0.0,0.0,6060,6060,3.9366590840072604,3180,2880,12,207.003448,nan,nan,nan
HOSP-STD-20-02,20,79,learned_protected6060,199.50321,199.5,0.0,0.0,6060,6060,3.9048010000115028,4680,1380,1,199.50321,nan,nan,nan
HOSP-STD-20-03,20,60,uniform3030,204.0029125,204.0,0.0,0.0,3030,3030,1.8836409999930765,3030,0,0,204.0029125,nan,nan,nan
HOSP-STD-20-03,20,60,uniform6060,202.0025805,202.0,0.0,0.0,6060,6060,3.8140329159941757,6060,0,0,204.0029125,nan,nan,nan
HOSP-STD-20-03,20,60,dmab3030,209.0028355,209.0,0.0,0.0,3030,3030,1.9253609580046032,0,3030,19,nan,nan,nan,nan
HOSP-STD-20-03,20,60,fixed_portfolio6060,204.0029125,204.0,0.0,0.0,6060,6060,3.8090019579976797,3030,3030,19,204.0029125,204.0029125,209.0028355,nan
HOSP-STD-20-03,20,60,two_uniform6060,197.5028995,197.5,0.0,0.0,6060,6060,3.757963916985318,6060,0,0,204.0029125,204.0029125,nan,197.5028995
HOSP-STD-20-03,20,60,learned_free6060,204.0029125,204.0,0.0,0.0,6060,6060,3.9768010419938946,3180,2880,19,226.5025485,nan,nan,nan
HOSP-STD-20-03,20,60,learned_protected6060,204.0029125,204.0,0.0,0.0,6060,6060,3.8707293339975877,4380,1680,9,204.0029125,nan,nan,nan
HOSP-STD-20-03,20,61,uniform3030,194.452768,193.5,0.5,0.5,3030,3030,1.9311477500014007,3030,0,0,194.452768,nan,nan,nan
HOSP-STD-20-03,20,61,uniform6060,194.452768,193.5,0.5,0.5,6060,6060,3.8665180420066463,6060,0,0,194.452768,nan,nan,nan
HOSP-STD-20-03,20,61,dmab3030,206.5031575,206.5,0.0,0.0,3030,3030,1.9946980420063483,0,3030,19,nan,nan,nan,nan
HOSP-STD-20-03,20,61,fixed_portfolio6060,194.452768,193.5,0.5,0.5,6060,6060,3.925845792007749,3030,3030,19,194.452768,194.452768,206.5031575,nan
HOSP-STD-20-03,20,61,two_uniform6060,194.452768,193.5,0.5,0.5,6060,6060,3.8476618329877965,6060,0,0,194.452768,194.452768,nan,201.0029655
HOSP-STD-20-03,20,61,learned_free6060,194.452768,193.5,0.5,0.5,6060,6060,4.0431097079999745,2880,3180,19,226.5025485,nan,nan,nan
HOSP-STD-20-03,20,61,learned_protected6060,194.452768,193.5,0.5,0.5,6060,6060,3.9386328749969834,4680,1380,10,194.452768,nan,nan,nan
HOSP-STD-20-03,20,62,uniform3030,197.5026125,197.5,0.0,0.0,3030,3030,1.9020148330018856,3030,0,0,197.5026125,nan,nan,nan
HOSP-STD-20-03,20,62,uniform6060,197.5026125,197.5,0.0,0.0,6060,6060,3.8094192919961642,6060,0,0,197.5026125,nan,nan,nan
HOSP-STD-20-03,20,62,dmab3030,199.0030505,199.0,0.0,0.0,3030,3030,2.1257103749958333,0,3030,10,nan,nan,nan,nan
HOSP-STD-20-03,20,62,fixed_portfolio6060,197.5026125,197.5,0.0,0.0,6060,6060,4.027725207997719,3030,3030,10,197.5026125,197.5026125,199.0030505,nan
HOSP-STD-20-03,20,62,two_uniform6060,197.5026125,197.5,0.0,0.0,6060,6060,3.8358791250066133,6060,0,0,197.5026125,197.5026125,nan,199.5028175
HOSP-STD-20-03,20,62,learned_free6060,197.5026125,197.5,0.0,0.0,6060,6060,4.074320166997495,2880,3180,13,226.5025485,nan,nan,nan
HOSP-STD-20-03,20,62,learned_protected6060,197.5026125,197.5,0.0,0.0,6060,6060,3.8674009169917554,4380,1680,6,197.5026125,nan,nan,nan
HOSP-STD-20-03,20,63,uniform3030,202.0026085,202.0,0.0,0.0,3030,3030,1.981158416994731,3030,0,0,202.0026085,nan,nan,nan
HOSP-STD-20-03,20,63,uniform6060,202.0026085,202.0,0.0,0.0,6060,6060,3.9300994999939576,6060,0,0,202.0026085,nan,nan,nan
HOSP-STD-20-03,20,63,dmab3030,208.0026465,208.0,0.0,0.0,3030,3030,2.090079166999203,0,3030,5,nan,nan,nan,nan
HOSP-STD-20-03,20,63,fixed_portfolio6060,202.0026085,202.0,0.0,0.0,6060,6060,4.071237583993934,3030,3030,5,202.0026085,202.0026085,208.0026465,nan
HOSP-STD-20-03,20,63,two_uniform6060,197.5027275,197.5,0.0,0.0,6060,6060,3.90215729198826,6060,0,0,202.0026085,202.0026085,nan,197.5027275
HOSP-STD-20-03,20,63,learned_free6060,202.0026085,202.0,0.0,0.0,6060,6060,3.9119480840017786,4080,1980,3,226.5025485,nan,nan,nan
HOSP-STD-20-03,20,63,learned_protected6060,202.0026085,202.0,0.0,0.0,6060,6060,4.146859333006432,4380,1680,2,202.0026085,nan,nan,nan
HOSP-STD-20-03,20,64,uniform3030,201.0027205,201.0,0.0,0.0,3030,3030,1.9071811250032624,3030,0,0,201.0027205,nan,nan,nan
HOSP-STD-20-03,20,64,uniform6060,201.0027205,201.0,0.0,0.0,6060,6060,3.86488629100495,6060,0,0,201.0027205,nan,nan,nan
HOSP-STD-20-03,20,64,dmab3030,197.5029195,197.5,0.0,0.0,3030,3030,1.952479958999902,0,3030,18,nan,nan,nan,nan
HOSP-STD-20-03,20,64,fixed_portfolio6060,197.5029195,197.5,0.0,0.0,6060,6060,3.8596610840031644,3030,3030,18,201.0027205,201.0027205,197.5029195,nan
HOSP-STD-20-03,20,64,two_uniform6060,195.5027375,195.5,0.0,0.0,6060,6060,3.8285276670067105,6060,0,0,201.0027205,201.0027205,nan,195.5027375
HOSP-STD-20-03,20,64,learned_free6060,193.5027555,193.5,0.0,0.0,6060,6060,3.9620346249867,2730,3330,19,226.5025485,nan,nan,nan
HOSP-STD-20-03,20,64,learned_protected6060,197.5029195,197.5,0.0,0.0,6060,6060,3.9051998750073835,4080,1980,12,201.0027205,nan,nan,nan
HOSP-STD-20-03,20,65,uniform3030,200.0029325,200.0,0.0,0.0,3030,3030,1.9442741250095423,3030,0,0,200.0029325,nan,nan,nan
HOSP-STD-20-03,20,65,uniform6060,196.0029455,196.0,0.0,0.0,6060,6060,3.9870882500108564,6060,0,0,200.0029325,nan,nan,nan
HOSP-STD-20-03,20,65,dmab3030,196.0026265,196.0,0.0,0.0,3030,3030,2.0824372919887537,0,3030,16,nan,nan,nan,nan
HOSP-STD-20-03,20,65,fixed_portfolio6060,196.0026265,196.0,0.0,0.0,6060,6060,4.026711416998296,3030,3030,16,200.0029325,200.0029325,196.0026265,nan
HOSP-STD-20-03,20,65,two_uniform6060,193.5025235,193.5,0.0,0.0,6060,6060,3.930803917013691,6060,0,0,200.0029325,200.0029325,nan,193.5025235
HOSP-STD-20-03,20,65,learned_free6060,196.0026265,196.0,0.0,0.0,6060,6060,4.027850832993863,3480,2580,13,226.5025485,nan,nan,nan
HOSP-STD-20-03,20,65,learned_protected6060,196.0026265,196.0,0.0,0.0,6060,6060,4.045982750001713,4230,1830,12,200.0029325,nan,nan,nan
HOSP-STD-20-03,20,66,uniform3030,209.0029435,209.0,0.0,0.0,3030,3030,2.0085662500059698,3030,0,0,209.0029435,nan,nan,nan
HOSP-STD-20-03,20,66,uniform6060,204.5029275,204.5,0.0,0.0,6060,6060,3.9493647500057705,6060,0,0,209.0029435,nan,nan,nan
HOSP-STD-20-03,20,66,dmab3030,200.0027345,200.0,0.0,0.0,3030,3030,2.018399667009362,0,3030,19,nan,nan,nan,nan
HOSP-STD-20-03,20,66,fixed_portfolio6060,200.0027345,200.0,0.0,0.0,6060,6060,4.026965917015332,3030,3030,19,209.0029435,209.0029435,200.0027345,nan
HOSP-STD-20-03,20,66,two_uniform6060,206.0026435,206.0,0.0,0.0,6060,6060,3.9779840410046745,6060,0,0,209.0029435,209.0029435,nan,206.0026435
HOSP-STD-20-03,20,66,learned_free6060,200.0027345,200.0,0.0,0.0,6060,6060,3.957562583993422,1680,4380,20,226.5025485,nan,nan,nan
HOSP-STD-20-03,20,66,learned_protected6060,202.5028595,202.5,0.0,0.0,6060,6060,4.0003006249899045,3780,2280,9,209.0029435,nan,nan,nan
HOSP-STD-20-03,20,67,uniform3030,195.0025415,195.0,0.0,0.0,3030,3030,2.0234997920051683,3030,0,0,195.0025415,nan,nan,nan
HOSP-STD-20-03,20,67,uniform6060,195.0025415,195.0,0.0,0.0,6060,6060,3.9591213750099996,6060,0,0,195.0025415,nan,nan,nan
HOSP-STD-20-03,20,67,dmab3030,201.0025905,201.0,0.0,0.0,3030,3030,2.0612117080017924,0,3030,6,nan,nan,nan,nan
HOSP-STD-20-03,20,67,fixed_portfolio6060,195.0025415,195.0,0.0,0.0,6060,6060,4.084711500006961,3030,3030,6,195.0025415,195.0025415,201.0025905,nan
HOSP-STD-20-03,20,67,two_uniform6060,195.0025415,195.0,0.0,0.0,6060,6060,3.939178250016994,6060,0,0,195.0025415,195.0025415,nan,202.5026615
HOSP-STD-20-03,20,67,learned_free6060,195.0025415,195.0,0.0,0.0,6060,6060,4.099300957997912,2580,3480,6,226.5025485,nan,nan,nan
HOSP-STD-20-03,20,67,learned_protected6060,195.0025415,195.0,0.0,0.0,6060,6060,3.9365679170005023,4530,1530,4,195.0025415,nan,nan,nan
HOSP-STD-20-03,20,68,uniform3030,208.4026225,206.5,1.0,1.0,3030,3030,1.902893040998606,3030,0,0,208.4026225,nan,nan,nan
HOSP-STD-20-03,20,68,uniform6060,206.0028345,206.0,0.0,0.0,6060,6060,3.8487431250105146,6060,0,0,208.4026225,nan,nan,nan
HOSP-STD-20-03,20,68,dmab3030,197.5027765,197.5,0.0,0.0,3030,3030,1.96883991699724,0,3030,20,nan,nan,nan,nan
HOSP-STD-20-03,20,68,fixed_portfolio6060,197.5027765,197.5,0.0,0.0,6060,6060,3.871732957995846,3030,3030,20,208.4026225,208.4026225,197.5027765,nan
HOSP-STD-20-03,20,68,two_uniform6060,197.5028125,197.5,0.0,0.0,6060,6060,3.831654540990712,6060,0,0,208.4026225,208.4026225,nan,197.5028125
HOSP-STD-20-03,20,68,learned_free6060,197.5027765,197.5,0.0,0.0,6060,6060,3.8724087080045138,3330,2730,19,226.5025485,nan,nan,nan
HOSP-STD-20-03,20,68,learned_protected6060,197.5027765,197.5,0.0,0.0,6060,6060,3.821198290999746,4530,1530,14,208.4026225,nan,nan,nan
HOSP-STD-20-03,20,69,uniform3030,201.0026775,201.0,0.0,0.0,3030,3030,1.8676422090065898,3030,0,0,201.0026775,nan,nan,nan
HOSP-STD-20-03,20,69,uniform6060,201.0026775,201.0,0.0,0.0,6060,6060,3.830197584000416,6060,0,0,201.0026775,nan,nan,nan
HOSP-STD-20-03,20,69,dmab3030,198.0025185,198.0,0.0,0.0,3030,3030,1.99674750000122,0,3030,28,nan,nan,nan,nan
HOSP-STD-20-03,20,69,fixed_portfolio6060,198.0025185,198.0,0.0,0.0,6060,6060,3.86438970900781,3030,3030,28,201.0026775,201.0026775,198.0025185,nan
HOSP-STD-20-03,20,69,two_uniform6060,201.0026775,201.0,0.0,0.0,6060,6060,3.8170701260096394,6060,0,0,201.0026775,201.0026775,nan,204.0025825
HOSP-STD-20-03,20,69,learned_free6060,198.0025185,198.0,0.0,0.0,6060,6060,3.9059951249946607,3330,2730,22,226.5025485,nan,nan,nan
HOSP-STD-20-03,20,69,learned_protected6060,198.0025185,198.0,0.0,0.0,6060,6060,3.9206900840072194,4380,1680,13,201.0026775,nan,nan,nan
HOSP-STD-20-03,20,70,uniform3030,191.4024315,189.5,1.0,1.0,3030,3030,1.983952832990326,3030,0,0,191.4024315,nan,nan,nan
HOSP-STD-20-03,20,70,uniform6060,191.4024315,189.5,1.0,1.0,6060,6060,3.9325750829884782,6060,0,0,191.4024315,nan,nan,nan
HOSP-STD-20-03,20,70,dmab3030,199.5025935,199.5,0.0,0.0,3030,3030,2.030236209000577,0,3030,12,nan,nan,nan,nan
HOSP-STD-20-03,20,70,fixed_portfolio6060,191.4024315,189.5,1.0,1.0,6060,6060,4.014189041990903,3030,3030,12,191.4024315,191.4024315,199.5025935,nan
HOSP-STD-20-03,20,70,two_uniform6060,191.4024315,189.5,1.0,1.0,6060,6060,3.8642348739813315,6060,0,0,191.4024315,191.4024315,nan,210.653021
HOSP-STD-20-03,20,70,learned_free6060,191.4024315,189.5,1.0,1.0,6060,6060,4.060377916001016,3330,2730,11,226.5025485,nan,nan,nan
HOSP-STD-20-03,20,70,learned_protected6060,191.4024315,189.5,1.0,1.0,6060,6060,3.9496907080028905,4380,1680,8,191.4024315,nan,nan,nan
HOSP-STD-20-03,20,71,uniform3030,192.5026855,192.5,0.0,0.0,3030,3030,1.9821336659952067,3030,0,0,192.5026855,nan,nan,nan
HOSP-STD-20-03,20,71,uniform6060,191.5027495,191.5,0.0,0.0,6060,6060,3.9248478329973295,6060,0,0,192.5026855,nan,nan,nan
HOSP-STD-20-03,20,71,dmab3030,192.0026165,192.0,0.0,0.0,3030,3030,1.9740712920029182,0,3030,4,nan,nan,nan,nan
HOSP-STD-20-03,20,71,fixed_portfolio6060,192.0026165,192.0,0.0,0.0,6060,6060,3.956204957998125,3030,3030,4,192.5026855,192.5026855,192.0026165,nan
HOSP-STD-20-03,20,71,two_uniform6060,192.5026855,192.5,0.0,0.0,6060,6060,3.9761951659893384,6060,0,0,192.5026855,192.5026855,nan,202.5027685
HOSP-STD-20-03,20,71,learned_free6060,192.0026165,192.0,0.0,0.0,6060,6060,4.127075500000501,1830,4230,6,226.5025485,nan,nan,nan
HOSP-STD-20-03,20,71,learned_protected6060,191.5027495,191.5,0.0,0.0,6060,6060,4.003348875005031,4680,1380,4,192.5026855,nan,nan,nan
HOSP-STD-20-03,20,72,uniform3030,209.0028645,209.0,0.0,0.0,3030,3030,1.8956916659954004,3030,0,0,209.0028645,nan,nan,nan
HOSP-STD-20-03,20,72,uniform6060,209.0028645,209.0,0.0,0.0,6060,6060,3.7870027489989297,6060,0,0,209.0028645,nan,nan,nan
HOSP-STD-20-03,20,72,dmab3030,204.5025215,204.5,0.0,0.0,3030,3030,1.9903040000062902,0,3030,13,nan,nan,nan,nan
HOSP-STD-20-03,20,72,fixed_portfolio6060,204.5025215,204.5,0.0,0.0,6060,6060,3.8859956660016906,3030,3030,13,209.0028645,209.0028645,204.5025215,nan
HOSP-STD-20-03,20,72,two_uniform6060,199.0025555,199.0,0.0,0.0,6060,6060,3.753054707995034,6060,0,0,209.0028645,209.0028645,nan,199.0025555
HOSP-STD-20-03,20,72,learned_free6060,204.5025215,204.5,0.0,0.0,6060,6060,3.8855639999965206,3030,3030,13,226.5025485,nan,nan,nan
HOSP-STD-20-03,20,72,learned_protected6060,204.5025215,204.5,0.0,0.0,6060,6060,3.894285874994239,4230,1830,6,209.0028645,nan,nan,nan
HOSP-STD-20-03,20,73,uniform3030,194.0025365,194.0,0.0,0.0,3030,3030,1.9135470829933183,3030,0,0,194.0025365,nan,nan,nan
HOSP-STD-20-03,20,73,uniform6060,194.0025365,194.0,0.0,0.0,6060,6060,3.884758290994796,6060,0,0,194.0025365,nan,nan,nan
HOSP-STD-20-03,20,73,dmab3030,193.5027905,193.5,0.0,0.0,3030,3030,2.008640291998745,0,3030,10,nan,nan,nan,nan
HOSP-STD-20-03,20,73,fixed_portfolio6060,193.5027905,193.5,0.0,0.0,6060,6060,3.9221873749920633,3030,3030,10,194.0025365,194.0025365,193.5027905,nan
HOSP-STD-20-03,20,73,two_uniform6060,194.0025365,194.0,0.0,0.0,6060,6060,3.910449040980893,6060,0,0,194.0025365,194.0025365,nan,201.0026045
HOSP-STD-20-03,20,73,learned_free6060,189.5028105,189.5,0.0,0.0,6060,6060,3.99589800000831,1680,4380,16,226.5025485,nan,nan,nan
HOSP-STD-20-03,20,73,learned_protected6060,194.0025365,194.0,0.0,0.0,6060,6060,3.99211970900069,4380,1680,7,194.0025365,nan,nan,nan
HOSP-STD-20-03,20,74,uniform3030,201.5028035,201.5,0.0,0.0,3030,3030,1.961544749996392,3030,0,0,201.5028035,nan,nan,nan
HOSP-STD-20-03,20,74,uniform6060,201.5028035,201.5,0.0,0.0,6060,6060,3.8856955419905717,6060,0,0,201.5028035,nan,nan,nan
HOSP-STD-20-03,20,74,dmab3030,205.5027525,205.5,0.0,0.0,3030,3030,2.0183246670057997,0,3030,12,nan,nan,nan,nan
HOSP-STD-20-03,20,74,fixed_portfolio6060,201.5028035,201.5,0.0,0.0,6060,6060,3.9798694170021918,3030,3030,12,201.5028035,201.5028035,205.5027525,nan
HOSP-STD-20-03,20,74,two_uniform6060,194.0026615,194.0,0.0,0.0,6060,6060,3.8789977919950616,6060,0,0,201.5028035,201.5028035,nan,194.0026615
HOSP-STD-20-03,20,74,learned_free6060,201.5028035,201.5,0.0,0.0,6060,6060,4.043420374990092,2880,3180,18,226.5025485,nan,nan,nan
HOSP-STD-20-03,20,74,learned_protected6060,201.5028035,201.5,0.0,0.0,6060,6060,3.8964514580002287,4530,1530,1,201.5028035,nan,nan,nan
HOSP-STD-20-03,20,75,uniform3030,198.5026825,198.5,0.0,0.0,3030,3030,1.9655411249987083,3030,0,0,198.5026825,nan,nan,nan
HOSP-STD-20-03,20,75,uniform6060,197.5026485,197.5,0.0,0.0,6060,6060,3.933309375002864,6060,0,0,198.5026825,nan,nan,nan
HOSP-STD-20-03,20,75,dmab3030,204.0029055,204.0,0.0,0.0,3030,3030,2.146937625002465,0,3030,18,nan,nan,nan,nan
HOSP-STD-20-03,20,75,fixed_portfolio6060,198.5026825,198.5,0.0,0.0,6060,6060,4.1124787500011735,3030,3030,18,198.5026825,198.5026825,204.0029055,nan
HOSP-STD-20-03,20,75,two_uniform6060,198.5026825,198.5,0.0,0.0,6060,6060,3.959163459003321,6060,0,0,198.5026825,198.5026825,nan,205.0027395
HOSP-STD-20-03,20,75,learned_free6060,197.5026485,197.5,0.0,0.0,6060,6060,3.9283140409970656,4530,1530,8,226.5025485,nan,nan,nan
HOSP-STD-20-03,20,75,learned_protected6060,197.5026485,197.5,0.0,0.0,6060,6060,3.9687734589970205,4980,1080,8,198.5026825,nan,nan,nan
HOSP-STD-20-03,20,76,uniform3030,204.0030095,204.0,0.0,0.0,3030,3030,1.9666627499973401,3030,0,0,204.0030095,nan,nan,nan
HOSP-STD-20-03,20,76,uniform6060,204.0030095,204.0,0.0,0.0,6060,6060,3.9040123330050847,6060,0,0,204.0030095,nan,nan,nan
HOSP-STD-20-03,20,76,dmab3030,195.95271,195.0,0.5,0.5,3030,3030,2.031146416993579,0,3030,10,nan,nan,nan,nan
HOSP-STD-20-03,20,76,fixed_portfolio6060,195.95271,195.0,0.5,0.5,6060,6060,3.997809166990919,3030,3030,10,204.0030095,204.0030095,195.95271,nan
HOSP-STD-20-03,20,76,two_uniform6060,204.0030095,204.0,0.0,0.0,6060,6060,3.8570061669888673,6060,0,0,204.0030095,204.0030095,nan,216.5032285
HOSP-STD-20-03,20,76,learned_free6060,195.95271,195.0,0.5,0.5,6060,6060,3.9396010000054957,3480,2580,9,226.5025485,nan,nan,nan
HOSP-STD-20-03,20,76,learned_protected6060,195.95271,195.0,0.5,0.5,6060,6060,3.993688292001025,4380,1680,4,204.0030095,nan,nan,nan
HOSP-STD-20-03,20,77,uniform3030,195.5025135,195.5,0.0,0.0,3030,3030,1.9443217499938328,3030,0,0,195.5025135,nan,nan,nan
HOSP-STD-20-03,20,77,uniform6060,195.5025135,195.5,0.0,0.0,6060,6060,3.8906444589956664,6060,0,0,195.5025135,nan,nan,nan
HOSP-STD-20-03,20,77,dmab3030,209.0026945,209.0,0.0,0.0,3030,3030,1.9874076670093928,0,3030,19,nan,nan,nan,nan
HOSP-STD-20-03,20,77,fixed_portfolio6060,195.5025135,195.5,0.0,0.0,6060,6060,3.9317294170032255,3030,3030,19,195.5025135,195.5025135,209.0026945,nan
HOSP-STD-20-03,20,77,two_uniform6060,195.5025135,195.5,0.0,0.0,6060,6060,3.890955374998157,6060,0,0,195.5025135,195.5025135,nan,199.0029015
HOSP-STD-20-03,20,77,learned_free6060,197.0028165,197.0,0.0,0.0,6060,6060,3.9814006249944214,1830,4230,24,226.5025485,nan,nan,nan
HOSP-STD-20-03,20,77,learned_protected6060,195.5025135,195.5,0.0,0.0,6060,6060,3.92625712500012,4380,1680,12,195.5025135,nan,nan,nan
HOSP-STD-20-03,20,78,uniform3030,207.5028055,207.5,0.0,0.0,3030,3030,1.9249417079990963,3030,0,0,207.5028055,nan,nan,nan
HOSP-STD-20-03,20,78,uniform6060,202.0027605,202.0,0.0,0.0,6060,6060,3.880035082998802,6060,0,0,207.5028055,nan,nan,nan
HOSP-STD-20-03,20,78,dmab3030,207.0027015,207.0,0.0,0.0,3030,3030,2.0333834170014597,0,3030,11,nan,nan,nan,nan
HOSP-STD-20-03,20,78,fixed_portfolio6060,207.0027015,207.0,0.0,0.0,6060,6060,3.958325125000556,3030,3030,11,207.5028055,207.5028055,207.0027015,nan
HOSP-STD-20-03,20,78,two_uniform6060,197.9028615,196.0,1.0,1.0,6060,6060,3.885179832999711,6060,0,0,207.5028055,207.5028055,nan,197.9028615
HOSP-STD-20-03,20,78,learned_free6060,199.5027085,199.5,0.0,0.0,6060,6060,3.99824354199518,1980,4080,20,226.5025485,nan,nan,nan
HOSP-STD-20-03,20,78,learned_protected6060,202.0027605,202.0,0.0,0.0,6060,6060,3.9500411250046454,5130,930,7,207.5028055,nan,nan,nan
HOSP-STD-20-03,20,79,uniform3030,210.5026335,210.5,0.0,0.0,3030,3030,1.9751455420046113,3030,0,0,210.5026335,nan,nan,nan
HOSP-STD-20-03,20,79,uniform6060,200.5026835,200.5,0.0,0.0,6060,6060,3.9048602920083795,6060,0,0,210.5026335,nan,nan,nan
HOSP-STD-20-03,20,79,dmab3030,199.5027975,199.5,0.0,0.0,3030,3030,2.0181389170029433,0,3030,27,nan,nan,nan,nan
HOSP-STD-20-03,20,79,fixed_portfolio6060,199.5027975,199.5,0.0,0.0,6060,6060,3.9932844590075547,3030,3030,27,210.5026335,210.5026335,199.5027975,nan
HOSP-STD-20-03,20,79,two_uniform6060,193.5028335,193.5,0.0,0.0,6060,6060,3.9030257499980507,6060,0,0,210.5026335,210.5026335,nan,193.5028335
HOSP-STD-20-03,20,79,learned_free6060,199.5027975,199.5,0.0,0.0,6060,6060,3.982373041988467,3630,2430,26,226.5025485,nan,nan,nan
HOSP-STD-20-03,20,79,learned_protected6060,199.5027975,199.5,0.0,0.0,6060,6060,3.9984186660003616,4380,1680,22,210.5026335,nan,nan,nan
HOSP-STD-25-01,25,60,uniform3030,224.453916,223.5,0.5,0.5,3030,3030,2.891159165999852,3030,0,0,224.453916,nan,nan,nan
HOSP-STD-25-01,25,60,uniform6060,224.453916,223.5,0.5,0.5,6060,6060,5.72809595700528,6060,0,0,224.453916,nan,nan,nan
HOSP-STD-25-01,25,60,dmab3030,234.0037045,234.0,0.0,0.0,3030,3030,3.0235410000022966,0,3030,11,nan,nan,nan,nan
HOSP-STD-25-01,25,60,fixed_portfolio6060,224.453916,223.5,0.5,0.5,6060,6060,5.914700166002149,3030,3030,11,224.453916,224.453916,234.0037045,nan
HOSP-STD-25-01,25,60,two_uniform6060,224.453916,223.5,0.5,0.5,6060,6060,5.678512123995461,6060,0,0,224.453916,224.453916,nan,224.5040845
HOSP-STD-25-01,25,60,learned_free6060,224.453916,223.5,0.5,0.5,6060,6060,5.949918250000337,3180,2880,11,239.7037225,nan,nan,nan
HOSP-STD-25-01,25,60,learned_protected6060,224.453916,223.5,0.5,0.5,6060,6060,5.853086832998088,4530,1530,9,224.453916,nan,nan,nan
HOSP-STD-25-01,25,61,uniform3030,215.0036915,215.0,0.0,0.0,3030,3030,2.8595459159987513,3030,0,0,215.0036915,nan,nan,nan
HOSP-STD-25-01,25,61,uniform6060,215.0036915,215.0,0.0,0.0,6060,6060,5.760472957990714,6060,0,0,215.0036915,nan,nan,nan
HOSP-STD-25-01,25,61,dmab3030,217.5038375,217.5,0.0,0.0,3030,3030,3.0673857500078157,0,3030,10,nan,nan,nan,nan
HOSP-STD-25-01,25,61,fixed_portfolio6060,215.0036915,215.0,0.0,0.0,6060,6060,5.926931666006567,3030,3030,10,215.0036915,215.0036915,217.5038375,nan
HOSP-STD-25-01,25,61,two_uniform6060,215.0036915,215.0,0.0,0.0,6060,6060,5.856758706999244,6060,0,0,215.0036915,215.0036915,nan,220.0038665
HOSP-STD-25-01,25,61,learned_free6060,215.0036915,215.0,0.0,0.0,6060,6060,6.009129041995038,2430,3630,11,239.7037225,nan,nan,nan
HOSP-STD-25-01,25,61,learned_protected6060,215.0036915,215.0,0.0,0.0,6060,6060,5.814034082999569,4380,1680,5,215.0036915,nan,nan,nan
HOSP-STD-25-01,25,62,uniform3030,227.5039225,227.5,0.0,0.0,3030,3030,2.894699083000887,3030,0,0,227.5039225,nan,nan,nan
HOSP-STD-25-01,25,62,uniform6060,225.5039985,225.5,0.0,0.0,6060,6060,5.83682399999816,6060,0,0,227.5039225,nan,nan,nan
HOSP-STD-25-01,25,62,dmab3030,234.0036965,234.0,0.0,0.0,3030,3030,3.0123260420077713,0,3030,11,nan,nan,nan,nan
HOSP-STD-25-01,25,62,fixed_portfolio6060,227.5039225,227.5,0.0,0.0,6060,6060,5.9070251250086585,3030,3030,11,227.5039225,227.5039225,234.0036965,nan
HOSP-STD-25-01,25,62,two_uniform6060,227.5039225,227.5,0.0,0.0,6060,6060,5.752060500002699,6060,0,0,227.5039225,227.5039225,nan,231.5041005
HOSP-STD-25-01,25,62,learned_free6060,227.5039225,227.5,0.0,0.0,6060,6060,5.808061749994522,2580,3480,11,239.7037225,nan,nan,nan
HOSP-STD-25-01,25,62,learned_protected6060,227.5039225,227.5,0.0,0.0,6060,6060,5.81277200000477,4380,1680,4,227.5039225,nan,nan,nan
HOSP-STD-25-01,25,63,uniform3030,221.5039375,221.5,0.0,0.0,3030,3030,2.881941290994291,3030,0,0,221.5039375,nan,nan,nan
HOSP-STD-25-01,25,63,uniform6060,221.5039375,221.5,0.0,0.0,6060,6060,5.821602457988774,6060,0,0,221.5039375,nan,nan,nan
HOSP-STD-25-01,25,63,dmab3030,225.0039205,225.0,0.0,0.0,3030,3030,2.9778573329967912,0,3030,10,nan,nan,nan,nan
HOSP-STD-25-01,25,63,fixed_portfolio6060,221.5039375,221.5,0.0,0.0,6060,6060,5.859798623991082,3030,3030,10,221.5039375,221.5039375,225.0039205,nan
HOSP-STD-25-01,25,63,two_uniform6060,221.5039375,221.5,0.0,0.0,6060,6060,5.836375915983808,6060,0,0,221.5039375,221.5039375,nan,222.5040205
HOSP-STD-25-01,25,63,learned_free6060,221.5039375,221.5,0.0,0.0,6060,6060,5.9781409580027685,3330,2730,10,239.7037225,nan,nan,nan
HOSP-STD-25-01,25,63,learned_protected6060,221.5039375,221.5,0.0,0.0,6060,6060,5.8962192089966265,4380,1680,6,221.5039375,nan,nan,nan
HOSP-STD-25-01,25,64,uniform3030,213.5038025,213.5,0.0,0.0,3030,3030,2.851639291999163,3030,0,0,213.5038025,nan,nan,nan
HOSP-STD-25-01,25,64,uniform6060,213.5038025,213.5,0.0,0.0,6060,6060,5.706126666991622,6060,0,0,213.5038025,nan,nan,nan
HOSP-STD-25-01,25,64,dmab3030,226.95417999999998,226.0,0.5,0.5,3030,3030,2.8706779579952126,0,3030,15,nan,nan,nan,nan
HOSP-STD-25-01,25,64,fixed_portfolio6060,213.5038025,213.5,0.0,0.0,6060,6060,5.722317249994376,3030,3030,15,213.5038025,213.5038025,226.95417999999998,nan
HOSP-STD-25-01,25,64,two_uniform6060,213.5038025,213.5,0.0,0.0,6060,6060,5.717256125004496,6060,0,0,213.5038025,213.5038025,nan,230.5038275
HOSP-STD-25-01,25,64,learned_free6060,212.5039165,212.5,0.0,0.0,6060,6060,5.84016670800338,2580,3480,17,239.7037225,nan,nan,nan
HOSP-STD-25-01,25,64,learned_protected6060,213.5038025,213.5,0.0,0.0,6060,6060,6.672956709007849,4680,1380,8,213.5038025,nan,nan,nan
HOSP-STD-25-01,25,65,uniform3030,233.0037865,233.0,0.0,0.0,3030,3030,2.8582952919969102,3030,0,0,233.0037865,nan,nan,nan
HOSP-STD-25-01,25,65,uniform6060,225.453656,224.5,0.5,0.5,6060,6060,5.737498500006041,6060,0,0,233.0037865,nan,nan,nan
HOSP-STD-25-01,25,65,dmab3030,216.0039365,216.0,0.0,0.0,3030,3030,2.9633491249987856,0,3030,12,nan,nan,nan,nan
HOSP-STD-25-01,25,65,fixed_portfolio6060,216.0039365,216.0,0.0,0.0,6060,6060,5.821644416995696,3030,3030,12,233.0037865,233.0037865,216.0039365,nan
HOSP-STD-25-01,25,65,two_uniform6060,219.1038275,215.5,3.0,1.5,6060,6060,5.742648166997242,6060,0,0,233.0037865,233.0037865,nan,219.1038275
HOSP-STD-25-01,25,65,learned_free6060,216.0039365,216.0,0.0,0.0,6060,6060,6.342355457993108,3780,2280,9,239.7037225,nan,nan,nan
HOSP-STD-25-01,25,65,learned_protected6060,216.0039365,216.0,0.0,0.0,6060,6060,6.3686844170006225,4530,1530,9,233.0037865,nan,nan,nan
HOSP-STD-25-01,25,66,uniform3030,220.5040405,220.5,0.0,0.0,3030,3030,2.9497478749981383,3030,0,0,220.5040405,nan,nan,nan
HOSP-STD-25-01,25,66,uniform6060,220.5040405,220.5,0.0,0.0,6060,6060,5.927446540998062,6060,0,0,220.5040405,nan,nan,nan
HOSP-STD-25-01,25,66,dmab3030,217.5037195,217.5,0.0,0.0,3030,3030,2.9474005000083707,0,3030,16,nan,nan,nan,nan
HOSP-STD-25-01,25,66,fixed_portfolio6060,217.5037195,217.5,0.0,0.0,6060,6060,5.897148375006509,3030,3030,16,220.5040405,220.5040405,217.5037195,nan
HOSP-STD-25-01,25,66,two_uniform6060,220.5040405,220.5,0.0,0.0,6060,6060,5.906204333005007,6060,0,0,220.5040405,220.5040405,nan,223.0037925
HOSP-STD-25-01,25,66,learned_free6060,217.5037195,217.5,0.0,0.0,6060,6060,6.481317999991006,3330,2730,15,239.7037225,nan,nan,nan
HOSP-STD-25-01,25,66,learned_protected6060,217.5037195,217.5,0.0,0.0,6060,6060,6.134526874986477,4530,1530,12,220.5040405,nan,nan,nan
HOSP-STD-25-01,25,67,uniform3030,219.5040045,219.5,0.0,0.0,3030,3030,2.9525054580008145,3030,0,0,219.5040045,nan,nan,nan
HOSP-STD-25-01,25,67,uniform6060,214.5042615,214.5,0.0,0.0,6060,6060,5.89679874999274,6060,0,0,219.5040045,nan,nan,nan
HOSP-STD-25-01,25,67,dmab3030,224.5041085,224.5,0.0,0.0,3030,3030,3.0639855000044918,0,3030,9,nan,nan,nan,nan
HOSP-STD-25-01,25,67,fixed_portfolio6060,219.5040045,219.5,0.0,0.0,6060,6060,6.016490958005306,3030,3030,9,219.5040045,219.5040045,224.5041085,nan
HOSP-STD-25-01,25,67,two_uniform6060,218.0038865,218.0,0.0,0.0,6060,6060,6.408476750002592,6060,0,0,219.5040045,219.5040045,nan,218.0038865
HOSP-STD-25-01,25,67,learned_free6060,219.5040045,219.5,0.0,0.0,6060,6060,6.531766707994393,3630,2430,9,239.7037225,nan,nan,nan
HOSP-STD-25-01,25,67,learned_protected6060,214.5042615,214.5,0.0,0.0,6060,6060,6.8648954579985,4830,1230,3,219.5040045,nan,nan,nan
HOSP-STD-25-01,25,68,uniform3030,230.0041685,230.0,0.0,0.0,3030,3030,2.9823217500088504,3030,0,0,230.0041685,nan,nan,nan
HOSP-STD-25-01,25,68,uniform6060,225.5042045,225.5,0.0,0.0,6060,6060,6.339412333021755,6060,0,0,230.0041685,nan,nan,nan
HOSP-STD-25-01,25,68,dmab3030,213.0039685,213.0,0.0,0.0,3030,3030,3.3466021249914775,0,3030,17,nan,nan,nan,nan
HOSP-STD-25-01,25,68,fixed_portfolio6060,213.0039685,213.0,0.0,0.0,6060,6060,6.328923875000328,3030,3030,17,230.0041685,230.0041685,213.0039685,nan
HOSP-STD-25-01,25,68,two_uniform6060,228.0039935,228.0,0.0,0.0,6060,6060,5.947904459011625,6060,0,0,230.0041685,230.0041685,nan,228.0039935
HOSP-STD-25-01,25,68,learned_free6060,213.0039685,213.0,0.0,0.0,6060,6060,6.464214292005636,2430,3630,20,239.7037225,nan,nan,nan
HOSP-STD-25-01,25,68,learned_protected6060,222.5038165,222.5,0.0,0.0,6060,6060,6.2105520000041,4380,1680,11,230.0041685,nan,nan,nan
HOSP-STD-25-01,25,69,uniform3030,228.5037795,228.5,0.0,0.0,3030,3030,3.2412326250050683,3030,0,0,228.5037795,nan,nan,nan
HOSP-STD-25-01,25,69,uniform6060,205.5035465,205.5,0.0,0.0,6060,6060,6.581171125013498,6060,0,0,228.5037795,nan,nan,nan
HOSP-STD-25-01,25,69,dmab3030,220.653862,214.0,3.5,3.5,3030,3030,3.033447833993705,0,3030,9,nan,nan,nan,nan
HOSP-STD-25-01,25,69,fixed_portfolio6060,220.653862,214.0,3.5,3.5,6060,6060,6.274680458998773,3030,3030,9,228.5037795,228.5037795,220.653862,nan
HOSP-STD-25-01,25,69,two_uniform6060,220.5037825,220.5,0.0,0.0,6060,6060,6.178368542008684,6060,0,0,228.5037795,228.5037795,nan,220.5037825
HOSP-STD-25-01,25,69,learned_free6060,220.653862,214.0,3.5,3.5,6060,6060,6.857480249993387,1830,4230,16,239.7037225,nan,nan,nan
HOSP-STD-25-01,25,69,learned_protected6060,205.5035465,205.5,0.0,0.0,6060,6060,6.011694458007696,4980,1080,8,228.5037795,nan,nan,nan
HOSP-STD-25-01,25,70,uniform3030,225.5040595,225.5,0.0,0.0,3030,3030,3.567732707990217,3030,0,0,225.5040595,nan,nan,nan
HOSP-STD-25-01,25,70,uniform6060,225.5040595,225.5,0.0,0.0,6060,6060,6.520819874989684,6060,0,0,225.5040595,nan,nan,nan
HOSP-STD-25-01,25,70,dmab3030,218.5039015,218.5,0.0,0.0,3030,3030,2.9900358750019222,0,3030,19,nan,nan,nan,nan
HOSP-STD-25-01,25,70,fixed_portfolio6060,218.5039015,218.5,0.0,0.0,6060,6060,6.557768582992139,3030,3030,19,225.5040595,225.5040595,218.5039015,nan
HOSP-STD-25-01,25,70,two_uniform6060,225.5040595,225.5,0.0,0.0,6060,6060,6.473735832987586,6060,0,0,225.5040595,225.5040595,nan,229.0041695
HOSP-STD-25-01,25,70,learned_free6060,218.5039015,218.5,0.0,0.0,6060,6060,6.646562750000157,3330,2730,15,239.7037225,nan,nan,nan
HOSP-STD-25-01,25,70,learned_protected6060,218.5039015,218.5,0.0,0.0,6060,6060,5.992668749997392,4230,1830,9,225.5040595,nan,nan,nan
HOSP-STD-25-01,25,71,uniform3030,223.0040645,223.0,0.0,0.0,3030,3030,3.021242832997814,3030,0,0,223.0040645,nan,nan,nan
HOSP-STD-25-01,25,71,uniform6060,223.0040645,223.0,0.0,0.0,6060,6060,5.9852253749995725,6060,0,0,223.0040645,nan,nan,nan
HOSP-STD-25-01,25,71,dmab3030,222.5042535,222.5,0.0,0.0,3030,3030,3.7665406669984804,0,3030,16,nan,nan,nan,nan
HOSP-STD-25-01,25,71,fixed_portfolio6060,222.5042535,222.5,0.0,0.0,6060,6060,6.787783499996294,3030,3030,16,223.0040645,223.0040645,222.5042535,nan
HOSP-STD-25-01,25,71,two_uniform6060,222.0039925,222.0,0.0,0.0,6060,6060,6.212748874997487,6060,0,0,223.0040645,223.0040645,nan,222.0039925
HOSP-STD-25-01,25,71,learned_free6060,222.5042535,222.5,0.0,0.0,6060,6060,6.614875207989826,2280,3780,21,239.7037225,nan,nan,nan
HOSP-STD-25-01,25,71,learned_protected6060,223.0040645,223.0,0.0,0.0,6060,6060,6.284850042007747,4530,1530,9,223.0040645,nan,nan,nan
HOSP-STD-25-01,25,72,uniform3030,228.5036845,228.5,0.0,0.0,3030,3030,3.078047625007457,3030,0,0,228.5036845,nan,nan,nan
HOSP-STD-25-01,25,72,uniform6060,214.0039515,214.0,0.0,0.0,6060,6060,6.012211249995744,6060,0,0,228.5036845,nan,nan,nan
HOSP-STD-25-01,25,72,dmab3030,227.0039115,227.0,0.0,0.0,3030,3030,3.151472957993974,0,3030,16,nan,nan,nan,nan
HOSP-STD-25-01,25,72,fixed_portfolio6060,227.0039115,227.0,0.0,0.0,6060,6060,6.229520583001431,3030,3030,16,228.5036845,228.5036845,227.0039115,nan
HOSP-STD-25-01,25,72,two_uniform6060,227.0039665,227.0,0.0,0.0,6060,6060,5.9486883750068955,6060,0,0,228.5036845,228.5036845,nan,227.0039665
HOSP-STD-25-01,25,72,learned_free6060,215.5036375,215.5,0.0,0.0,6060,6060,6.099363041008473,1980,4080,23,239.7037225,nan,nan,nan
HOSP-STD-25-01,25,72,learned_protected6060,228.5036845,228.5,0.0,0.0,6060,6060,6.814517541992245,4380,1680,4,228.5036845,nan,nan,nan
HOSP-STD-25-01,25,73,uniform3030,224.0040135,224.0,0.0,0.0,3030,3030,3.002634125004988,3030,0,0,224.0040135,nan,nan,nan
HOSP-STD-25-01,25,73,uniform6060,209.0036685,209.0,0.0,0.0,6060,6060,5.984200125007192,6060,0,0,224.0040135,nan,nan,nan
HOSP-STD-25-01,25,73,dmab3030,219.5040595,219.5,0.0,0.0,3030,3030,2.9468383750063367,0,3030,13,nan,nan,nan,nan
HOSP-STD-25-01,25,73,fixed_portfolio6060,219.5040595,219.5,0.0,0.0,6060,6060,5.949472500011325,3030,3030,13,224.0040135,224.0040135,219.5040595,nan
HOSP-STD-25-01,25,73,two_uniform6060,224.0040135,224.0,0.0,0.0,6060,6060,5.985031375006656,6060,0,0,224.0040135,224.0040135,nan,225.0038845
HOSP-STD-25-01,25,73,learned_free6060,219.5040595,219.5,0.0,0.0,6060,6060,6.184163792000618,2430,3630,13,239.7037225,nan,nan,nan
HOSP-STD-25-01,25,73,learned_protected6060,219.5040595,219.5,0.0,0.0,6060,6060,7.096772499993676,4380,1680,7,224.0040135,nan,nan,nan
HOSP-STD-25-01,25,74,uniform3030,231.5041715,231.5,0.0,0.0,3030,3030,2.8984844999940833,3030,0,0,231.5041715,nan,nan,nan
HOSP-STD-25-01,25,74,uniform6060,231.5041715,231.5,0.0,0.0,6060,6060,5.859255999996094,6060,0,0,231.5041715,nan,nan,nan
HOSP-STD-25-01,25,74,dmab3030,225.0038555,225.0,0.0,0.0,3030,3030,3.0559456249902723,0,3030,6,nan,nan,nan,nan
HOSP-STD-25-01,25,74,fixed_portfolio6060,225.0038555,225.0,0.0,0.0,6060,6060,5.954430124984356,3030,3030,6,231.5041715,231.5041715,225.0038555,nan
HOSP-STD-25-01,25,74,two_uniform6060,206.5040695,206.5,0.0,0.0,6060,6060,5.86431295798684,6060,0,0,231.5041715,231.5041715,nan,206.5040695
HOSP-STD-25-01,25,74,learned_free6060,225.0038555,225.0,0.0,0.0,6060,6060,6.415344624998397,2730,3330,6,239.7037225,nan,nan,nan
HOSP-STD-25-01,25,74,learned_protected6060,225.0038555,225.0,0.0,0.0,6060,6060,7.12643841598765,4080,1980,3,231.5041715,nan,nan,nan
HOSP-STD-25-01,25,75,uniform3030,227.5041035,227.5,0.0,0.0,3030,3030,2.948347958008526,3030,0,0,227.5041035,nan,nan,nan
HOSP-STD-25-01,25,75,uniform6060,221.0040365,221.0,0.0,0.0,6060,6060,6.006846375006717,6060,0,0,227.5041035,nan,nan,nan
HOSP-STD-25-01,25,75,dmab3030,223.5037075,223.5,0.0,0.0,3030,3030,3.192180208003265,0,3030,10,nan,nan,nan,nan
HOSP-STD-25-01,25,75,fixed_portfolio6060,223.5037075,223.5,0.0,0.0,6060,6060,6.140528166011791,3030,3030,10,227.5041035,227.5041035,223.5037075,nan
HOSP-STD-25-01,25,75,two_uniform6060,212.453823,211.5,0.5,0.5,6060,6060,6.1980165830027545,6060,0,0,227.5041035,227.5041035,nan,212.453823
HOSP-STD-25-01,25,75,learned_free6060,223.5037075,223.5,0.0,0.0,6060,6060,7.170564499989268,3330,2730,9,239.7037225,nan,nan,nan
HOSP-STD-25-01,25,75,learned_protected6060,227.5041035,227.5,0.0,0.0,6060,6060,6.8975042090023635,4230,1830,7,227.5041035,nan,nan,nan
HOSP-STD-25-01,25,76,uniform3030,227.0043045,227.0,0.0,0.0,3030,3030,3.428585750007187,3030,0,0,227.0043045,nan,nan,nan
HOSP-STD-25-01,25,76,uniform6060,227.0043045,227.0,0.0,0.0,6060,6060,6.842089167010272,6060,0,0,227.0043045,nan,nan,nan
HOSP-STD-25-01,25,76,dmab3030,216.0036095,216.0,0.0,0.0,3030,3030,3.2787255000002915,0,3030,13,nan,nan,nan,nan
HOSP-STD-25-01,25,76,fixed_portfolio6060,216.0036095,216.0,0.0,0.0,6060,6060,6.7073112500074785,3030,3030,13,227.0043045,227.0043045,216.0036095,nan
HOSP-STD-25-01,25,76,two_uniform6060,221.0040355,221.0,0.0,0.0,6060,6060,6.838742542007822,6060,0,0,227.0043045,227.0043045,nan,221.0040355
HOSP-STD-25-01,25,76,learned_free6060,216.0036095,216.0,0.0,0.0,6060,6060,6.787087749995408,3030,3030,13,239.7037225,nan,nan,nan
HOSP-STD-25-01,25,76,learned_protected6060,227.0043045,227.0,0.0,0.0,6060,6060,6.662219499994535,4380,1680,6,227.0043045,nan,nan,nan
HOSP-STD-25-01,25,77,uniform3030,217.0037605,217.0,0.0,0.0,3030,3030,3.272137958003441,3030,0,0,217.0037605,nan,nan,nan
HOSP-STD-25-01,25,77,uniform6060,217.0037605,217.0,0.0,0.0,6060,6060,6.75548258300114,6060,0,0,217.0037605,nan,nan,nan
HOSP-STD-25-01,25,77,dmab3030,215.0036945,215.0,0.0,0.0,3030,3030,3.275937165992218,0,3030,21,nan,nan,nan,nan
HOSP-STD-25-01,25,77,fixed_portfolio6060,215.0036945,215.0,0.0,0.0,6060,6060,6.548075123995659,3030,3030,21,217.0037605,217.0037605,215.0036945,nan
HOSP-STD-25-01,25,77,two_uniform6060,217.0037605,217.0,0.0,0.0,6060,6060,6.870004917000188,6060,0,0,217.0037605,217.0037605,nan,228.0042745
HOSP-STD-25-01,25,77,learned_free6060,215.0036945,215.0,0.0,0.0,6060,6060,6.899375708002481,3330,2730,16,239.7037225,nan,nan,nan
HOSP-STD-25-01,25,77,learned_protected6060,215.0036945,215.0,0.0,0.0,6060,6060,6.969104999996489,4380,1680,11,217.0037605,nan,nan,nan
HOSP-STD-25-01,25,78,uniform3030,213.5036795,213.5,0.0,0.0,3030,3030,3.47499879199313,3030,0,0,213.5036795,nan,nan,nan
HOSP-STD-25-01,25,78,uniform6060,213.5036795,213.5,0.0,0.0,6060,6060,6.620942625988391,6060,0,0,213.5036795,nan,nan,nan
HOSP-STD-25-01,25,78,dmab3030,228.0039735,228.0,0.0,0.0,3030,3030,3.459450708993245,0,3030,9,nan,nan,nan,nan
HOSP-STD-25-01,25,78,fixed_portfolio6060,213.5036795,213.5,0.0,0.0,6060,6060,6.934449500986375,3030,3030,9,213.5036795,213.5036795,228.0039735,nan
HOSP-STD-25-01,25,78,two_uniform6060,213.5036795,213.5,0.0,0.0,6060,6060,6.844396124986815,6060,0,0,213.5036795,213.5036795,nan,221.0037895
HOSP-STD-25-01,25,78,learned_free6060,213.5036795,213.5,0.0,0.0,6060,6060,6.89010491699446,2880,3180,11,239.7037225,nan,nan,nan
HOSP-STD-25-01,25,78,learned_protected6060,213.5036795,213.5,0.0,0.0,6060,6060,7.110852207988501,4380,1680,3,213.5036795,nan,nan,nan
HOSP-STD-25-01,25,79,uniform3030,230.0042695,230.0,0.0,0.0,3030,3030,3.66164837499673,3030,0,0,230.0042695,nan,nan,nan
HOSP-STD-25-01,25,79,uniform6060,230.0042695,230.0,0.0,0.0,6060,6060,7.0612511670042295,6060,0,0,230.0042695,nan,nan,nan
HOSP-STD-25-01,25,79,dmab3030,227.0039365,227.0,0.0,0.0,3030,3030,3.5434874589991523,0,3030,10,nan,nan,nan,nan
HOSP-STD-25-01,25,79,fixed_portfolio6060,227.0039365,227.0,0.0,0.0,6060,6060,7.205135833995882,3030,3030,10,230.0042695,230.0042695,227.0039365,nan
HOSP-STD-25-01,25,79,two_uniform6060,222.0039495,222.0,0.0,0.0,6060,6060,6.944949499986251,6060,0,0,230.0042695,230.0042695,nan,222.0039495
HOSP-STD-25-01,25,79,learned_free6060,220.0040565,220.0,0.0,0.0,6060,6060,7.665963124993141,2430,3630,12,239.7037225,nan,nan,nan
HOSP-STD-25-01,25,79,learned_protected6060,230.0042695,230.0,0.0,0.0,6060,6060,6.991300333000254,4380,1680,4,230.0042695,nan,nan,nan
HOSP-STD-25-02,25,60,uniform3030,259.0042575,259.0,0.0,0.0,3030,3030,3.5067893329978688,3030,0,0,259.0042575,nan,nan,nan
HOSP-STD-25-02,25,60,uniform6060,255.0048625,255.0,0.0,0.0,6060,6060,7.073655874002725,6060,0,0,259.0042575,nan,nan,nan
HOSP-STD-25-02,25,60,dmab3030,254.0049415,254.0,0.0,0.0,3030,3030,3.407550459000049,0,3030,5,nan,nan,nan,nan
HOSP-STD-25-02,25,60,fixed_portfolio6060,254.0049415,254.0,0.0,0.0,6060,6060,6.914339791997918,3030,3030,5,259.0042575,259.0042575,254.0049415,nan
HOSP-STD-25-02,25,60,two_uniform6060,253.5043175,253.5,0.0,0.0,6060,6060,6.840616832996602,6060,0,0,259.0042575,259.0042575,nan,253.5043175
HOSP-STD-25-02,25,60,learned_free6060,254.0049415,254.0,0.0,0.0,6060,6060,6.180788958998164,2130,3930,10,267.0042625,nan,nan,nan
HOSP-STD-25-02,25,60,learned_protected6060,256.5048105,256.5,0.0,0.0,6060,6060,6.5728552079963265,4230,1830,0,259.0042575,nan,nan,nan
HOSP-STD-25-02,25,61,uniform3030,254.5046125,254.5,0.0,0.0,3030,3030,3.6637549580045743,3030,0,0,254.5046125,nan,nan,nan
HOSP-STD-25-02,25,61,uniform6060,245.0043925,245.0,0.0,0.0,6060,6060,7.038158333001775,6060,0,0,254.5046125,nan,nan,nan
HOSP-STD-25-02,25,61,dmab3030,261.0046175,261.0,0.0,0.0,3030,3030,3.3448513749899575,0,3030,14,nan,nan,nan,nan
HOSP-STD-25-02,25,61,fixed_portfolio6060,254.5046125,254.5,0.0,0.0,6060,6060,7.008606332994532,3030,3030,14,254.5046125,254.5046125,261.0046175,nan
HOSP-STD-25-02,25,61,two_uniform6060,254.5046125,254.5,0.0,0.0,6060,6060,6.717430165997939,6060,0,0,254.5046125,254.5046125,nan,259.5041115
HOSP-STD-25-02,25,61,learned_free6060,254.5046125,254.5,0.0,0.0,6060,6060,6.451017792001949,3180,2880,11,267.0042625,nan,nan,nan
HOSP-STD-25-02,25,61,learned_protected6060,254.5046125,254.5,0.0,0.0,6060,6060,6.678387250009109,4380,1680,4,254.5046125,nan,nan,nan
HOSP-STD-25-02,25,62,uniform3030,267.0042625,267.0,0.0,0.0,3030,3030,3.4253109999990556,3030,0,0,267.0042625,nan,nan,nan
HOSP-STD-25-02,25,62,uniform6060,260.5046755,260.5,0.0,0.0,6060,6060,6.758934208992287,6060,0,0,267.0042625,nan,nan,nan
HOSP-STD-25-02,25,62,dmab3030,254.0050195,254.0,0.0,0.0,3030,3030,3.2101489160122583,0,3030,13,nan,nan,nan,nan
HOSP-STD-25-02,25,62,fixed_portfolio6060,254.0050195,254.0,0.0,0.0,6060,6060,6.635459916011314,3030,3030,13,267.0042625,267.0042625,254.0050195,nan
HOSP-STD-25-02,25,62,two_uniform6060,262.0047665,262.0,0.0,0.0,6060,6060,6.485167749997345,6060,0,0,267.0042625,267.0042625,nan,262.0047665
HOSP-STD-25-02,25,62,learned_free6060,254.0050195,254.0,0.0,0.0,6060,6060,6.353484708000906,2130,3930,13,267.0042625,nan,nan,nan
HOSP-STD-25-02,25,62,learned_protected6060,267.0042625,267.0,0.0,0.0,6060,6060,6.534465124990675,4680,1380,9,267.0042625,nan,nan,nan
HOSP-STD-25-02,25,63,uniform3030,258.0044715,258.0,0.0,0.0,3030,3030,3.1267794169980334,3030,0,0,258.0044715,nan,nan,nan
HOSP-STD-25-02,25,63,uniform6060,258.0044715,258.0,0.0,0.0,6060,6060,6.16884700099763,6060,0,0,258.0044715,nan,nan,nan
HOSP-STD-25-02,25,63,dmab3030,255.5045925,255.5,0.0,0.0,3030,3030,3.4550638329965295,0,3030,7,nan,nan,nan,nan
HOSP-STD-25-02,25,63,fixed_portfolio6060,255.5045925,255.5,0.0,0.0,6060,6060,6.581843249994563,3030,3030,7,258.0044715,258.0044715,255.5045925,nan
HOSP-STD-25-02,25,63,two_uniform6060,247.5044185,247.5,0.0,0.0,6060,6060,6.492440041998634,6060,0,0,258.0044715,258.0044715,nan,247.5044185
HOSP-STD-25-02,25,63,learned_free6060,255.5045925,255.5,0.0,0.0,6060,6060,6.716232874998241,2430,3630,12,267.0042625,nan,nan,nan
HOSP-STD-25-02,25,63,learned_protected6060,258.0044715,258.0,0.0,0.0,6060,6060,6.329422750000958,4380,1680,6,258.0044715,nan,nan,nan
HOSP-STD-25-02,25,64,uniform3030,249.0042645,249.0,0.0,0.0,3030,3030,3.282337541997549,3030,0,0,249.0042645,nan,nan,nan
HOSP-STD-25-02,25,64,uniform6060,249.0042645,249.0,0.0,0.0,6060,6060,6.3297046669904375,6060,0,0,249.0042645,nan,nan,nan
HOSP-STD-25-02,25,64,dmab3030,253.4044175,251.5,1.0,1.0,3030,3030,3.175483750004787,0,3030,18,nan,nan,nan,nan
HOSP-STD-25-02,25,64,fixed_portfolio6060,249.0042645,249.0,0.0,0.0,6060,6060,6.457821292002336,3030,3030,18,249.0042645,249.0042645,253.4044175,nan
HOSP-STD-25-02,25,64,two_uniform6060,249.0042645,249.0,0.0,0.0,6060,6060,6.341638875994249,6060,0,0,249.0042645,249.0042645,nan,253.0046225
HOSP-STD-25-02,25,64,learned_free6060,249.0042645,249.0,0.0,0.0,6060,6060,6.389282999996794,3330,2730,16,267.0042625,nan,nan,nan
HOSP-STD-25-02,25,64,learned_protected6060,249.0042645,249.0,0.0,0.0,6060,6060,6.012178999997559,4380,1680,8,249.0042645,nan,nan,nan
HOSP-STD-25-02,25,65,uniform3030,258.5045825,258.5,0.0,0.0,3030,3030,3.1011789170006523,3030,0,0,258.5045825,nan,nan,nan
HOSP-STD-25-02,25,65,uniform6060,258.5045825,258.5,0.0,0.0,6060,6060,6.218144166996353,6060,0,0,258.5045825,nan,nan,nan
HOSP-STD-25-02,25,65,dmab3030,263.0044735,263.0,0.0,0.0,3030,3030,3.1927846250036964,0,3030,19,nan,nan,nan,nan
HOSP-STD-25-02,25,65,fixed_portfolio6060,258.5045825,258.5,0.0,0.0,6060,6060,6.293963542004349,3030,3030,19,258.5045825,258.5045825,263.0044735,nan
HOSP-STD-25-02,25,65,two_uniform6060,253.0048695,253.0,0.0,0.0,6060,6060,6.306577541996376,6060,0,0,258.5045825,258.5045825,nan,253.0048695
HOSP-STD-25-02,25,65,learned_free6060,258.5045825,258.5,0.0,0.0,6060,6060,6.187774584002909,3630,2430,12,267.0042625,nan,nan,nan
HOSP-STD-25-02,25,65,learned_protected6060,258.5045825,258.5,0.0,0.0,6060,6060,5.935408791992813,4380,1680,10,258.5045825,nan,nan,nan
HOSP-STD-25-02,25,66,uniform3030,265.5046685,265.5,0.0,0.0,3030,3030,3.1076003329944797,3030,0,0,265.5046685,nan,nan,nan
HOSP-STD-25-02,25,66,uniform6060,254.0048615,254.0,0.0,0.0,6060,6060,6.271331790994736,6060,0,0,265.5046685,nan,nan,nan
HOSP-STD-25-02,25,66,dmab3030,260.0048595,260.0,0.0,0.0,3030,3030,3.3564552500029095,0,3030,6,nan,nan,nan,nan
HOSP-STD-25-02,25,66,fixed_portfolio6060,260.0048595,260.0,0.0,0.0,6060,6060,6.464055582997389,3030,3030,6,265.5046685,265.5046685,260.0048595,nan
HOSP-STD-25-02,25,66,two_uniform6060,250.5047245,250.5,0.0,0.0,6060,6060,6.189188874996034,6060,0,0,265.5046685,265.5046685,nan,250.5047245
HOSP-STD-25-02,25,66,learned_free6060,255.0045985,255.0,0.0,0.0,6060,6060,6.111825708008837,2730,3330,6,267.0042625,nan,nan,nan
HOSP-STD-25-02,25,66,learned_protected6060,254.0048615,254.0,0.0,0.0,6060,6060,6.115650041989284,4980,1080,6,265.5046685,nan,nan,nan
HOSP-STD-25-02,25,67,uniform3030,260.5046905,260.5,0.0,0.0,3030,3030,3.199724125006469,3030,0,0,260.5046905,nan,nan,nan
HOSP-STD-25-02,25,67,uniform6060,260.5046905,260.5,0.0,0.0,6060,6060,6.324229542005924,6060,0,0,260.5046905,nan,nan,nan
HOSP-STD-25-02,25,67,dmab3030,255.5044305,255.5,0.0,0.0,3030,3030,3.0226050409983145,0,3030,10,nan,nan,nan,nan
HOSP-STD-25-02,25,67,fixed_portfolio6060,255.5044305,255.5,0.0,0.0,6060,6060,6.2223291660047835,3030,3030,10,260.5046905,260.5046905,255.5044305,nan
HOSP-STD-25-02,25,67,two_uniform6060,260.5046905,260.5,0.0,0.0,6060,6060,6.20332154200878,6060,0,0,260.5046905,260.5046905,nan,261.5044035
HOSP-STD-25-02,25,67,learned_free6060,260.5046905,260.5,0.0,0.0,6060,6060,6.296564792006393,4080,1980,8,267.0042625,nan,nan,nan
HOSP-STD-25-02,25,67,learned_protected6060,260.5046905,260.5,0.0,0.0,6060,6060,6.512559333001263,4680,1380,7,260.5046905,nan,nan,nan
HOSP-STD-25-02,25,68,uniform3030,258.5045615,258.5,0.0,0.0,3030,3030,2.896194208005909,3030,0,0,258.5045615,nan,nan,nan
HOSP-STD-25-02,25,68,uniform6060,258.5045615,258.5,0.0,0.0,6060,6060,6.063820708004641,6060,0,0,258.5045615,nan,nan,nan
HOSP-STD-25-02,25,68,dmab3030,256.0047045,256.0,0.0,0.0,3030,3030,3.2411109169916017,0,3030,15,nan,nan,nan,nan
HOSP-STD-25-02,25,68,fixed_portfolio6060,256.0047045,256.0,0.0,0.0,6060,6060,6.137305124997511,3030,3030,15,258.5045615,258.5045615,256.0047045,nan
HOSP-STD-25-02,25,68,two_uniform6060,247.5043815,247.5,0.0,0.0,6060,6060,6.035780125006568,6060,0,0,258.5045615,258.5045615,nan,247.5043815
HOSP-STD-25-02,25,68,learned_free6060,256.0047045,256.0,0.0,0.0,6060,6060,6.5182053329917835,2130,3930,22,267.0042625,nan,nan,nan
HOSP-STD-25-02,25,68,learned_protected6060,256.654674,254.5,1.5,1.0,6060,6060,6.423770624998724,4380,1680,7,258.5045615,nan,nan,nan
HOSP-STD-25-02,25,69,uniform3030,247.5042385,247.5,0.0,0.0,3030,3030,3.2420185829978436,3030,0,0,247.5042385,nan,nan,nan
HOSP-STD-25-02,25,69,uniform6060,247.5042385,247.5,0.0,0.0,6060,6060,6.342443332992843,6060,0,0,247.5042385,nan,nan,nan
HOSP-STD-25-02,25,69,dmab3030,263.5047515,263.5,0.0,0.0,3030,3030,3.372138916995027,0,3030,6,nan,nan,nan,nan
HOSP-STD-25-02,25,69,fixed_portfolio6060,247.5042385,247.5,0.0,0.0,6060,6060,6.614157499992871,3030,3030,6,247.5042385,247.5042385,263.5047515,nan
HOSP-STD-25-02,25,69,two_uniform6060,247.5042385,247.5,0.0,0.0,6060,6060,6.3836758749966975,6060,0,0,247.5042385,247.5042385,nan,250.0044875
HOSP-STD-25-02,25,69,learned_free6060,247.5042385,247.5,0.0,0.0,6060,6060,6.871114082998247,3330,2730,6,267.0042625,nan,nan,nan
HOSP-STD-25-02,25,69,learned_protected6060,247.5042385,247.5,0.0,0.0,6060,6060,5.845553999999538,4680,1380,2,247.5042385,nan,nan,nan
HOSP-STD-25-02,25,70,uniform3030,266.0048655,266.0,0.0,0.0,3030,3030,3.136279166006716,3030,0,0,266.0048655,nan,nan,nan
HOSP-STD-25-02,25,70,uniform6060,257.0045465,257.0,0.0,0.0,6060,6060,6.364022957000998,6060,0,0,266.0048655,nan,nan,nan
HOSP-STD-25-02,25,70,dmab3030,261.0047635,261.0,0.0,0.0,3030,3030,3.12300116600818,0,3030,11,nan,nan,nan,nan
HOSP-STD-25-02,25,70,fixed_portfolio6060,261.0047635,261.0,0.0,0.0,6060,6060,6.259280332014896,3030,3030,11,266.0048655,266.0048655,261.0047635,nan
HOSP-STD-25-02,25,70,two_uniform6060,261.5048085,261.5,0.0,0.0,6060,6060,6.386769832999562,6060,0,0,266.0048655,266.0048655,nan,261.5048085
HOSP-STD-25-02,25,70,learned_free6060,261.0047635,261.0,0.0,0.0,6060,6060,6.765571084004478,3030,3030,11,267.0042625,nan,nan,nan
HOSP-STD-25-02,25,70,learned_protected6060,261.0047635,261.0,0.0,0.0,6060,6060,5.8676940409932286,3930,2130,7,266.0048655,nan,nan,nan
HOSP-STD-25-02,25,71,uniform3030,248.5044065,248.5,0.0,0.0,3030,3030,3.138081625002087,3030,0,0,248.5044065,nan,nan,nan
HOSP-STD-25-02,25,71,uniform6060,248.5044065,248.5,0.0,0.0,6060,6060,6.6258254580025095,6060,0,0,248.5044065,nan,nan,nan
HOSP-STD-25-02,25,71,dmab3030,261.5047845,261.5,0.0,0.0,3030,3030,3.4324246249889256,0,3030,7,nan,nan,nan,nan
HOSP-STD-25-02,25,71,fixed_portfolio6060,248.5044065,248.5,0.0,0.0,6060,6060,6.570506249991013,3030,3030,7,248.5044065,248.5044065,261.5047845,nan
HOSP-STD-25-02,25,71,two_uniform6060,248.5044065,248.5,0.0,0.0,6060,6060,6.2061925000016345,6060,0,0,248.5044065,248.5044065,nan,255.5043875
HOSP-STD-25-02,25,71,learned_free6060,248.5044065,248.5,0.0,0.0,6060,6060,5.827938458998688,2580,3480,9,267.0042625,nan,nan,nan
HOSP-STD-25-02,25,71,learned_protected6060,248.5044065,248.5,0.0,0.0,6060,6060,5.875209165998967,4530,1530,6,248.5044065,nan,nan,nan
HOSP-STD-25-02,25,72,uniform3030,265.5047985,265.5,0.0,0.0,3030,3030,2.761847875008243,3030,0,0,265.5047985,nan,nan,nan
HOSP-STD-25-02,25,72,uniform6060,265.5047985,265.5,0.0,0.0,6060,6060,5.5250768330006395,6060,0,0,265.5047985,nan,nan,nan
HOSP-STD-25-02,25,72,dmab3030,265.65452799999997,259.0,3.5,3.5,3030,3030,2.7915869999997085,0,3030,19,nan,nan,nan,nan
HOSP-STD-25-02,25,72,fixed_portfolio6060,265.5047985,265.5,0.0,0.0,6060,6060,5.553434875007952,3030,3030,19,265.5047985,265.5047985,265.65452799999997,nan
HOSP-STD-25-02,25,72,two_uniform6060,252.5046935,252.5,0.0,0.0,6060,6060,5.534951875015395,6060,0,0,265.5047985,265.5047985,nan,252.5046935
HOSP-STD-25-02,25,72,learned_free6060,265.5047985,265.5,0.0,0.0,6060,6060,5.705166500003543,3330,2730,17,267.0042625,nan,nan,nan
HOSP-STD-25-02,25,72,learned_protected6060,265.5047985,265.5,0.0,0.0,6060,6060,5.81718104200263,4380,1680,11,265.5047985,nan,nan,nan
HOSP-STD-25-02,25,73,uniform3030,254.10433849999998,246.5,4.0,4.0,3030,3030,2.796795124988421,3030,0,0,254.10433849999998,nan,nan,nan
HOSP-STD-25-02,25,73,uniform6060,250.0044605,250.0,0.0,0.0,6060,6060,5.6123863339889795,6060,0,0,254.10433849999998,nan,nan,nan
HOSP-STD-25-02,25,73,dmab3030,257.5044555,257.5,0.0,0.0,3030,3030,2.9724686249974184,0,3030,11,nan,nan,nan,nan
HOSP-STD-25-02,25,73,fixed_portfolio6060,254.10433849999998,246.5,4.0,4.0,6060,6060,5.769263749985839,3030,3030,11,254.10433849999998,254.10433849999998,257.5044555,nan
HOSP-STD-25-02,25,73,two_uniform6060,254.10433849999998,246.5,4.0,4.0,6060,6060,5.589315749981324,6060,0,0,254.10433849999998,254.10433849999998,nan,260.5042685
HOSP-STD-25-02,25,73,learned_free6060,254.10433849999998,246.5,4.0,4.0,6060,6060,6.0219887499988545,3180,2880,11,267.0042625,nan,nan,nan
HOSP-STD-25-02,25,73,learned_protected6060,254.10433849999998,246.5,4.0,4.0,6060,6060,5.77090954099549,4380,1680,8,254.10433849999998,nan,nan,nan
HOSP-STD-25-02,25,74,uniform3030,267.0042625,267.0,0.0,0.0,3030,3030,2.7866412500006845,3030,0,0,267.0042625,nan,nan,nan
HOSP-STD-25-02,25,74,uniform6060,261.5049845,261.5,0.0,0.0,6060,6060,5.605478209006833,6060,0,0,267.0042625,nan,nan,nan
HOSP-STD-25-02,25,74,dmab3030,263.5046335,263.5,0.0,0.0,3030,3030,2.862417833006475,0,3030,23,nan,nan,nan,nan
HOSP-STD-25-02,25,74,fixed_portfolio6060,263.5046335,263.5,0.0,0.0,6060,6060,5.64905908300716,3030,3030,23,267.0042625,267.0042625,263.5046335,nan
HOSP-STD-25-02,25,74,two_uniform6060,261.0047215,261.0,0.0,0.0,6060,6060,5.560589875007281,6060,0,0,267.0042625,267.0042625,nan,261.0047215
HOSP-STD-25-02,25,74,learned_free6060,263.5046335,263.5,0.0,0.0,6060,6060,5.875658917007968,2580,3480,24,267.0042625,nan,nan,nan
HOSP-STD-25-02,25,74,learned_protected6060,266.0047435,266.0,0.0,0.0,6060,6060,5.72428491699975,4230,1830,17,267.0042625,nan,nan,nan
HOSP-STD-25-02,25,75,uniform3030,253.0047055,253.0,0.0,0.0,3030,3030,2.869699666989618,3030,0,0,253.0047055,nan,nan,nan
HOSP-STD-25-02,25,75,uniform6060,253.0047055,253.0,0.0,0.0,6060,6060,5.787120083987247,6060,0,0,253.0047055,nan,nan,nan
HOSP-STD-25-02,25,75,dmab3030,253.5043655,253.5,0.0,0.0,3030,3030,3.0482546249986626,0,3030,7,nan,nan,nan,nan
HOSP-STD-25-02,25,75,fixed_portfolio6060,253.0047055,253.0,0.0,0.0,6060,6060,5.917954291988281,3030,3030,7,253.0047055,253.0047055,253.5043655,nan
HOSP-STD-25-02,25,75,two_uniform6060,253.0047055,253.0,0.0,0.0,6060,6060,5.7080775419890415,6060,0,0,253.0047055,253.0047055,nan,253.5042755
HOSP-STD-25-02,25,75,learned_free6060,253.0047055,253.0,0.0,0.0,6060,6060,6.031167832989013,2880,3180,7,267.0042625,nan,nan,nan
HOSP-STD-25-02,25,75,learned_protected6060,253.0047055,253.0,0.0,0.0,6060,6060,5.891574875000515,4380,1680,7,253.0047055,nan,nan,nan
HOSP-STD-25-02,25,76,uniform3030,253.0045135,253.0,0.0,0.0,3030,3030,2.7683866250008577,3030,0,0,253.0045135,nan,nan,nan
HOSP-STD-25-02,25,76,uniform6060,253.0045135,253.0,0.0,0.0,6060,6060,5.668010833993321,6060,0,0,253.0045135,nan,nan,nan
HOSP-STD-25-02,25,76,dmab3030,267.0042405,267.0,0.0,0.0,3030,3030,2.9350233339937404,0,3030,9,nan,nan,nan,nan
HOSP-STD-25-02,25,76,fixed_portfolio6060,253.0045135,253.0,0.0,0.0,6060,6060,5.703409958994598,3030,3030,9,253.0045135,253.0045135,267.0042405,nan
HOSP-STD-25-02,25,76,two_uniform6060,251.0043485,251.0,0.0,0.0,6060,6060,5.5617837910103844,6060,0,0,253.0045135,253.0045135,nan,251.0043485
HOSP-STD-25-02,25,76,learned_free6060,253.0045135,253.0,0.0,0.0,6060,6060,5.983813415994518,3930,2130,8,267.0042625,nan,nan,nan
HOSP-STD-25-02,25,76,learned_protected6060,253.0045135,253.0,0.0,0.0,6060,6060,5.90682150000066,4530,1530,7,253.0045135,nan,nan,nan
HOSP-STD-25-02,25,77,uniform3030,253.5043025,253.5,0.0,0.0,3030,3030,2.8992510000098264,3030,0,0,253.5043025,nan,nan,nan
HOSP-STD-25-02,25,77,uniform6060,251.5047825,251.5,0.0,0.0,6060,6060,5.769420208016527,6060,0,0,253.5043025,nan,nan,nan
HOSP-STD-25-02,25,77,dmab3030,253.5044715,253.5,0.0,0.0,3030,3030,2.8828027920098975,0,3030,10,nan,nan,nan,nan
HOSP-STD-25-02,25,77,fixed_portfolio6060,253.5043025,253.5,0.0,0.0,6060,6060,5.782053792019724,3030,3030,10,253.5043025,253.5043025,253.5044715,nan
HOSP-STD-25-02,25,77,two_uniform6060,249.0044285,249.0,0.0,0.0,6060,6060,5.767855959013104,6060,0,0,253.5043025,253.5043025,nan,249.0044285
HOSP-STD-25-02,25,77,learned_free6060,253.5043025,253.5,0.0,0.0,6060,6060,6.1295377500064205,2730,3330,10,267.0042625,nan,nan,nan
HOSP-STD-25-02,25,77,learned_protected6060,253.5043025,253.5,0.0,0.0,6060,6060,5.727906208005152,4380,1680,9,253.5043025,nan,nan,nan
HOSP-STD-25-02,25,78,uniform3030,261.0046025,261.0,0.0,0.0,3030,3030,2.899669457998243,3030,0,0,261.0046025,nan,nan,nan
HOSP-STD-25-02,25,78,uniform6060,261.0046025,261.0,0.0,0.0,6060,6060,5.6675864169956185,6060,0,0,261.0046025,nan,nan,nan
HOSP-STD-25-02,25,78,dmab3030,255.5043605,255.5,0.0,0.0,3030,3030,2.8411976250063162,0,3030,4,nan,nan,nan,nan
HOSP-STD-25-02,25,78,fixed_portfolio6060,255.5043605,255.5,0.0,0.0,6060,6060,5.740867083004559,3030,3030,4,261.0046025,261.0046025,255.5043605,nan
HOSP-STD-25-02,25,78,two_uniform6060,252.5043005,252.5,0.0,0.0,6060,6060,5.807088458008366,6060,0,0,261.0046025,261.0046025,nan,252.5043005
HOSP-STD-25-02,25,78,learned_free6060,255.5043605,255.5,0.0,0.0,6060,6060,5.9906696250109235,3030,3030,4,267.0042625,nan,nan,nan
HOSP-STD-25-02,25,78,learned_protected6060,255.5043605,255.5,0.0,0.0,6060,6060,5.746235333994264,4080,1980,1,261.0046025,nan,nan,nan
HOSP-STD-25-02,25,79,uniform3030,249.5047585,249.5,0.0,0.0,3030,3030,3.1019597910053562,3030,0,0,249.5047585,nan,nan,nan
HOSP-STD-25-02,25,79,uniform6060,249.5047585,249.5,0.0,0.0,6060,6060,6.224435541007551,6060,0,0,249.5047585,nan,nan,nan
HOSP-STD-25-02,25,79,dmab3030,258.5044285,258.5,0.0,0.0,3030,3030,2.9623403330042493,0,3030,9,nan,nan,nan,nan
HOSP-STD-25-02,25,79,fixed_portfolio6060,249.5047585,249.5,0.0,0.0,6060,6060,6.0643001240096055,3030,3030,9,249.5047585,249.5047585,258.5044285,nan
HOSP-STD-25-02,25,79,two_uniform6060,249.5047585,249.5,0.0,0.0,6060,6060,5.973711416008882,6060,0,0,249.5047585,249.5047585,nan,251.854421
HOSP-STD-25-02,25,79,learned_free6060,249.5047585,249.5,0.0,0.0,6060,6060,5.922126375007792,3030,3030,9,267.0042625,nan,nan,nan
HOSP-STD-25-02,25,79,learned_protected6060,249.5047585,249.5,0.0,0.0,6060,6060,5.8506220420094905,4530,1530,3,249.5047585,nan,nan,nan
HOSP-STD-25-03,25,60,uniform3030,231.5036955,231.5,0.0,0.0,3030,3030,2.810114792009699,3030,0,0,231.5036955,nan,nan,nan
HOSP-STD-25-03,25,60,uniform6060,230.0040155,230.0,0.0,0.0,6060,6060,5.668468792006024,6060,0,0,231.5036955,nan,nan,nan
HOSP-STD-25-03,25,60,dmab3030,235.0039845,235.0,0.0,0.0,3030,3030,3.0849066670052707,0,3030,5,nan,nan,nan,nan
HOSP-STD-25-03,25,60,fixed_portfolio6060,231.5036955,231.5,0.0,0.0,6060,6060,5.89502145901497,3030,3030,5,231.5036955,231.5036955,235.0039845,nan
HOSP-STD-25-03,25,60,two_uniform6060,231.5036955,231.5,0.0,0.0,6060,6060,5.624492001021281,6060,0,0,231.5036955,231.5036955,nan,239.0037505
HOSP-STD-25-03,25,60,learned_free6060,230.0040155,230.0,0.0,0.0,6060,6060,5.97764791600639,3480,2580,5,239.0037505,nan,nan,nan
HOSP-STD-25-03,25,60,learned_protected6060,230.0040155,230.0,0.0,0.0,6060,6060,5.807839666988002,4980,1080,0,231.5036955,nan,nan,nan
HOSP-STD-25-03,25,61,uniform3030,225.5040565,225.5,0.0,0.0,3030,3030,2.8976327080017654,3030,0,0,225.5040565,nan,nan,nan
HOSP-STD-25-03,25,61,uniform6060,225.5040565,225.5,0.0,0.0,6060,6060,5.7944915410043905,6060,0,0,225.5040565,nan,nan,nan
HOSP-STD-25-03,25,61,dmab3030,239.0037465,239.0,0.0,0.0,3030,3030,2.9358303750050254,0,3030,4,nan,nan,nan,nan
HOSP-STD-25-03,25,61,fixed_portfolio6060,225.5040565,225.5,0.0,0.0,6060,6060,5.833463083006791,3030,3030,4,225.5040565,225.5040565,239.0037465,nan
HOSP-STD-25-03,25,61,two_uniform6060,225.5040565,225.5,0.0,0.0,6060,6060,5.787583540994092,6060,0,0,225.5040565,225.5040565,nan,231.0036485
HOSP-STD-25-03,25,61,learned_free6060,225.5040565,225.5,0.0,0.0,6060,6060,5.760966333007673,3780,2280,3,239.0037505,nan,nan,nan
HOSP-STD-25-03,25,61,learned_protected6060,225.5040565,225.5,0.0,0.0,6060,6060,5.844094457992469,4680,1380,1,225.5040565,nan,nan,nan
HOSP-STD-25-03,25,62,uniform3030,236.5037705,236.5,0.0,0.0,3030,3030,2.8869200000044657,3030,0,0,236.5037705,nan,nan,nan
HOSP-STD-25-03,25,62,uniform6060,236.0044355,236.0,0.0,0.0,6060,6060,5.702550167014124,6060,0,0,236.5037705,nan,nan,nan
HOSP-STD-25-03,25,62,dmab3030,239.0037505,239.0,0.0,0.0,3030,3030,2.929386292002164,0,3030,9,nan,nan,nan,nan
HOSP-STD-25-03,25,62,fixed_portfolio6060,236.5037705,236.5,0.0,0.0,6060,6060,5.8163062920066295,3030,3030,9,236.5037705,236.5037705,239.0037505,nan
HOSP-STD-25-03,25,62,two_uniform6060,231.0037985,231.0,0.0,0.0,6060,6060,5.794489959007478,6060,0,0,236.5037705,236.5037705,nan,231.0037985
HOSP-STD-25-03,25,62,learned_free6060,236.5037705,236.5,0.0,0.0,6060,6060,5.732955999992555,3180,2880,6,239.0037505,nan,nan,nan
HOSP-STD-25-03,25,62,learned_protected6060,236.0044355,236.0,0.0,0.0,6060,6060,5.759951167012332,4680,1380,1,236.5037705,nan,nan,nan
HOSP-STD-25-03,25,63,uniform3030,228.5037345,228.5,0.0,0.0,3030,3030,2.898515958004282,3030,0,0,228.5037345,nan,nan,nan
HOSP-STD-25-03,25,63,uniform6060,228.5037345,228.5,0.0,0.0,6060,6060,5.869834541997989,6060,0,0,228.5037345,nan,nan,nan
HOSP-STD-25-03,25,63,dmab3030,237.0042875,237.0,0.0,0.0,3030,3030,2.9849197500006994,0,3030,7,nan,nan,nan,nan
HOSP-STD-25-03,25,63,fixed_portfolio6060,228.5037345,228.5,0.0,0.0,6060,6060,5.883435708004981,3030,3030,7,228.5037345,228.5037345,237.0042875,nan
HOSP-STD-25-03,25,63,two_uniform6060,228.5037345,228.5,0.0,0.0,6060,6060,5.848903499994776,6060,0,0,228.5037345,228.5037345,nan,233.0040525
HOSP-STD-25-03,25,63,learned_free6060,228.5037345,228.5,0.0,0.0,6060,6060,6.247962625013315,2730,3330,8,239.0037505,nan,nan,nan
HOSP-STD-25-03,25,63,learned_protected6060,228.5037345,228.5,0.0,0.0,6060,6060,5.888502333997167,4530,1530,3,228.5037345,nan,nan,nan
HOSP-STD-25-03,25,64,uniform3030,236.0043895,236.0,0.0,0.0,3030,3030,2.8472493330045836,3030,0,0,236.0043895,nan,nan,nan
HOSP-STD-25-03,25,64,uniform6060,236.0043895,236.0,0.0,0.0,6060,6060,5.901429958001245,6060,0,0,236.0043895,nan,nan,nan
HOSP-STD-25-03,25,64,dmab3030,239.0037505,239.0,0.0,0.0,3030,3030,3.0788480839983094,0,3030,24,nan,nan,nan,nan
HOSP-STD-25-03,25,64,fixed_portfolio6060,236.0043895,236.0,0.0,0.0,6060,6060,5.926097417002893,3030,3030,24,236.0043895,236.0043895,239.0037505,nan
HOSP-STD-25-03,25,64,two_uniform6060,236.0043895,236.0,0.0,0.0,6060,6060,5.723489249998238,6060,0,0,236.0043895,236.0043895,nan,239.0037505
HOSP-STD-25-03,25,64,learned_free6060,236.0043895,236.0,0.0,0.0,6060,6060,5.762838208000176,3330,2730,24,239.0037505,nan,nan,nan
HOSP-STD-25-03,25,64,learned_protected6060,236.0043895,236.0,0.0,0.0,6060,6060,5.72644808300538,4680,1380,19,236.0043895,nan,nan,nan
HOSP-STD-25-03,25,65,uniform3030,234.0042815,234.0,0.0,0.0,3030,3030,3.072910167000373,3030,0,0,234.0042815,nan,nan,nan
HOSP-STD-25-03,25,65,uniform6060,234.0042815,234.0,0.0,0.0,6060,6060,6.074070542003028,6060,0,0,234.0042815,nan,nan,nan
HOSP-STD-25-03,25,65,dmab3030,235.0040985,235.0,0.0,0.0,3030,3030,3.1967841669975314,0,3030,16,nan,nan,nan,nan
HOSP-STD-25-03,25,65,fixed_portfolio6060,234.0042815,234.0,0.0,0.0,6060,6060,6.269694333997904,3030,3030,16,234.0042815,234.0042815,235.0040985,nan
HOSP-STD-25-03,25,65,two_uniform6060,234.0042815,234.0,0.0,0.0,6060,6060,5.9531757079967065,6060,0,0,234.0042815,234.0042815,nan,237.0038375
HOSP-STD-25-03,25,65,learned_free6060,234.0042815,234.0,0.0,0.0,6060,6060,5.998157042005914,3030,3030,16,239.0037505,nan,nan,nan
HOSP-STD-25-03,25,65,learned_protected6060,234.0042815,234.0,0.0,0.0,6060,6060,5.877808165998431,4380,1680,9,234.0042815,nan,nan,nan
HOSP-STD-25-03,25,66,uniform3030,238.5038085,238.5,0.0,0.0,3030,3030,3.054942792005022,3030,0,0,238.5038085,nan,nan,nan
HOSP-STD-25-03,25,66,uniform6060,238.5038085,238.5,0.0,0.0,6060,6060,5.975825583009282,6060,0,0,238.5038085,nan,nan,nan
HOSP-STD-25-03,25,66,dmab3030,239.0037095,239.0,0.0,0.0,3030,3030,2.9825975419953465,0,3030,4,nan,nan,nan,nan
HOSP-STD-25-03,25,66,fixed_portfolio6060,238.5038085,238.5,0.0,0.0,6060,6060,6.037540334000369,3030,3030,4,238.5038085,238.5038085,239.0037095,nan
HOSP-STD-25-03,25,66,two_uniform6060,230.5040375,230.5,0.0,0.0,6060,6060,5.961947709001834,6060,0,0,238.5038085,238.5038085,nan,230.5040375
HOSP-STD-25-03,25,66,learned_free6060,238.5038085,238.5,0.0,0.0,6060,6060,5.980161750005209,3030,3030,4,239.0037505,nan,nan,nan
HOSP-STD-25-03,25,66,learned_protected6060,238.5038085,238.5,0.0,0.0,6060,6060,5.89544133299205,4680,1380,3,238.5038085,nan,nan,nan
HOSP-STD-25-03,25,67,uniform3030,231.0038535,231.0,0.0,0.0,3030,3030,2.9636522500077263,3030,0,0,231.0038535,nan,nan,nan
HOSP-STD-25-03,25,67,uniform6060,231.0038535,231.0,0.0,0.0,6060,6060,5.8602985000179615,6060,0,0,231.0038535,nan,nan,nan
HOSP-STD-25-03,25,67,dmab3030,228.0040405,228.0,0.0,0.0,3030,3030,2.991768125008093,0,3030,6,nan,nan,nan,nan
HOSP-STD-25-03,25,67,fixed_portfolio6060,228.0040405,228.0,0.0,0.0,6060,6060,5.9554203750158194,3030,3030,6,231.0038535,231.0038535,228.0040405,nan
HOSP-STD-25-03,25,67,two_uniform6060,231.0038535,231.0,0.0,0.0,6060,6060,5.884297250013333,6060,0,0,231.0038535,231.0038535,nan,236.0041215
HOSP-STD-25-03,25,67,learned_free6060,228.0040405,228.0,0.0,0.0,6060,6060,6.009970332990633,2580,3480,10,239.0037505,nan,nan,nan
HOSP-STD-25-03,25,67,learned_protected6060,228.0040405,228.0,0.0,0.0,6060,6060,5.913636666009552,4530,1530,2,231.0038535,nan,nan,nan
HOSP-STD-25-03,25,68,uniform3030,231.0039725,231.0,0.0,0.0,3030,3030,2.870921708003152,3030,0,0,231.0039725,nan,nan,nan
HOSP-STD-25-03,25,68,uniform6060,231.0039725,231.0,0.0,0.0,6060,6060,5.7431437490013195,6060,0,0,231.0039725,nan,nan,nan
HOSP-STD-25-03,25,68,dmab3030,231.0038465,231.0,0.0,0.0,3030,3030,2.9784218330023577,0,3030,12,nan,nan,nan,nan
HOSP-STD-25-03,25,68,fixed_portfolio6060,231.0038465,231.0,0.0,0.0,6060,6060,5.84934354100551,3030,3030,12,231.0039725,231.0039725,231.0038465,nan
HOSP-STD-25-03,25,68,two_uniform6060,231.0039725,231.0,0.0,0.0,6060,6060,5.675943624999491,6060,0,0,231.0039725,231.0039725,nan,239.0037505
HOSP-STD-25-03,25,68,learned_free6060,231.0038465,231.0,0.0,0.0,6060,6060,5.895065417003934,3180,2880,12,239.0037505,nan,nan,nan
HOSP-STD-25-03,25,68,learned_protected6060,231.0038465,231.0,0.0,0.0,6060,6060,5.923232250002911,4380,1680,4,231.0039725,nan,nan,nan
HOSP-STD-25-03,25,69,uniform3030,235.5041165,235.5,0.0,0.0,3030,3030,2.851071666998905,3030,0,0,235.5041165,nan,nan,nan
HOSP-STD-25-03,25,69,uniform6060,235.5041165,235.5,0.0,0.0,6060,6060,5.7122265830112156,6060,0,0,235.5041165,nan,nan,nan
HOSP-STD-25-03,25,69,dmab3030,235.0042915,235.0,0.0,0.0,3030,3030,2.9721336250077,0,3030,13,nan,nan,nan,nan
HOSP-STD-25-03,25,69,fixed_portfolio6060,235.0042915,235.0,0.0,0.0,6060,6060,5.823205292006605,3030,3030,13,235.5041165,235.5041165,235.0042915,nan
HOSP-STD-25-03,25,69,two_uniform6060,235.5041165,235.5,0.0,0.0,6060,6060,5.7218526669894345,6060,0,0,235.5041165,235.5041165,nan,238.0043785
HOSP-STD-25-03,25,69,learned_free6060,231.5041355,231.5,0.0,0.0,6060,6060,5.976782416997594,1980,4080,15,239.0037505,nan,nan,nan
HOSP-STD-25-03,25,69,learned_protected6060,235.0042915,235.0,0.0,0.0,6060,6060,5.934925707988441,4380,1680,11,235.5041165,nan,nan,nan
HOSP-STD-25-03,25,70,uniform3030,228.0036725,228.0,0.0,0.0,3030,3030,2.929403292000643,3030,0,0,228.0036725,nan,nan,nan
HOSP-STD-25-03,25,70,uniform6060,228.0036725,228.0,0.0,0.0,6060,6060,5.833062001009239,6060,0,0,228.0036725,nan,nan,nan
HOSP-STD-25-03,25,70,dmab3030,234.0042425,234.0,0.0,0.0,3030,3030,2.920192624995252,0,3030,8,nan,nan,nan,nan
HOSP-STD-25-03,25,70,fixed_portfolio6060,228.0036725,228.0,0.0,0.0,6060,6060,5.849595916995895,3030,3030,8,228.0036725,228.0036725,234.0042425,nan
HOSP-STD-25-03,25,70,two_uniform6060,228.0036725,228.0,0.0,0.0,6060,6060,5.752157875002013,6060,0,0,228.0036725,228.0036725,nan,231.0038155
HOSP-STD-25-03,25,70,learned_free6060,228.0036725,228.0,0.0,0.0,6060,6060,6.0471886660088785,3330,2730,6,239.0037505,nan,nan,nan
HOSP-STD-25-03,25,70,learned_protected6060,228.0036725,228.0,0.0,0.0,6060,6060,5.872258582996437,4380,1680,5,228.0036725,nan,nan,nan
HOSP-STD-25-03,25,71,uniform3030,228.5036255,228.5,0.0,0.0,3030,3030,3.0218949999980396,3030,0,0,228.5036255,nan,nan,nan
HOSP-STD-25-03,25,71,uniform6060,228.5036255,228.5,0.0,0.0,6060,6060,5.9947045000008075,6060,0,0,228.5036255,nan,nan,nan
HOSP-STD-25-03,25,71,dmab3030,234.5039285,234.5,0.0,0.0,3030,3030,2.9657752080092905,0,3030,4,nan,nan,nan,nan
HOSP-STD-25-03,25,71,fixed_portfolio6060,228.5036255,228.5,0.0,0.0,6060,6060,5.98767020800733,3030,3030,4,228.5036255,228.5036255,234.5039285,nan
HOSP-STD-25-03,25,71,two_uniform6060,228.5036255,228.5,0.0,0.0,6060,6060,5.90290037500381,6060,0,0,228.5036255,228.5036255,nan,232.0039955
HOSP-STD-25-03,25,71,learned_free6060,228.5036255,228.5,0.0,0.0,6060,6060,5.982091416997719,2730,3330,4,239.0037505,nan,nan,nan
HOSP-STD-25-03,25,71,learned_protected6060,228.5036255,228.5,0.0,0.0,6060,6060,5.919651332995272,4530,1530,4,228.5036255,nan,nan,nan
HOSP-STD-25-03,25,72,uniform3030,239.0037505,239.0,0.0,0.0,3030,3030,2.8822658749995753,3030,0,0,239.0037505,nan,nan,nan
HOSP-STD-25-03,25,72,uniform6060,239.0037505,239.0,0.0,0.0,6060,6060,5.769595458012191,6060,0,0,239.0037505,nan,nan,nan
HOSP-STD-25-03,25,72,dmab3030,239.0037505,239.0,0.0,0.0,3030,3030,2.9971789580013137,0,3030,21,nan,nan,nan,nan
HOSP-STD-25-03,25,72,fixed_portfolio6060,239.0037505,239.0,0.0,0.0,6060,6060,5.879444833000889,3030,3030,21,239.0037505,239.0037505,239.0037505,nan
HOSP-STD-25-03,25,72,two_uniform6060,239.0037505,239.0,0.0,0.0,6060,6060,5.796709000002011,6060,0,0,239.0037505,239.0037505,nan,239.0037505
HOSP-STD-25-03,25,72,learned_free6060,239.0037505,239.0,0.0,0.0,6060,6060,5.8470074590004515,3030,3030,21,239.0037505,nan,nan,nan
HOSP-STD-25-03,25,72,learned_protected6060,239.0037505,239.0,0.0,0.0,6060,6060,5.875719791991287,4530,1530,5,239.0037505,nan,nan,nan
HOSP-STD-25-03,25,74,uniform3030,239.0037505,239.0,0.0,0.0,3030,3030,2.8737063330045203,3030,0,0,239.0037505,nan,nan,nan
HOSP-STD-25-03,25,74,uniform6060,237.9036465,236.0,1.0,1.0,6060,6060,5.741432499009534,6060,0,0,239.0037505,nan,nan,nan
HOSP-STD-25-03,25,74,dmab3030,223.0042425,223.0,0.0,0.0,3030,3030,2.8750216250045924,0,3030,17,nan,nan,nan,nan
HOSP-STD-25-03,25,74,fixed_portfolio6060,223.0042425,223.0,0.0,0.0,6060,6060,5.748727958009113,3030,3030,17,239.0037505,239.0037505,223.0042425,nan
HOSP-STD-25-03,25,74,two_uniform6060,239.0037505,239.0,0.0,0.0,6060,6060,5.71277141700557,6060,0,0,239.0037505,239.0037505,nan,239.0037505
HOSP-STD-25-03,25,74,learned_free6060,223.0042425,223.0,0.0,0.0,6060,6060,5.838311416999204,2880,3180,17,239.0037505,nan,nan,nan
HOSP-STD-25-03,25,74,learned_protected6060,223.0042425,223.0,0.0,0.0,6060,6060,5.807610333999037,4080,1980,11,239.0037505,nan,nan,nan
HOSP-STD-25-03,25,73,uniform3030,231.0038145,231.0,0.0,0.0,3030,3030,2.9448235830059275,3030,0,0,231.0038145,nan,nan,nan
HOSP-STD-25-03,25,73,uniform6060,231.0038145,231.0,0.0,0.0,6060,6060,5.852670416003093,6060,0,0,231.0038145,nan,nan,nan
HOSP-STD-25-03,25,73,dmab3030,237.653724,231.0,3.5,3.5,3030,3030,3.07272558400291,0,3030,8,nan,nan,nan,nan
HOSP-STD-25-03,25,73,fixed_portfolio6060,231.0038145,231.0,0.0,0.0,6060,6060,6.017549167008838,3030,3030,8,231.0038145,231.0038145,237.653724,nan
HOSP-STD-25-03,25,73,two_uniform6060,228.5044985,228.5,0.0,0.0,6060,6060,5.86711970801116,6060,0,0,231.0038145,231.0038145,nan,228.5044985
HOSP-STD-25-03,25,73,learned_free6060,231.0038145,231.0,0.0,0.0,6060,6060,5.967882958007976,2880,3180,10,239.0037505,nan,nan,nan
HOSP-STD-25-03,25,73,learned_protected6060,231.0038145,231.0,0.0,0.0,6060,6060,6.013057874995866,4530,1530,1,231.0038145,nan,nan,nan
HOSP-STD-25-03,25,75,uniform3030,234.0038875,234.0,0.0,0.0,3030,3030,2.8907509999989998,3030,0,0,234.0038875,nan,nan,nan
HOSP-STD-25-03,25,75,uniform6060,234.0038875,234.0,0.0,0.0,6060,6060,5.801381833007326,6060,0,0,234.0038875,nan,nan,nan
HOSP-STD-25-03,25,75,dmab3030,234.5039215,234.5,0.0,0.0,3030,3030,2.9699945410102373,0,3030,15,nan,nan,nan,nan
HOSP-STD-25-03,25,75,fixed_portfolio6060,234.0038875,234.0,0.0,0.0,6060,6060,5.860745541009237,3030,3030,15,234.0038875,234.0038875,234.5039215,nan
HOSP-STD-25-03,25,75,two_uniform6060,233.5043885,233.5,0.0,0.0,6060,6060,5.847422334001749,6060,0,0,234.0038875,234.0038875,nan,233.5043885
HOSP-STD-25-03,25,75,learned_free6060,234.0038875,234.0,0.0,0.0,6060,6060,6.02572654200776,2430,3630,15,239.0037505,nan,nan,nan
HOSP-STD-25-03,25,75,learned_protected6060,234.0038875,234.0,0.0,0.0,6060,6060,6.004541540998616,4680,1380,8,234.0038875,nan,nan,nan
HOSP-STD-25-03,25,76,uniform3030,239.0037385,239.0,0.0,0.0,3030,3030,2.909203957999125,3030,0,0,239.0037385,nan,nan,nan
HOSP-STD-25-03,25,76,uniform6060,227.753867,223.0,2.5,2.5,6060,6060,5.820333499010303,6060,0,0,239.0037385,nan,nan,nan
HOSP-STD-25-03,25,76,dmab3030,221.5035945,221.5,0.0,0.0,3030,3030,2.9296337499981746,0,3030,7,nan,nan,nan,nan
HOSP-STD-25-03,25,76,fixed_portfolio6060,221.5035945,221.5,0.0,0.0,6060,6060,5.8388377079973,3030,3030,7,239.0037385,239.0037385,221.5035945,nan
HOSP-STD-25-03,25,76,two_uniform6060,224.5039255,224.5,0.0,0.0,6060,6060,5.800945041002706,6060,0,0,239.0037385,239.0037385,nan,224.5039255
HOSP-STD-25-03,25,76,learned_free6060,221.5035785,221.5,0.0,0.0,6060,6060,5.882923874989501,1830,4230,7,239.0037505,nan,nan,nan
HOSP-STD-25-03,25,76,learned_protected6060,236.0044405,236.0,0.0,0.0,6060,6060,5.88389595800254,4230,1830,5,239.0037385,nan,nan,nan
HOSP-STD-25-03,25,77,uniform3030,239.0037505,239.0,0.0,0.0,3030,3030,2.8790725830040174,3030,0,0,239.0037505,nan,nan,nan
HOSP-STD-25-03,25,77,uniform6060,239.0037505,239.0,0.0,0.0,6060,6060,5.723631583008682,6060,0,0,239.0037505,nan,nan,nan
HOSP-STD-25-03,25,77,dmab3030,230.0038825,230.0,0.0,0.0,3030,3030,2.911726999998791,0,3030,11,nan,nan,nan,nan
HOSP-STD-25-03,25,77,fixed_portfolio6060,230.0038825,230.0,0.0,0.0,6060,6060,5.7907995830028085,3030,3030,11,239.0037505,239.0037505,230.0038825,nan
HOSP-STD-25-03,25,77,two_uniform6060,226.5038885,226.5,0.0,0.0,6060,6060,5.736083708005026,6060,0,0,239.0037505,239.0037505,nan,226.5038885
HOSP-STD-25-03,25,77,learned_free6060,230.0038825,230.0,0.0,0.0,6060,6060,5.82829624999431,2880,3180,11,239.0037505,nan,nan,nan
HOSP-STD-25-03,25,77,learned_protected6060,239.0037385,239.0,0.0,0.0,6060,6060,5.854730541992467,4380,1680,9,239.0037505,nan,nan,nan
HOSP-STD-25-03,25,78,uniform3030,224.5037805,224.5,0.0,0.0,3030,3030,2.9001759170059813,3030,0,0,224.5037805,nan,nan,nan
HOSP-STD-25-03,25,78,uniform6060,224.5037805,224.5,0.0,0.0,6060,6060,5.818022709005163,6060,0,0,224.5037805,nan,nan,nan
HOSP-STD-25-03,25,78,dmab3030,234.5041955,234.5,0.0,0.0,3030,3030,3.1172528749884805,0,3030,4,nan,nan,nan,nan
HOSP-STD-25-03,25,78,fixed_portfolio6060,224.5037805,224.5,0.0,0.0,6060,6060,6.017428791994462,3030,3030,4,224.5037805,224.5037805,234.5041955,nan
HOSP-STD-25-03,25,78,two_uniform6060,224.5037805,224.5,0.0,0.0,6060,6060,5.7978458760044305,6060,0,0,224.5037805,224.5037805,nan,239.0037505
HOSP-STD-25-03,25,78,learned_free6060,224.5037805,224.5,0.0,0.0,6060,6060,6.119015916992794,2730,3330,5,239.0037505,nan,nan,nan
HOSP-STD-25-03,25,78,learned_protected6060,224.5037805,224.5,0.0,0.0,6060,6060,5.824614124998334,4530,1530,4,224.5037805,nan,nan,nan
HOSP-STD-25-03,25,79,uniform3030,239.0037505,239.0,0.0,0.0,3030,3030,2.9376209159963764,3030,0,0,239.0037505,nan,nan,nan
HOSP-STD-25-03,25,79,uniform6060,235.5037625,235.5,0.0,0.0,6060,6060,5.855887123994762,6060,0,0,239.0037505,nan,nan,nan
HOSP-STD-25-03,25,79,dmab3030,239.0037505,239.0,0.0,0.0,3030,3030,2.9759083749959245,0,3030,16,nan,nan,nan,nan
HOSP-STD-25-03,25,79,fixed_portfolio6060,239.0037505,239.0,0.0,0.0,6060,6060,5.913529290992301,3030,3030,16,239.0037505,239.0037505,239.0037505,nan
HOSP-STD-25-03,25,79,two_uniform6060,234.0040715,234.0,0.0,0.0,6060,6060,5.83200820699858,6060,0,0,239.0037505,239.0037505,nan,234.0040715
HOSP-STD-25-03,25,79,learned_free6060,239.0037505,239.0,0.0,0.0,6060,6060,5.99158816599811,3030,3030,16,239.0037505,nan,nan,nan
HOSP-STD-25-03,25,79,learned_protected6060,239.0037505,239.0,0.0,0.0,6060,6060,6.048688666996895,4380,1680,10,239.0037505,nan,nan,nan
HOSP-STD-30-01,30,60,uniform3030,265.0059855,265.0,0.0,0.0,3030,3030,4.026797250000527,3030,0,0,265.0059855,nan,nan,nan
HOSP-STD-30-01,30,60,uniform6060,262.5056655,262.5,0.0,0.0,6060,6060,8.12038979200588,6060,0,0,265.0059855,nan,nan,nan
HOSP-STD-30-01,30,60,dmab3030,269.0053335,269.0,0.0,0.0,3030,3030,4.093022792003467,0,3030,17,nan,nan,nan,nan
HOSP-STD-30-01,30,60,fixed_portfolio6060,265.0059855,265.0,0.0,0.0,6060,6060,8.119820042003994,3030,3030,17,265.0059855,265.0059855,269.0053335,nan
HOSP-STD-30-01,30,60,two_uniform6060,256.9052595,255.0,1.0,1.0,6060,6060,8.175848874991061,6060,0,0,265.0059855,265.0059855,nan,256.9052595
HOSP-STD-30-01,30,60,learned_free6060,265.0059855,265.0,0.0,0.0,6060,6060,8.155846708003082,3330,2730,17,269.40525549999995,nan,nan,nan
HOSP-STD-30-01,30,60,learned_protected6060,262.5056655,262.5,0.0,0.0,6060,6060,8.161054582989891,4980,1080,8,265.0059855,nan,nan,nan
HOSP-STD-30-01,30,61,uniform3030,243.0059675,243.0,0.0,0.0,3030,3030,4.043852165996213,3030,0,0,243.0059675,nan,nan,nan
HOSP-STD-30-01,30,61,uniform6060,243.0059675,243.0,0.0,0.0,6060,6060,8.129763498989632,6060,0,0,243.0059675,nan,nan,nan
HOSP-STD-30-01,30,61,dmab3030,263.5054205,263.5,0.0,0.0,3030,3030,4.343991667003138,0,3030,6,nan,nan,nan,nan
HOSP-STD-30-01,30,61,fixed_portfolio6060,243.0059675,243.0,0.0,0.0,6060,6060,8.387843832999351,3030,3030,6,243.0059675,243.0059675,263.5054205,nan
HOSP-STD-30-01,30,61,two_uniform6060,243.0059675,243.0,0.0,0.0,6060,6060,8.080869373996393,6060,0,0,243.0059675,243.0059675,nan,266.5055925
HOSP-STD-30-01,30,61,learned_free6060,243.0059675,243.0,0.0,0.0,6060,6060,8.242060707998462,3480,2580,6,269.40525549999995,nan,nan,nan
HOSP-STD-30-01,30,61,learned_protected6060,243.0059675,243.0,0.0,0.0,6060,6060,8.331462792004459,4680,1380,6,243.0059675,nan,nan,nan
HOSP-STD-30-01,30,62,uniform3030,263.05525500000005,254.5,4.5,4.5,3030,3030,4.116743000005954,3030,0,0,263.05525500000005,nan,nan,nan
HOSP-STD-30-01,30,62,uniform6060,260.0054675,260.0,0.0,0.0,6060,6060,8.189291083006538,6060,0,0,263.05525500000005,nan,nan,nan
HOSP-STD-30-01,30,62,dmab3030,254.0056225,254.0,0.0,0.0,3030,3030,4.366716374992393,0,3030,9,nan,nan,nan,nan
HOSP-STD-30-01,30,62,fixed_portfolio6060,254.0056225,254.0,0.0,0.0,6060,6060,8.483459374998347,3030,3030,9,263.05525500000005,263.05525500000005,254.0056225,nan
HOSP-STD-30-01,30,62,two_uniform6060,256.90524849999997,255.0,1.0,1.0,6060,6060,8.190528082996025,6060,0,0,263.05525500000005,263.05525500000005,nan,256.90524849999997
HOSP-STD-30-01,30,62,learned_free6060,254.0056225,254.0,0.0,0.0,6060,6060,8.445954832990537,2580,3480,15,269.40525549999995,nan,nan,nan
HOSP-STD-30-01,30,62,learned_protected6060,254.5052465,254.5,0.0,0.0,6060,6060,8.309147583000595,4380,1680,1,263.05525500000005,nan,nan,nan
HOSP-STD-30-01,30,63,uniform3030,264.455856,263.5,0.5,0.5,3030,3030,4.2439375829999335,3030,0,0,264.455856,nan,nan,nan
HOSP-STD-30-01,30,63,uniform6060,262.0053615,262.0,0.0,0.0,6060,6060,8.416779249993851,6060,0,0,264.455856,nan,nan,nan
HOSP-STD-30-01,30,63,dmab3030,253.5056865,253.5,0.0,0.0,3030,3030,4.268788832996506,0,3030,21,nan,nan,nan,nan
HOSP-STD-30-01,30,63,fixed_portfolio6060,253.5056865,253.5,0.0,0.0,6060,6060,8.51272641599644,3030,3030,21,264.455856,264.455856,253.5056865,nan
HOSP-STD-30-01,30,63,two_uniform6060,262.0054445,262.0,0.0,0.0,6060,6060,8.318457500005024,6060,0,0,264.455856,264.455856,nan,262.0054445
HOSP-STD-30-01,30,63,learned_free6060,253.5056865,253.5,0.0,0.0,6060,6060,8.450888791994657,3030,3030,21,269.40525549999995,nan,nan,nan
HOSP-STD-30-01,30,63,learned_protected6060,253.5056865,253.5,0.0,0.0,6060,6060,8.516392333011026,3930,2130,16,264.455856,nan,nan,nan
HOSP-STD-30-01,30,64,uniform3030,248.5056125,248.5,0.0,0.0,3030,3030,4.058542541999486,3030,0,0,248.5056125,nan,nan,nan
HOSP-STD-30-01,30,64,uniform6060,248.5056125,248.5,0.0,0.0,6060,6060,8.0544075420039,6060,0,0,248.5056125,nan,nan,nan
HOSP-STD-30-01,30,64,dmab3030,263.055274,254.5,4.5,4.5,3030,3030,4.0615003329876345,0,3030,1,nan,nan,nan,nan
HOSP-STD-30-01,30,64,fixed_portfolio6060,248.5056125,248.5,0.0,0.0,6060,6060,8.12004287498712,3030,3030,1,248.5056125,248.5056125,263.055274,nan
HOSP-STD-30-01,30,64,two_uniform6060,247.0055185,247.0,0.0,0.0,6060,6060,8.10198562500591,6060,0,0,248.5056125,248.5056125,nan,247.0055185
HOSP-STD-30-01,30,64,learned_free6060,248.5056125,248.5,0.0,0.0,6060,6060,8.33999995799968,4080,1980,1,269.40525549999995,nan,nan,nan
HOSP-STD-30-01,30,64,learned_protected6060,248.5056125,248.5,0.0,0.0,6060,6060,8.224515041991253,4530,1530,1,248.5056125,nan,nan,nan
HOSP-STD-30-01,30,65,uniform3030,258.0052155,258.0,0.0,0.0,3030,3030,4.1320780830137664,3030,0,0,258.0052155,nan,nan,nan
HOSP-STD-30-01,30,65,uniform6060,258.0052155,258.0,0.0,0.0,6060,6060,8.119341999015887,6060,0,0,258.0052155,nan,nan,nan
HOSP-STD-30-01,30,65,dmab3030,255.0055545,255.0,0.0,0.0,3030,3030,4.054664875002345,0,3030,12,nan,nan,nan,nan
HOSP-STD-30-01,30,65,fixed_portfolio6060,255.0055545,255.0,0.0,0.0,6060,6060,8.186742958016112,3030,3030,12,258.0052155,258.0052155,255.0055545,nan
HOSP-STD-30-01,30,65,two_uniform6060,258.0052155,258.0,0.0,0.0,6060,6060,8.138100833020872,6060,0,0,258.0052155,258.0052155,nan,267.0055675
HOSP-STD-30-01,30,65,learned_free6060,255.0055545,255.0,0.0,0.0,6060,6060,8.392767832992831,2730,3330,12,269.40525549999995,nan,nan,nan
HOSP-STD-30-01,30,65,learned_protected6060,255.0055545,255.0,0.0,0.0,6060,6060,8.29038095800206,4230,1830,12,258.0052155,nan,nan,nan
HOSP-STD-30-01,30,66,uniform3030,258.0052585,258.0,0.0,0.0,3030,3030,4.1772329160012305,3030,0,0,258.0052585,nan,nan,nan
HOSP-STD-30-01,30,66,uniform6060,257.90559449999995,256.0,1.0,1.0,6060,6060,8.28903800000262,6060,0,0,258.0052585,nan,nan,nan
HOSP-STD-30-01,30,66,dmab3030,251.5057835,251.5,0.0,0.0,3030,3030,4.100866082997527,0,3030,11,nan,nan,nan,nan
HOSP-STD-30-01,30,66,fixed_portfolio6060,251.5057835,251.5,0.0,0.0,6060,6060,8.278098998998757,3030,3030,11,258.0052585,258.0052585,251.5057835,nan
HOSP-STD-30-01,30,66,two_uniform6060,253.3052565,249.5,2.0,2.0,6060,6060,8.185435915991548,6060,0,0,258.0052585,258.0052585,nan,253.3052565
HOSP-STD-30-01,30,66,learned_free6060,251.5057835,251.5,0.0,0.0,6060,6060,8.326377042001695,3030,3030,11,269.40525549999995,nan,nan,nan
HOSP-STD-30-01,30,66,learned_protected6060,257.90559449999995,256.0,1.0,1.0,6060,6060,8.301370665998547,4380,1680,8,258.0052585,nan,nan,nan
HOSP-STD-30-01,30,67,uniform3030,264.4059455,262.5,1.0,1.0,3030,3030,4.165356666999287,3030,0,0,264.4059455,nan,nan,nan
HOSP-STD-30-01,30,67,uniform6060,264.4059455,262.5,1.0,1.0,6060,6060,8.39341304199479,6060,0,0,264.4059455,nan,nan,nan
HOSP-STD-30-01,30,67,dmab3030,259.0051285,259.0,0.0,0.0,3030,3030,4.264778750002733,0,3030,6,nan,nan,nan,nan
HOSP-STD-30-01,30,67,fixed_portfolio6060,259.0051285,259.0,0.0,0.0,6060,6060,8.43013541700202,3030,3030,6,264.4059455,264.4059455,259.0051285,nan
HOSP-STD-30-01,30,67,two_uniform6060,262.0056915,262.0,0.0,0.0,6060,6060,8.272631708998233,6060,0,0,264.4059455,264.4059455,nan,262.0056915
HOSP-STD-30-01,30,67,learned_free6060,259.0051285,259.0,0.0,0.0,6060,6060,8.58018487499794,3180,2880,6,269.40525549999995,nan,nan,nan
HOSP-STD-30-01,30,67,learned_protected6060,259.0051285,259.0,0.0,0.0,6060,6060,8.4507456249994,4380,1680,3,264.4059455,nan,nan,nan
HOSP-STD-30-01,30,68,uniform3030,248.5055625,248.5,0.0,0.0,3030,3030,4.135039666987723,3030,0,0,248.5055625,nan,nan,nan
HOSP-STD-30-01,30,68,uniform6060,248.5055625,248.5,0.0,0.0,6060,6060,8.159358374992735,6060,0,0,248.5055625,nan,nan,nan
HOSP-STD-30-01,30,68,dmab3030,247.0050645,247.0,0.0,0.0,3030,3030,4.151105041994015,0,3030,15,nan,nan,nan,nan
HOSP-STD-30-01,30,68,fixed_portfolio6060,247.0050645,247.0,0.0,0.0,6060,6060,8.286144708981737,3030,3030,15,248.5055625,248.5055625,247.0050645,nan
HOSP-STD-30-01,30,68,two_uniform6060,248.5055625,248.5,0.0,0.0,6060,6060,8.202459291991545,6060,0,0,248.5055625,248.5055625,nan,262.0059835
HOSP-STD-30-01,30,68,learned_free6060,248.5055625,248.5,0.0,0.0,6060,6060,8.30592525000975,4230,1830,11,269.40525549999995,nan,nan,nan
HOSP-STD-30-01,30,68,learned_protected6060,248.5055625,248.5,0.0,0.0,6060,6060,8.830937500009895,4230,1830,11,248.5055625,nan,nan,nan
HOSP-STD-30-01,30,69,uniform3030,256.9052595,255.0,1.0,1.0,3030,3030,4.047590874994057,3030,0,0,256.9052595,nan,nan,nan
HOSP-STD-30-01,30,69,uniform6060,256.9052595,255.0,1.0,1.0,6060,6060,8.039253124996321,6060,0,0,256.9052595,nan,nan,nan
HOSP-STD-30-01,30,69,dmab3030,242.45574399999998,241.5,0.5,0.5,3030,3030,4.13924775000487,0,3030,7,nan,nan,nan,nan
HOSP-STD-30-01,30,69,fixed_portfolio6060,242.45574399999998,241.5,0.5,0.5,6060,6060,8.186838624998927,3030,3030,7,256.9052595,256.9052595,242.45574399999998,nan
HOSP-STD-30-01,30,69,two_uniform6060,256.5053485,256.5,0.0,0.0,6060,6060,8.066570833994774,6060,0,0,256.9052595,256.9052595,nan,256.5053485
HOSP-STD-30-01,30,69,learned_free6060,242.45574399999998,241.5,0.5,0.5,6060,6060,8.561063750006724,2430,3630,7,269.40525549999995,nan,nan,nan
HOSP-STD-30-01,30,69,learned_protected6060,242.45574399999998,241.5,0.5,0.5,6060,6060,9.887308874996961,3780,2280,7,256.9052595,nan,nan,nan
HOSP-STD-30-01,30,70,uniform3030,242.5054285,242.5,0.0,0.0,3030,3030,4.123206374992151,3030,0,0,242.5054285,nan,nan,nan
HOSP-STD-30-01,30,70,uniform6060,242.5054285,242.5,0.0,0.0,6060,6060,8.29079683299642,6060,0,0,242.5054285,nan,nan,nan
HOSP-STD-30-01,30,70,dmab3030,260.0055435,260.0,0.0,0.0,3030,3030,4.148316582999541,0,3030,12,nan,nan,nan,nan
HOSP-STD-30-01,30,70,fixed_portfolio6060,242.5054285,242.5,0.0,0.0,6060,6060,8.271522957991692,3030,3030,12,242.5054285,242.5054285,260.0055435,nan
HOSP-STD-30-01,30,70,two_uniform6060,242.5054285,242.5,0.0,0.0,6060,6060,8.280809957985184,6060,0,0,242.5054285,242.5054285,nan,257.0057865
HOSP-STD-30-01,30,70,learned_free6060,242.5054285,242.5,0.0,0.0,6060,6060,8.816677249997156,3330,2730,11,269.40525549999995,nan,nan,nan
HOSP-STD-30-01,30,70,learned_protected6060,242.5054285,242.5,0.0,0.0,6060,6060,10.057224750009482,4380,1680,7,242.5054285,nan,nan,nan
HOSP-STD-30-01,30,71,uniform3030,263.055178,254.5,4.5,4.5,3030,3030,4.248737417001394,3030,0,0,263.055178,nan,nan,nan
HOSP-STD-30-01,30,71,uniform6060,263.055178,254.5,4.5,4.5,6060,6060,8.622293041989906,6060,0,0,263.055178,nan,nan,nan
HOSP-STD-30-01,30,71,dmab3030,263.055178,254.5,4.5,4.5,3030,3030,4.470975250005722,0,3030,9,nan,nan,nan,nan
HOSP-STD-30-01,30,71,fixed_portfolio6060,263.055178,254.5,4.5,4.5,6060,6060,8.719712667007116,3030,3030,9,263.055178,263.055178,263.055178,nan
HOSP-STD-30-01,30,71,two_uniform6060,260.5062835,260.5,0.0,0.0,6060,6060,8.725859500002116,6060,0,0,263.055178,263.055178,nan,260.5062835
HOSP-STD-30-01,30,71,learned_free6060,263.055178,254.5,4.5,4.5,6060,6060,10.35211774999334,2730,3330,9,269.40525549999995,nan,nan,nan
HOSP-STD-30-01,30,71,learned_protected6060,263.055178,254.5,4.5,4.5,6060,6060,9.30463954199513,4380,1680,6,263.055178,nan,nan,nan
HOSP-STD-30-01,30,72,uniform3030,258.0055935,258.0,0.0,0.0,3030,3030,5.202713749997201,3030,0,0,258.0055935,nan,nan,nan
HOSP-STD-30-01,30,72,uniform6060,256.955493,256.0,0.5,0.5,6060,6060,9.6808993750019,6060,0,0,258.0055935,nan,nan,nan
HOSP-STD-30-01,30,72,dmab3030,256.5053745,256.5,0.0,0.0,3030,3030,5.187823041997035,0,3030,14,nan,nan,nan,nan
HOSP-STD-30-01,30,72,fixed_portfolio6060,256.5053745,256.5,0.0,0.0,6060,6060,10.390536791994236,3030,3030,14,258.0055935,258.0055935,256.5053745,nan
HOSP-STD-30-01,30,72,two_uniform6060,258.0055935,258.0,0.0,0.0,6060,6060,9.409750999999233,6060,0,0,258.0055935,258.0055935,nan,258.5056175
HOSP-STD-30-01,30,72,learned_free6060,256.5053745,256.5,0.0,0.0,6060,6060,9.31127099999867,3330,2730,11,269.40525549999995,nan,nan,nan
HOSP-STD-30-01,30,72,learned_protected6060,256.5053745,256.5,0.0,0.0,6060,6060,9.149247875000583,4380,1680,9,258.0055935,nan,nan,nan
HOSP-STD-30-01,30,73,uniform3030,269.0056955,269.0,0.0,0.0,3030,3030,4.5740134160005255,3030,0,0,269.0056955,nan,nan,nan
HOSP-STD-30-01,30,73,uniform6060,269.0056955,269.0,0.0,0.0,6060,6060,9.5856597910024,6060,0,0,269.0056955,nan,nan,nan
HOSP-STD-30-01,30,73,dmab3030,260.9057415,259.0,1.0,1.0,3030,3030,4.313809916988248,0,3030,13,nan,nan,nan,nan
HOSP-STD-30-01,30,73,fixed_portfolio6060,260.9057415,259.0,1.0,1.0,6060,6060,8.887823332988773,3030,3030,13,269.0056955,269.0056955,260.9057415,nan
HOSP-STD-30-01,30,73,two_uniform6060,259.0053705,259.0,0.0,0.0,6060,6060,9.225081458003842,6060,0,0,269.0056955,269.0056955,nan,259.0053705
HOSP-STD-30-01,30,73,learned_free6060,260.9057415,259.0,1.0,1.0,6060,6060,9.38598504201218,1980,4080,13,269.40525549999995,nan,nan,nan
HOSP-STD-30-01,30,73,learned_protected6060,260.9057415,259.0,1.0,1.0,6060,6060,9.305471999992733,3930,2130,12,269.0056955,nan,nan,nan
HOSP-STD-30-01,30,74,uniform3030,255.5055325,255.5,0.0,0.0,3030,3030,4.779446917003952,3030,0,0,255.5055325,nan,nan,nan
HOSP-STD-30-01,30,74,uniform6060,255.5055325,255.5,0.0,0.0,6060,6060,9.503729709016625,6060,0,0,255.5055325,nan,nan,nan
HOSP-STD-30-01,30,74,dmab3030,268.5056155,268.5,0.0,0.0,3030,3030,4.237815957996645,0,3030,8,nan,nan,nan,nan
HOSP-STD-30-01,30,74,fixed_portfolio6060,255.5055325,255.5,0.0,0.0,6060,6060,9.017262875000597,3030,3030,8,255.5055325,255.5055325,268.5056155,nan
HOSP-STD-30-01,30,74,two_uniform6060,255.5055325,255.5,0.0,0.0,6060,6060,9.651802626001881,6060,0,0,255.5055325,255.5055325,nan,261.0057545
HOSP-STD-30-01,30,74,learned_free6060,255.5055325,255.5,0.0,0.0,6060,6060,9.34871354099596,3480,2580,4,269.40525549999995,nan,nan,nan
HOSP-STD-30-01,30,74,learned_protected6060,255.5055325,255.5,0.0,0.0,6060,6060,9.195708707993617,4830,1230,3,255.5055325,nan,nan,nan
HOSP-STD-30-01,30,75,uniform3030,265.0055725,265.0,0.0,0.0,3030,3030,5.191571457995451,3030,0,0,265.0055725,nan,nan,nan
HOSP-STD-30-01,30,75,uniform6060,261.5064485,261.5,0.0,0.0,6060,6060,9.635446708009113,6060,0,0,265.0055725,nan,nan,nan
HOSP-STD-30-01,30,75,dmab3030,240.0051435,240.0,0.0,0.0,3030,3030,5.041758375009522,0,3030,6,nan,nan,nan,nan
HOSP-STD-30-01,30,75,fixed_portfolio6060,240.0051435,240.0,0.0,0.0,6060,6060,10.233329833004973,3030,3030,6,265.0055725,265.0055725,240.0051435,nan
HOSP-STD-30-01,30,75,two_uniform6060,265.0055725,265.0,0.0,0.0,6060,6060,10.049048582994146,6060,0,0,265.0055725,265.0055725,nan,267.055204
HOSP-STD-30-01,30,75,learned_free6060,240.0051435,240.0,0.0,0.0,6060,6060,9.13861037499737,1680,4380,6,269.40525549999995,nan,nan,nan
HOSP-STD-30-01,30,75,learned_protected6060,265.0055725,265.0,0.0,0.0,6060,6060,10.345791792002274,4530,1530,6,265.0055725,nan,nan,nan
HOSP-STD-30-01,30,76,uniform3030,259.0053915,259.0,0.0,0.0,3030,3030,4.6149536250013625,3030,0,0,259.0053915,nan,nan,nan
HOSP-STD-30-01,30,76,uniform6060,259.0053915,259.0,0.0,0.0,6060,6060,8.755345375000616,6060,0,0,259.0053915,nan,nan,nan
HOSP-STD-30-01,30,76,dmab3030,261.255281,256.5,2.5,2.5,3030,3030,4.481062792008743,0,3030,10,nan,nan,nan,nan
HOSP-STD-30-01,30,76,fixed_portfolio6060,259.0053915,259.0,0.0,0.0,6060,6060,9.096016417010105,3030,3030,10,259.0053915,259.0053915,261.255281,nan
HOSP-STD-30-01,30,76,two_uniform6060,254.0056385,254.0,0.0,0.0,6060,6060,9.258583084010752,6060,0,0,259.0053915,259.0053915,nan,254.0056385
HOSP-STD-30-01,30,76,learned_free6060,259.0053915,259.0,0.0,0.0,6060,6060,9.864054249992478,3480,2580,10,269.40525549999995,nan,nan,nan
HOSP-STD-30-01,30,76,learned_protected6060,259.0053915,259.0,0.0,0.0,6060,6060,8.772433958001784,4530,1530,5,259.0053915,nan,nan,nan
HOSP-STD-30-01,30,77,uniform3030,262.0061655,262.0,0.0,0.0,3030,3030,4.20659729099134,3030,0,0,262.0061655,nan,nan,nan
HOSP-STD-30-01,30,77,uniform6060,262.0061655,262.0,0.0,0.0,6060,6060,8.644560498985811,6060,0,0,262.0061655,nan,nan,nan
HOSP-STD-30-01,30,77,dmab3030,249.5053295,249.5,0.0,0.0,3030,3030,4.652102749998448,0,3030,11,nan,nan,nan,nan
HOSP-STD-30-01,30,77,fixed_portfolio6060,249.5053295,249.5,0.0,0.0,6060,6060,8.858700040989788,3030,3030,11,262.0061655,262.0061655,249.5053295,nan
HOSP-STD-30-01,30,77,two_uniform6060,253.0053625,253.0,0.0,0.0,6060,6060,9.51148279098561,6060,0,0,262.0061655,262.0061655,nan,253.0053625
HOSP-STD-30-01,30,77,learned_free6060,249.5053295,249.5,0.0,0.0,6060,6060,9.163469708990306,2580,3480,11,269.40525549999995,nan,nan,nan
HOSP-STD-30-01,30,77,learned_protected6060,249.5053295,249.5,0.0,0.0,6060,6060,9.393718084000284,4230,1830,9,262.0061655,nan,nan,nan
HOSP-STD-30-01,30,78,uniform3030,256.9052915,255.0,1.0,1.0,3030,3030,4.154180582991103,3030,0,0,256.9052915,nan,nan,nan
HOSP-STD-30-01,30,78,uniform6060,250.5057095,250.5,0.0,0.0,6060,6060,8.966779040987603,6060,0,0,256.9052915,nan,nan,nan
HOSP-STD-30-01,30,78,dmab3030,251.0053855,251.0,0.0,0.0,3030,3030,5.051994416004163,0,3030,10,nan,nan,nan,nan
HOSP-STD-30-01,30,78,fixed_portfolio6060,251.0053855,251.0,0.0,0.0,6060,6060,9.206174998995266,3030,3030,10,256.9052915,256.9052915,251.0053855,nan
HOSP-STD-30-01,30,78,two_uniform6060,256.9052915,255.0,1.0,1.0,6060,6060,9.202006832987536,6060,0,0,256.9052915,256.9052915,nan,259.0055835
HOSP-STD-30-01,30,78,learned_free6060,251.0053855,251.0,0.0,0.0,6060,6060,8.86644895900099,3480,2580,9,269.40525549999995,nan,nan,nan
HOSP-STD-30-01,30,78,learned_protected6060,251.0053855,251.0,0.0,0.0,6060,6060,10.515208584009088,4080,1980,9,256.9052915,nan,nan,nan
HOSP-STD-30-01,30,79,uniform3030,259.5053985,259.5,0.0,0.0,3030,3030,4.747907249999116,3030,0,0,259.5053985,nan,nan,nan
HOSP-STD-30-01,30,79,uniform6060,255.5059275,255.5,0.0,0.0,6060,6060,9.333298084005946,6060,0,0,259.5053985,nan,nan,nan
HOSP-STD-30-01,30,79,dmab3030,259.0052975,259.0,0.0,0.0,3030,3030,4.472248833000776,0,3030,14,nan,nan,nan,nan
HOSP-STD-30-01,30,79,fixed_portfolio6060,259.0052975,259.0,0.0,0.0,6060,6060,9.220156082999893,3030,3030,14,259.5053985,259.5053985,259.0052975,nan
HOSP-STD-30-01,30,79,two_uniform6060,259.5053985,259.5,0.0,0.0,6060,6060,9.613423749993672,6060,0,0,259.5053985,259.5053985,nan,267.5054275
HOSP-STD-30-01,30,79,learned_free6060,259.0052975,259.0,0.0,0.0,6060,6060,13.186965708999196,2280,3780,19,269.40525549999995,nan,nan,nan
HOSP-STD-30-01,30,79,learned_protected6060,259.0053885,259.0,0.0,0.0,6060,6060,11.286524959010421,4230,1830,12,259.5053985,nan,nan,nan
HOSP-STD-30-02,30,60,uniform3030,301.006888,301.0,0.0,0.0,3030,3030,4.604669084001216,3030,0,0,301.006888,nan,nan,nan
HOSP-STD-30-02,30,60,uniform6060,288.006521,288.0,0.0,0.0,6060,6060,10.330489625004702,6060,0,0,301.006888,nan,nan,nan
HOSP-STD-30-02,30,60,dmab3030,302.006553,302.0,0.0,0.0,3030,3030,6.879934374999721,0,3030,14,nan,nan,nan,nan
HOSP-STD-30-02,30,60,fixed_portfolio6060,301.006888,301.0,0.0,0.0,6060,6060,11.484603459000937,3030,3030,14,301.006888,301.006888,302.006553,nan
HOSP-STD-30-02,30,60,two_uniform6060,283.006311,283.0,0.0,0.0,6060,6060,10.159853709003073,6060,0,0,301.006888,301.006888,nan,283.006311
HOSP-STD-30-02,30,60,learned_free6060,301.006888,301.0,0.0,0.0,6060,6060,10.329717291999259,2580,3480,15,310.30609,nan,nan,nan
HOSP-STD-30-02,30,60,learned_protected6060,301.006888,301.0,0.0,0.0,6060,6060,8.67301683400001,4530,1530,10,301.006888,nan,nan,nan
HOSP-STD-30-02,30,61,uniform3030,289.006393,289.0,0.0,0.0,3030,3030,6.129746417005663,3030,0,0,289.006393,nan,nan,nan
HOSP-STD-30-02,30,61,uniform6060,289.006393,289.0,0.0,0.0,6060,6060,12.53799950001121,6060,0,0,289.006393,nan,nan,nan
HOSP-STD-30-02,30,61,dmab3030,295.005993,295.0,0.0,0.0,3030,3030,5.72570879200066,0,3030,3,nan,nan,nan,nan
HOSP-STD-30-02,30,61,fixed_portfolio6060,289.006393,289.0,0.0,0.0,6060,6060,11.855455209006323,3030,3030,3,289.006393,289.006393,295.005993,nan
HOSP-STD-30-02,30,61,two_uniform6060,289.006393,289.0,0.0,0.0,6060,6060,11.246058250006172,6060,0,0,289.006393,289.006393,nan,301.35658750000005
HOSP-STD-30-02,30,61,learned_free6060,289.006393,289.0,0.0,0.0,6060,6060,8.96647149999626,2430,3630,6,310.30609,nan,nan,nan
HOSP-STD-30-02,30,61,learned_protected6060,289.006393,289.0,0.0,0.0,6060,6060,8.907007292000344,4530,1530,3,289.006393,nan,nan,nan
HOSP-STD-30-02,30,62,uniform3030,304.3561965,300.5,3.5,1.5,3030,3030,6.8665477500035195,3030,0,0,304.3561965,nan,nan,nan
HOSP-STD-30-02,30,62,uniform6060,304.3561965,300.5,3.5,1.5,6060,6060,12.430302667009528,6060,0,0,304.3561965,nan,nan,nan
HOSP-STD-30-02,30,62,dmab3030,305.006553,305.0,0.0,0.0,3030,3030,5.448774333999609,0,3030,15,nan,nan,nan,nan
HOSP-STD-30-02,30,62,fixed_portfolio6060,304.3561965,300.5,3.5,1.5,6060,6060,12.315322084003128,3030,3030,15,304.3561965,304.3561965,305.006553,nan
HOSP-STD-30-02,30,62,two_uniform6060,287.506546,287.5,0.0,0.0,6060,6060,11.687287166991155,6060,0,0,304.3561965,304.3561965,nan,287.506546
HOSP-STD-30-02,30,62,learned_free6060,304.3561965,300.5,3.5,1.5,6060,6060,8.85679879199597,2430,3630,18,310.30609,nan,nan,nan
HOSP-STD-30-02,30,62,learned_protected6060,304.3561965,300.5,3.5,1.5,6060,6060,8.992675707995659,4380,1680,6,304.3561965,nan,nan,nan
HOSP-STD-30-02,30,63,uniform3030,295.006403,295.0,0.0,0.0,3030,3030,4.756156250005006,3030,0,0,295.006403,nan,nan,nan
HOSP-STD-30-02,30,63,uniform6060,295.006403,295.0,0.0,0.0,6060,6060,9.074062167012016,6060,0,0,295.006403,nan,nan,nan
HOSP-STD-30-02,30,63,dmab3030,298.9561705,298.0,0.5,0.5,3030,3030,4.552732583004399,0,3030,10,nan,nan,nan,nan
HOSP-STD-30-02,30,63,fixed_portfolio6060,295.006403,295.0,0.0,0.0,6060,6060,9.308888833009405,3030,3030,10,295.006403,295.006403,298.9561705,nan
HOSP-STD-30-02,30,63,two_uniform6060,295.006403,295.0,0.0,0.0,6060,6060,9.2733394579991,6060,0,0,295.006403,295.006403,nan,299.006868
HOSP-STD-30-02,30,63,learned_free6060,295.006403,295.0,0.0,0.0,6060,6060,9.050680291999015,2580,3480,14,310.30609,nan,nan,nan
HOSP-STD-30-02,30,63,learned_protected6060,295.006403,295.0,0.0,0.0,6060,6060,8.768270582993864,4530,1530,7,295.006403,nan,nan,nan
HOSP-STD-30-02,30,64,uniform3030,294.4561235,293.5,0.5,0.5,3030,3030,4.312204709000071,3030,0,0,294.4561235,nan,nan,nan
HOSP-STD-30-02,30,64,uniform6060,294.4561235,293.5,0.5,0.5,6060,6060,8.66441104200203,6060,0,0,294.4561235,nan,nan,nan
HOSP-STD-30-02,30,64,dmab3030,306.506088,306.5,0.0,0.0,3030,3030,4.365195999998832,0,3030,6,nan,nan,nan,nan
HOSP-STD-30-02,30,64,fixed_portfolio6060,294.4561235,293.5,0.5,0.5,6060,6060,8.677400708998903,3030,3030,6,294.4561235,294.4561235,306.506088,nan
HOSP-STD-30-02,30,64,two_uniform6060,293.506013,293.5,0.0,0.0,6060,6060,8.380015375005314,6060,0,0,294.4561235,294.4561235,nan,293.506013
HOSP-STD-30-02,30,64,learned_free6060,294.4561235,293.5,0.5,0.5,6060,6060,8.577562916994793,2730,3330,6,310.30609,nan,nan,nan
HOSP-STD-30-02,30,64,learned_protected6060,294.4561235,293.5,0.5,0.5,6060,6060,8.828829791993485,4380,1680,3,294.4561235,nan,nan,nan
HOSP-STD-30-02,30,65,uniform3030,290.006335,290.0,0.0,0.0,3030,3030,4.2901354170026025,3030,0,0,290.006335,nan,nan,nan
HOSP-STD-30-02,30,65,uniform6060,290.006335,290.0,0.0,0.0,6060,6060,8.580045625014463,6060,0,0,290.006335,nan,nan,nan
HOSP-STD-30-02,30,65,dmab3030,306.506088,306.5,0.0,0.0,3030,3030,4.148040249987389,0,3030,12,nan,nan,nan,nan
HOSP-STD-30-02,30,65,fixed_portfolio6060,290.006335,290.0,0.0,0.0,6060,6060,8.438175666989991,3030,3030,12,290.006335,290.006335,306.506088,nan
HOSP-STD-30-02,30,65,two_uniform6060,290.006335,290.0,0.0,0.0,6060,6060,8.4361505840061,6060,0,0,290.006335,290.006335,nan,295.506459
HOSP-STD-30-02,30,65,learned_free6060,290.006335,290.0,0.0,0.0,6060,6060,8.412414833001094,3630,2430,11,310.30609,nan,nan,nan
HOSP-STD-30-02,30,65,learned_protected6060,290.006335,290.0,0.0,0.0,6060,6060,9.630618582988973,4530,1530,3,290.006335,nan,nan,nan
HOSP-STD-30-02,30,66,uniform3030,306.506088,306.5,0.0,0.0,3030,3030,4.277981957988231,3030,0,0,306.506088,nan,nan,nan
HOSP-STD-30-02,30,66,uniform6060,288.95690049999996,288.0,0.5,0.5,6060,6060,8.559291165991453,6060,0,0,306.506088,nan,nan,nan
HOSP-STD-30-02,30,66,dmab3030,299.006164,299.0,0.0,0.0,3030,3030,4.204022082994925,0,3030,4,nan,nan,nan,nan
HOSP-STD-30-02,30,66,fixed_portfolio6060,299.006164,299.0,0.0,0.0,6060,6060,8.482004040983156,3030,3030,4,306.506088,306.506088,299.006164,nan
HOSP-STD-30-02,30,66,two_uniform6060,295.006301,295.0,0.0,0.0,6060,6060,8.64424829199561,6060,0,0,306.506088,306.506088,nan,295.006301
HOSP-STD-30-02,30,66,learned_free6060,296.006495,296.0,0.0,0.0,6060,6060,8.886967500002356,2430,3630,4,310.30609,nan,nan,nan
HOSP-STD-30-02,30,66,learned_protected6060,290.506461,290.5,0.0,0.0,6060,6060,9.388273582997499,4980,1080,1,306.506088,nan,nan,nan
HOSP-STD-30-02,30,67,uniform3030,306.506088,306.5,0.0,0.0,3030,3030,4.337959959011641,3030,0,0,306.506088,nan,nan,nan
HOSP-STD-30-02,30,67,uniform6060,293.006269,293.0,0.0,0.0,6060,6060,8.718792084022425,6060,0,0,306.506088,nan,nan,nan
HOSP-STD-30-02,30,67,dmab3030,295.00626,295.0,0.0,0.0,3030,3030,5.124960957997246,0,3030,9,nan,nan,nan,nan
HOSP-STD-30-02,30,67,fixed_portfolio6060,295.00626,295.0,0.0,0.0,6060,6060,9.462920917008887,3030,3030,9,306.506088,306.506088,295.00626,nan
HOSP-STD-30-02,30,67,two_uniform6060,302.006871,302.0,0.0,0.0,6060,6060,9.116749918015557,6060,0,0,306.506088,306.506088,nan,302.006871
HOSP-STD-30-02,30,67,learned_free6060,295.00626,295.0,0.0,0.0,6060,6060,9.208169042001828,2580,3480,9,310.30609,nan,nan,nan
HOSP-STD-30-02,30,67,learned_protected6060,295.00626,295.0,0.0,0.0,6060,6060,12.813216082999134,4080,1980,7,306.506088,nan,nan,nan
HOSP-STD-30-02,30,68,uniform3030,290.006394,290.0,0.0,0.0,3030,3030,4.856687708001118,3030,0,0,290.006394,nan,nan,nan
HOSP-STD-30-02,30,68,uniform6060,290.006394,290.0,0.0,0.0,6060,6060,9.177775000003749,6060,0,0,290.006394,nan,nan,nan
HOSP-STD-30-02,30,68,dmab3030,306.506088,306.5,0.0,0.0,3030,3030,4.140430332990945,0,3030,9,nan,nan,nan,nan
HOSP-STD-30-02,30,68,fixed_portfolio6060,290.006394,290.0,0.0,0.0,6060,6060,8.997118040992063,3030,3030,9,290.006394,290.006394,306.506088,nan
HOSP-STD-30-02,30,68,two_uniform6060,290.006394,290.0,0.0,0.0,6060,6060,9.686626415990759,6060,0,0,290.006394,290.006394,nan,302.006383
HOSP-STD-30-02,30,68,learned_free6060,290.006394,290.0,0.0,0.0,6060,6060,12.219173791003413,4080,1980,5,310.30609,nan,nan,nan
HOSP-STD-30-02,30,68,learned_protected6060,290.006394,290.0,0.0,0.0,6060,6060,11.428877124999417,4530,1530,4,290.006394,nan,nan,nan
HOSP-STD-30-02,30,69,uniform3030,295.006096,295.0,0.0,0.0,3030,3030,4.152958582999418,3030,0,0,295.006096,nan,nan,nan
HOSP-STD-30-02,30,69,uniform6060,295.006096,295.0,0.0,0.0,6060,6060,8.282566791007412,6060,0,0,295.006096,nan,nan,nan
HOSP-STD-30-02,30,69,dmab3030,298.006457,298.0,0.0,0.0,3030,3030,5.655729332996998,0,3030,7,nan,nan,nan,nan
HOSP-STD-30-02,30,69,fixed_portfolio6060,295.006096,295.0,0.0,0.0,6060,6060,9.808687915996416,3030,3030,7,295.006096,295.006096,298.006457,nan
HOSP-STD-30-02,30,69,two_uniform6060,280.85640850000004,278.0,1.5,1.5,6060,6060,10.314174958009971,6060,0,0,295.006096,295.006096,nan,280.85640850000004
HOSP-STD-30-02,30,69,learned_free6060,295.006096,295.0,0.0,0.0,6060,6060,11.571598290989641,3630,2430,7,310.30609,nan,nan,nan
HOSP-STD-30-02,30,69,learned_protected6060,295.006096,295.0,0.0,0.0,6060,6060,11.582294375009951,4380,1680,6,295.006096,nan,nan,nan
HOSP-STD-30-02,30,70,uniform3030,299.506227,299.5,0.0,0.0,3030,3030,4.1535690409946255,3030,0,0,299.506227,nan,nan,nan
HOSP-STD-30-02,30,70,uniform6060,293.006046,293.0,0.0,0.0,6060,6060,9.376759207996656,6060,0,0,299.506227,nan,nan,nan
HOSP-STD-30-02,30,70,dmab3030,305.006292,305.0,0.0,0.0,3030,3030,6.55019287498726,0,3030,5,nan,nan,nan,nan
HOSP-STD-30-02,30,70,fixed_portfolio6060,299.506227,299.5,0.0,0.0,6060,6060,10.703761915981886,3030,3030,5,299.506227,299.506227,305.006292,nan
HOSP-STD-30-02,30,70,two_uniform6060,287.506091,287.5,0.0,0.0,6060,6060,9.98852312398958,6060,0,0,299.506227,299.506227,nan,287.506091
HOSP-STD-30-02,30,70,learned_free6060,299.506227,299.5,0.0,0.0,6060,6060,11.64168004199746,3630,2430,5,310.30609,nan,nan,nan
HOSP-STD-30-02,30,70,learned_protected6060,299.506227,299.5,0.0,0.0,6060,6060,10.369959042000119,4380,1680,3,299.506227,nan,nan,nan
HOSP-STD-30-02,30,71,uniform3030,306.506088,306.5,0.0,0.0,3030,3030,5.802784665997024,3030,0,0,306.506088,nan,nan,nan
HOSP-STD-30-02,30,71,uniform6060,299.506689,299.5,0.0,0.0,6060,6060,11.748575124001945,6060,0,0,306.506088,nan,nan,nan
HOSP-STD-30-02,30,71,dmab3030,290.006927,290.0,0.0,0.0,3030,3030,6.051093000001856,0,3030,9,nan,nan,nan,nan
HOSP-STD-30-02,30,71,fixed_portfolio6060,290.006927,290.0,0.0,0.0,6060,6060,11.85387766599888,3030,3030,9,306.506088,306.506088,290.006927,nan
HOSP-STD-30-02,30,71,two_uniform6060,295.006654,295.0,0.0,0.0,6060,6060,10.439311165988329,6060,0,0,306.506088,306.506088,nan,295.006654
HOSP-STD-30-02,30,71,learned_free6060,290.006927,290.0,0.0,0.0,6060,6060,8.74522033399262,1530,4530,12,310.30609,nan,nan,nan
HOSP-STD-30-02,30,71,learned_protected6060,297.006218,297.0,0.0,0.0,6060,6060,9.400452208996285,3630,2430,7,306.506088,nan,nan,nan
HOSP-STD-30-02,30,72,uniform3030,295.4561035,294.5,0.5,0.5,3030,3030,5.718080749997171,3030,0,0,295.4561035,nan,nan,nan
HOSP-STD-30-02,30,72,uniform6060,295.4561035,294.5,0.5,0.5,6060,6060,10.337681375007378,6060,0,0,295.4561035,nan,nan,nan
HOSP-STD-30-02,30,72,dmab3030,293.505904,293.5,0.0,0.0,3030,3030,4.235447125000064,0,3030,8,nan,nan,nan,nan
HOSP-STD-30-02,30,72,fixed_portfolio6060,293.505904,293.5,0.0,0.0,6060,6060,9.953527874997235,3030,3030,8,295.4561035,295.4561035,293.505904,nan
HOSP-STD-30-02,30,72,two_uniform6060,281.505888,281.5,0.0,0.0,6060,6060,9.840044041993679,6060,0,0,295.4561035,295.4561035,nan,281.505888
HOSP-STD-30-02,30,72,learned_free6060,293.505904,293.5,0.0,0.0,6060,6060,9.214290500007337,2580,3480,8,310.30609,nan,nan,nan
HOSP-STD-30-02,30,72,learned_protected6060,295.4561035,294.5,0.5,0.5,6060,6060,9.403252582997084,4680,1380,4,295.4561035,nan,nan,nan
HOSP-STD-30-02,30,73,uniform3030,292.506623,292.5,0.0,0.0,3030,3030,4.252196333007305,3030,0,0,292.506623,nan,nan,nan
HOSP-STD-30-02,30,73,uniform6060,292.506623,292.5,0.0,0.0,6060,6060,8.3649175830069,6060,0,0,292.506623,nan,nan,nan
HOSP-STD-30-02,30,73,dmab3030,305.006424,305.0,0.0,0.0,3030,3030,4.249272959001246,0,3030,5,nan,nan,nan,nan
HOSP-STD-30-02,30,73,fixed_portfolio6060,292.506623,292.5,0.0,0.0,6060,6060,8.50146929200855,3030,3030,5,292.506623,292.506623,305.006424,nan
HOSP-STD-30-02,30,73,two_uniform6060,292.506623,292.5,0.0,0.0,6060,6060,8.752666790998774,6060,0,0,292.506623,292.506623,nan,296.00648
HOSP-STD-30-02,30,73,learned_free6060,292.506623,292.5,0.0,0.0,6060,6060,8.834886875003576,2880,3180,5,310.30609,nan,nan,nan
HOSP-STD-30-02,30,73,learned_protected6060,292.506623,292.5,0.0,0.0,6060,6060,10.138097791990731,4380,1680,5,292.506623,nan,nan,nan
HOSP-STD-30-02,30,74,uniform3030,288.506643,288.5,0.0,0.0,3030,3030,4.1628393749997485,3030,0,0,288.506643,nan,nan,nan
HOSP-STD-30-02,30,74,uniform6060,288.506529,288.5,0.0,0.0,6060,6060,8.359463209009846,6060,0,0,288.506643,nan,nan,nan
HOSP-STD-30-02,30,74,dmab3030,290.506067,290.5,0.0,0.0,3030,3030,4.654392750002444,0,3030,13,nan,nan,nan,nan
HOSP-STD-30-02,30,74,fixed_portfolio6060,288.506643,288.5,0.0,0.0,6060,6060,8.817232125002192,3030,3030,13,288.506643,288.506643,290.506067,nan
HOSP-STD-30-02,30,74,two_uniform6060,285.506318,285.5,0.0,0.0,6060,6060,8.556780083992635,6060,0,0,288.506643,288.506643,nan,285.506318
HOSP-STD-30-02,30,74,learned_free6060,290.506067,290.5,0.0,0.0,6060,6060,9.718374582997058,2580,3480,17,310.30609,nan,nan,nan
HOSP-STD-30-02,30,74,learned_protected6060,288.506529,288.5,0.0,0.0,6060,6060,8.982835041999351,4530,1530,5,288.506643,nan,nan,nan
HOSP-STD-30-02,30,75,uniform3030,299.506596,299.5,0.0,0.0,3030,3030,4.549016707998817,3030,0,0,299.506596,nan,nan,nan
HOSP-STD-30-02,30,75,uniform6060,299.506569,299.5,0.0,0.0,6060,6060,9.991892541002017,6060,0,0,299.506596,nan,nan,nan
HOSP-STD-30-02,30,75,dmab3030,296.006412,296.0,0.0,0.0,3030,3030,4.757655584005988,0,3030,14,nan,nan,nan,nan
HOSP-STD-30-02,30,75,fixed_portfolio6060,296.006412,296.0,0.0,0.0,6060,6060,9.306672292004805,3030,3030,14,299.506596,299.506596,296.006412,nan
HOSP-STD-30-02,30,75,two_uniform6060,299.506596,299.5,0.0,0.0,6060,6060,8.857382874994073,6060,0,0,299.506596,299.506596,nan,300.506076
HOSP-STD-30-02,30,75,learned_free6060,296.006412,296.0,0.0,0.0,6060,6060,8.559694291994674,3180,2880,12,310.30609,nan,nan,nan
HOSP-STD-30-02,30,75,learned_protected6060,296.006412,296.0,0.0,0.0,6060,6060,8.2860305840004,4530,1530,5,299.506596,nan,nan,nan
HOSP-STD-30-02,30,76,uniform3030,294.006131,294.0,0.0,0.0,3030,3030,4.634938457995304,3030,0,0,294.006131,nan,nan,nan
HOSP-STD-30-02,30,76,uniform6060,293.90698199999997,292.0,1.0,1.0,6060,6060,8.90499074998661,6060,0,0,294.006131,nan,nan,nan
HOSP-STD-30-02,30,76,dmab3030,288.006038,288.0,0.0,0.0,3030,3030,4.331147125005373,0,3030,11,nan,nan,nan,nan
HOSP-STD-30-02,30,76,fixed_portfolio6060,288.006038,288.0,0.0,0.0,6060,6060,8.966085583000677,3030,3030,11,294.006131,294.006131,288.006038,nan
HOSP-STD-30-02,30,76,two_uniform6060,294.006131,294.0,0.0,0.0,6060,6060,8.597504040997592,6060,0,0,294.006131,294.006131,nan,298.506584
HOSP-STD-30-02,30,76,learned_free6060,288.006038,288.0,0.0,0.0,6060,6060,8.263138042006176,1980,4080,17,310.30609,nan,nan,nan
HOSP-STD-30-02,30,76,learned_protected6060,289.006292,289.0,0.0,0.0,6060,6060,8.021484124998096,4530,1530,9,294.006131,nan,nan,nan
HOSP-STD-30-02,30,77,uniform3030,297.9560525,297.0,0.5,0.5,3030,3030,4.230975958009367,3030,0,0,297.9560525,nan,nan,nan
HOSP-STD-30-02,30,77,uniform6060,297.9560525,297.0,0.5,0.5,6060,6060,8.28636362501129,6060,0,0,297.9560525,nan,nan,nan
HOSP-STD-30-02,30,77,dmab3030,301.8566405,299.0,1.5,1.5,3030,3030,4.152187584011699,0,3030,19,nan,nan,nan,nan
HOSP-STD-30-02,30,77,fixed_portfolio6060,297.9560525,297.0,0.5,0.5,6060,6060,8.383163542021066,3030,3030,19,297.9560525,297.9560525,301.8566405,nan
HOSP-STD-30-02,30,77,two_uniform6060,297.9560525,297.0,0.5,0.5,6060,6060,8.20639870800369,6060,0,0,297.9560525,297.9560525,nan,306.506292
HOSP-STD-30-02,30,77,learned_free6060,297.9560525,297.0,0.5,0.5,6060,6060,8.315037332999054,3480,2580,16,310.30609,nan,nan,nan
HOSP-STD-30-02,30,77,learned_protected6060,297.9560525,297.0,0.5,0.5,6060,6060,8.167358541992144,4530,1530,9,297.9560525,nan,nan,nan
HOSP-STD-30-02,30,78,uniform3030,297.006294,297.0,0.0,0.0,3030,3030,4.144124166996335,3030,0,0,297.006294,nan,nan,nan
HOSP-STD-30-02,30,78,uniform6060,297.006294,297.0,0.0,0.0,6060,6060,8.249578041999484,6060,0,0,297.006294,nan,nan,nan
HOSP-STD-30-02,30,78,dmab3030,302.006013,302.0,0.0,0.0,3030,3030,4.161634916992625,0,3030,13,nan,nan,nan,nan
HOSP-STD-30-02,30,78,fixed_portfolio6060,297.006294,297.0,0.0,0.0,6060,6060,8.30575908398896,3030,3030,13,297.006294,297.006294,302.006013,nan
HOSP-STD-30-02,30,78,two_uniform6060,297.006294,297.0,0.0,0.0,6060,6060,8.183127875003265,6060,0,0,297.006294,297.006294,nan,302.506321
HOSP-STD-30-02,30,78,learned_free6060,297.006294,297.0,0.0,0.0,6060,6060,8.371241125001688,3480,2580,12,310.30609,nan,nan,nan
HOSP-STD-30-02,30,78,learned_protected6060,297.006294,297.0,0.0,0.0,6060,6060,8.331281167003908,4380,1680,7,297.006294,nan,nan,nan
HOSP-STD-30-02,30,79,uniform3030,281.005941,281.0,0.0,0.0,3030,3030,4.2159275420126505,3030,0,0,281.005941,nan,nan,nan
HOSP-STD-30-02,30,79,uniform6060,281.005941,281.0,0.0,0.0,6060,6060,8.296286333003081,6060,0,0,281.005941,nan,nan,nan
HOSP-STD-30-02,30,79,dmab3030,299.00661,299.0,0.0,0.0,3030,3030,4.183020500000566,0,3030,11,nan,nan,nan,nan
HOSP-STD-30-02,30,79,fixed_portfolio6060,281.005941,281.0,0.0,0.0,6060,6060,8.398948042013217,3030,3030,11,281.005941,281.005941,299.00661,nan
HOSP-STD-30-02,30,79,two_uniform6060,281.005941,281.0,0.0,0.0,6060,6060,8.35612270902493,6060,0,0,281.005941,281.005941,nan,300.506253
HOSP-STD-30-02,30,79,learned_free6060,281.005941,281.0,0.0,0.0,6060,6060,8.294414374991902,3630,2430,9,310.30609,nan,nan,nan
HOSP-STD-30-02,30,79,learned_protected6060,281.005941,281.0,0.0,0.0,6060,6060,8.561510333005572,4530,1530,6,281.005941,nan,nan,nan
HOSP-STD-30-03,30,60,uniform3030,263.5070845,263.5,0.0,0.0,3030,3030,4.135195916998782,3030,0,0,263.5070845,nan,nan,nan
HOSP-STD-30-03,30,60,uniform6060,263.5070845,263.5,0.0,0.0,6060,6060,8.339047417000984,6060,0,0,263.5070845,nan,nan,nan
HOSP-STD-30-03,30,60,dmab3030,263.5070845,263.5,0.0,0.0,3030,3030,4.155200291002984,0,3030,20,nan,nan,nan,nan
HOSP-STD-30-03,30,60,fixed_portfolio6060,263.5070845,263.5,0.0,0.0,6060,6060,8.290396208001766,3030,3030,20,263.5070845,263.5070845,263.5070845,nan
HOSP-STD-30-03,30,60,two_uniform6060,263.5070845,263.5,0.0,0.0,6060,6060,8.212364082995919,6060,0,0,263.5070845,263.5070845,nan,263.5070845
HOSP-STD-30-03,30,60,learned_free6060,263.5070845,263.5,0.0,0.0,6060,6060,8.45882004199666,3030,3030,20,263.5070845,nan,nan,nan
HOSP-STD-30-03,30,60,learned_protected6060,263.5070845,263.5,0.0,0.0,6060,6060,9.4932547500066,4530,1530,10,263.5070845,nan,nan,nan
HOSP-STD-30-03,30,61,uniform3030,263.5070565,263.5,0.0,0.0,3030,3030,4.134228082999471,3030,0,0,263.5070565,nan,nan,nan
HOSP-STD-30-03,30,61,uniform6060,263.5070565,263.5,0.0,0.0,6060,6060,8.231706291000592,6060,0,0,263.5070565,nan,nan,nan
HOSP-STD-30-03,30,61,dmab3030,263.5070845,263.5,0.0,0.0,3030,3030,4.222567582997726,0,3030,11,nan,nan,nan,nan
HOSP-STD-30-03,30,61,fixed_portfolio6060,263.5070565,263.5,0.0,0.0,6060,6060,8.356795665997197,3030,3030,11,263.5070565,263.5070565,263.5070845,nan
HOSP-STD-30-03,30,61,two_uniform6060,263.5070565,263.5,0.0,0.0,6060,6060,8.14581045799423,6060,0,0,263.5070565,263.5070565,nan,263.5070845
HOSP-STD-30-03,30,61,learned_free6060,263.5070565,263.5,0.0,0.0,6060,6060,9.50303420900309,3030,3030,11,263.5070845,nan,nan,nan
HOSP-STD-30-03,30,61,learned_protected6060,263.5070565,263.5,0.0,0.0,6060,6060,8.567223999998532,4530,1530,4,263.5070565,nan,nan,nan
HOSP-STD-30-03,30,62,uniform3030,263.5070845,263.5,0.0,0.0,3030,3030,4.076691459005815,3030,0,0,263.5070845,nan,nan,nan
HOSP-STD-30-03,30,62,uniform6060,263.5070845,263.5,0.0,0.0,6060,6060,8.205306000003475,6060,0,0,263.5070845,nan,nan,nan
HOSP-STD-30-03,30,62,dmab3030,254.5059915,254.5,0.0,0.0,3030,3030,4.175289500009967,0,3030,12,nan,nan,nan,nan
HOSP-STD-30-03,30,62,fixed_portfolio6060,254.5059915,254.5,0.0,0.0,6060,6060,8.251980959015782,3030,3030,12,263.5070845,263.5070845,254.5059915,nan
HOSP-STD-30-03,30,62,two_uniform6060,263.5070845,263.5,0.0,0.0,6060,6060,8.217660501002683,6060,0,0,263.5070845,263.5070845,nan,263.5070845
HOSP-STD-30-03,30,62,learned_free6060,254.5059915,254.5,0.0,0.0,6060,6060,9.606914333999157,2430,3630,12,263.5070845,nan,nan,nan
HOSP-STD-30-03,30,62,learned_protected6060,263.5068935,263.5,0.0,0.0,6060,6060,8.502407749998383,4530,1530,7,263.5070845,nan,nan,nan
HOSP-STD-30-03,30,63,uniform3030,263.5069365,263.5,0.0,0.0,3030,3030,5.213174417003756,3030,0,0,263.5069365,nan,nan,nan
HOSP-STD-30-03,30,63,uniform6060,263.5069365,263.5,0.0,0.0,6060,6060,9.477334333001636,6060,0,0,263.5069365,nan,nan,nan
HOSP-STD-30-03,30,63,dmab3030,263.5070845,263.5,0.0,0.0,3030,3030,4.5131907500035595,0,3030,4,nan,nan,nan,nan
HOSP-STD-30-03,30,63,fixed_portfolio6060,263.5069365,263.5,0.0,0.0,6060,6060,9.726365167007316,3030,3030,4,263.5069365,263.5069365,263.5070845,nan
HOSP-STD-30-03,30,63,two_uniform6060,263.5069365,263.5,0.0,0.0,6060,6060,9.499283666998963,6060,0,0,263.5069365,263.5069365,nan,263.5070845
HOSP-STD-30-03,30,63,learned_free6060,263.5069365,263.5,0.0,0.0,6060,6060,8.818486290998408,3030,3030,4,263.5070845,nan,nan,nan
HOSP-STD-30-03,30,63,learned_protected6060,263.5069365,263.5,0.0,0.0,6060,6060,9.225652916997205,4530,1530,3,263.5069365,nan,nan,nan
HOSP-STD-30-03,30,64,uniform3030,263.5069365,263.5,0.0,0.0,3030,3030,4.140874082993832,3030,0,0,263.5069365,nan,nan,nan
HOSP-STD-30-03,30,64,uniform6060,263.5069365,263.5,0.0,0.0,6060,6060,8.275158499993267,6060,0,0,263.5069365,nan,nan,nan
HOSP-STD-30-03,30,64,dmab3030,263.5070845,263.5,0.0,0.0,3030,3030,4.270496666998952,0,3030,20,nan,nan,nan,nan
HOSP-STD-30-03,30,64,fixed_portfolio6060,263.5069365,263.5,0.0,0.0,6060,6060,8.411370749992784,3030,3030,20,263.5069365,263.5069365,263.5070845,nan
HOSP-STD-30-03,30,64,two_uniform6060,263.5069365,263.5,0.0,0.0,6060,6060,8.321890541992616,6060,0,0,263.5069365,263.5069365,nan,263.5070775
HOSP-STD-30-03,30,64,learned_free6060,263.5069365,263.5,0.0,0.0,6060,6060,8.831814916004078,3030,3030,20,263.5070845,nan,nan,nan
HOSP-STD-30-03,30,64,learned_protected6060,263.5069365,263.5,0.0,0.0,6060,6060,9.023393833005684,4530,1530,8,263.5069365,nan,nan,nan
HOSP-STD-30-03,30,65,uniform3030,263.5070695,263.5,0.0,0.0,3030,3030,4.162408666001284,3030,0,0,263.5070695,nan,nan,nan
HOSP-STD-30-03,30,65,uniform6060,263.5070695,263.5,0.0,0.0,6060,6060,8.29263841600914,6060,0,0,263.5070695,nan,nan,nan
HOSP-STD-30-03,30,65,dmab3030,263.5070845,263.5,0.0,0.0,3030,3030,4.30328195799666,0,3030,15,nan,nan,nan,nan
HOSP-STD-30-03,30,65,fixed_portfolio6060,263.5070695,263.5,0.0,0.0,6060,6060,8.465690623997943,3030,3030,15,263.5070695,263.5070695,263.5070845,nan
HOSP-STD-30-03,30,65,two_uniform6060,263.5070695,263.5,0.0,0.0,6060,6060,8.340876416012179,6060,0,0,263.5070695,263.5070695,nan,263.5070845
HOSP-STD-30-03,30,65,learned_free6060,263.5070695,263.5,0.0,0.0,6060,6060,9.146270915996865,3030,3030,15,263.5070845,nan,nan,nan
HOSP-STD-30-03,30,65,learned_protected6060,263.5070695,263.5,0.0,0.0,6060,6060,9.14313758299977,4530,1530,9,263.5070695,nan,nan,nan
HOSP-STD-30-03,30,66,uniform3030,263.5070845,263.5,0.0,0.0,3030,3030,4.193815791993984,3030,0,0,263.5070845,nan,nan,nan
HOSP-STD-30-03,30,66,uniform6060,258.755832,254.0,2.5,2.5,6060,6060,8.428491084006964,6060,0,0,263.5070845,nan,nan,nan
HOSP-STD-30-03,30,66,dmab3030,263.5069365,263.5,0.0,0.0,3030,3030,4.248400374999619,0,3030,9,nan,nan,nan,nan
HOSP-STD-30-03,30,66,fixed_portfolio6060,263.5069365,263.5,0.0,0.0,6060,6060,8.442216166993603,3030,3030,9,263.5070845,263.5070845,263.5069365,nan
HOSP-STD-30-03,30,66,two_uniform6060,263.5070845,263.5,0.0,0.0,6060,6060,8.77144558299915,6060,0,0,263.5070845,263.5070845,nan,263.5070845
HOSP-STD-30-03,30,66,learned_free6060,263.5069365,263.5,0.0,0.0,6060,6060,9.070279375009704,3030,3030,9,263.5070845,nan,nan,nan
HOSP-STD-30-03,30,66,learned_protected6060,258.755832,254.0,2.5,2.5,6060,6060,8.754863082998781,4980,1080,2,263.5070845,nan,nan,nan
HOSP-STD-30-03,30,67,uniform3030,263.5070565,263.5,0.0,0.0,3030,3030,4.6384589579975,3030,0,0,263.5070565,nan,nan,nan
HOSP-STD-30-03,30,67,uniform6060,263.5070565,263.5,0.0,0.0,6060,6060,9.33927283299272,6060,0,0,263.5070565,nan,nan,nan
HOSP-STD-30-03,30,67,dmab3030,263.5070845,263.5,0.0,0.0,3030,3030,4.558514792006463,0,3030,15,nan,nan,nan,nan
HOSP-STD-30-03,30,67,fixed_portfolio6060,263.5070565,263.5,0.0,0.0,6060,6060,9.196973750003963,3030,3030,15,263.5070565,263.5070565,263.5070845,nan
HOSP-STD-30-03,30,67,two_uniform6060,263.5070565,263.5,0.0,0.0,6060,6060,8.964356416996452,6060,0,0,263.5070565,263.5070565,nan,263.5070845
HOSP-STD-30-03,30,67,learned_free6060,263.5070565,263.5,0.0,0.0,6060,6060,8.792029791002278,3030,3030,15,263.5070845,nan,nan,nan
HOSP-STD-30-03,30,67,learned_protected6060,263.5070565,263.5,0.0,0.0,6060,6060,8.750088041997515,4530,1530,7,263.5070565,nan,nan,nan
HOSP-STD-30-03,30,68,uniform3030,263.5070845,263.5,0.0,0.0,3030,3030,4.5213267500075744,3030,0,0,263.5070845,nan,nan,nan
HOSP-STD-30-03,30,68,uniform6060,263.5070845,263.5,0.0,0.0,6060,6060,8.790842417016393,6060,0,0,263.5070845,nan,nan,nan
HOSP-STD-30-03,30,68,dmab3030,263.5070845,263.5,0.0,0.0,3030,3030,4.339373374998104,0,3030,21,nan,nan,nan,nan
HOSP-STD-30-03,30,68,fixed_portfolio6060,263.5070845,263.5,0.0,0.0,6060,6060,8.860700125005678,3030,3030,21,263.5070845,263.5070845,263.5070845,nan
HOSP-STD-30-03,30,68,two_uniform6060,263.5070845,263.5,0.0,0.0,6060,6060,8.707724667008733,6060,0,0,263.5070845,263.5070845,nan,263.5070845
HOSP-STD-30-03,30,68,learned_free6060,263.5070845,263.5,0.0,0.0,6060,6060,8.525788458995521,3030,3030,21,263.5070845,nan,nan,nan
HOSP-STD-30-03,30,68,learned_protected6060,263.5070845,263.5,0.0,0.0,6060,6060,8.349419666992617,4530,1530,13,263.5070845,nan,nan,nan
HOSP-STD-30-03,30,69,uniform3030,263.5069785,263.5,0.0,0.0,3030,3030,4.266549333013245,3030,0,0,263.5069785,nan,nan,nan
HOSP-STD-30-03,30,69,uniform6060,263.5069785,263.5,0.0,0.0,6060,6060,8.514422250023927,6060,0,0,263.5069785,nan,nan,nan
HOSP-STD-30-03,30,69,dmab3030,263.5070345,263.5,0.0,0.0,3030,3030,4.2675684159912635,0,3030,17,nan,nan,nan,nan
HOSP-STD-30-03,30,69,fixed_portfolio6060,263.5069785,263.5,0.0,0.0,6060,6060,8.534117749004508,3030,3030,17,263.5069785,263.5069785,263.5070345,nan
HOSP-STD-30-03,30,69,two_uniform6060,263.5069785,263.5,0.0,0.0,6060,6060,8.44973237501108,6060,0,0,263.5069785,263.5069785,nan,263.5070845
HOSP-STD-30-03,30,69,learned_free6060,263.5069785,263.5,0.0,0.0,6060,6060,8.416107875003945,3030,3030,17,263.5070845,nan,nan,nan
HOSP-STD-30-03,30,69,learned_protected6060,263.5069785,263.5,0.0,0.0,6060,6060,8.406151333008893,4380,1680,12,263.5069785,nan,nan,nan
HOSP-STD-30-03,30,70,uniform3030,263.5070845,263.5,0.0,0.0,3030,3030,4.240708458004519,3030,0,0,263.5070845,nan,nan,nan
HOSP-STD-30-03,30,70,uniform6060,263.5070845,263.5,0.0,0.0,6060,6060,8.422316166004748,6060,0,0,263.5070845,nan,nan,nan
HOSP-STD-30-03,30,70,dmab3030,263.5070845,263.5,0.0,0.0,3030,3030,4.375033667005482,0,3030,14,nan,nan,nan,nan
HOSP-STD-30-03,30,70,fixed_portfolio6060,263.5070845,263.5,0.0,0.0,6060,6060,8.615742125010001,3030,3030,14,263.5070845,263.5070845,263.5070845,nan
HOSP-STD-30-03,30,70,two_uniform6060,263.5070845,263.5,0.0,0.0,6060,6060,8.465831791007076,6060,0,0,263.5070845,263.5070845,nan,263.5070845
HOSP-STD-30-03,30,70,learned_free6060,263.5070845,263.5,0.0,0.0,6060,6060,8.610882541994215,3030,3030,14,263.5070845,nan,nan,nan
HOSP-STD-30-03,30,70,learned_protected6060,263.5070845,263.5,0.0,0.0,6060,6060,8.445644417006406,4530,1530,8,263.5070845,nan,nan,nan
HOSP-STD-30-03,30,71,uniform3030,263.5070545,263.5,0.0,0.0,3030,3030,4.298750208996353,3030,0,0,263.5070545,nan,nan,nan
HOSP-STD-30-03,30,71,uniform6060,263.5070545,263.5,0.0,0.0,6060,6060,8.581055958988145,6060,0,0,263.5070545,nan,nan,nan
HOSP-STD-30-03,30,71,dmab3030,258.0067275,258.0,0.0,0.0,3030,3030,4.37690020899754,0,3030,7,nan,nan,nan,nan
HOSP-STD-30-03,30,71,fixed_portfolio6060,258.0067275,258.0,0.0,0.0,6060,6060,8.675650417993893,3030,3030,7,263.5070545,263.5070545,258.0067275,nan
HOSP-STD-30-03,30,71,two_uniform6060,263.5070545,263.5,0.0,0.0,6060,6060,8.554332959000021,6060,0,0,263.5070545,263.5070545,nan,263.5070735
HOSP-STD-30-03,30,71,learned_free6060,258.0067275,258.0,0.0,0.0,6060,6060,8.765635042000213,2130,3930,9,263.5070845,nan,nan,nan
HOSP-STD-30-03,30,71,learned_protected6060,258.0067275,258.0,0.0,0.0,6060,6060,8.816533832999994,4530,1530,5,263.5070545,nan,nan,nan
HOSP-STD-30-03,30,72,uniform3030,263.5069925,263.5,0.0,0.0,3030,3030,4.1605902910087025,3030,0,0,263.5069925,nan,nan,nan
HOSP-STD-30-03,30,72,uniform6060,263.5069925,263.5,0.0,0.0,6060,6060,8.313792208005907,6060,0,0,263.5069925,nan,nan,nan
HOSP-STD-30-03,30,72,dmab3030,260.0062605,260.0,0.0,0.0,3030,3030,4.4123965420003515,0,3030,2,nan,nan,nan,nan
HOSP-STD-30-03,30,72,fixed_portfolio6060,260.0062605,260.0,0.0,0.0,6060,6060,8.572986833009054,3030,3030,2,263.5069925,263.5069925,260.0062605,nan
HOSP-STD-30-03,30,72,two_uniform6060,263.5069925,263.5,0.0,0.0,6060,6060,8.307800291004241,6060,0,0,263.5069925,263.5069925,nan,263.5070845
HOSP-STD-30-03,30,72,learned_free6060,260.0062605,260.0,0.0,0.0,6060,6060,8.768142917004297,2430,3630,6,263.5070845,nan,nan,nan
HOSP-STD-30-03,30,72,learned_protected6060,260.0062605,260.0,0.0,0.0,6060,6060,8.695841832988663,3930,2130,1,263.5069925,nan,nan,nan
HOSP-STD-30-03,30,73,uniform3030,263.5070845,263.5,0.0,0.0,3030,3030,4.155578165999032,3030,0,0,263.5070845,nan,nan,nan
HOSP-STD-30-03,30,73,uniform6060,263.5070845,263.5,0.0,0.0,6060,6060,8.281110832002014,6060,0,0,263.5070845,nan,nan,nan
HOSP-STD-30-03,30,73,dmab3030,263.5070845,263.5,0.0,0.0,3030,3030,4.277488332998473,0,3030,5,nan,nan,nan,nan
HOSP-STD-30-03,30,73,fixed_portfolio6060,263.5070845,263.5,0.0,0.0,6060,6060,8.433066498997505,3030,3030,5,263.5070845,263.5070845,263.5070845,nan
HOSP-STD-30-03,30,73,two_uniform6060,263.5065995,263.5,0.0,0.0,6060,6060,8.419315416002064,6060,0,0,263.5070845,263.5070845,nan,263.5065995
HOSP-STD-30-03,30,73,learned_free6060,263.5070845,263.5,0.0,0.0,6060,6060,8.528559917001985,3030,3030,5,263.5070845,nan,nan,nan
HOSP-STD-30-03,30,73,learned_protected6060,263.5070845,263.5,0.0,0.0,6060,6060,8.513718209011131,4530,1530,5,263.5070845,nan,nan,nan
HOSP-STD-30-03,30,74,uniform3030,263.5070845,263.5,0.0,0.0,3030,3030,4.185537750003277,3030,0,0,263.5070845,nan,nan,nan
HOSP-STD-30-03,30,74,uniform6060,263.5070845,263.5,0.0,0.0,6060,6060,8.360811458012904,6060,0,0,263.5070845,nan,nan,nan
HOSP-STD-30-03,30,74,dmab3030,263.5070845,263.5,0.0,0.0,3030,3030,4.660179583996069,0,3030,2,nan,nan,nan,nan
HOSP-STD-30-03,30,74,fixed_portfolio6060,263.5070845,263.5,0.0,0.0,6060,6060,8.845717333999346,3030,3030,2,263.5070845,263.5070845,263.5070845,nan
HOSP-STD-30-03,30,74,two_uniform6060,263.5070845,263.5,0.0,0.0,6060,6060,8.37348366700462,6060,0,0,263.5070845,263.5070845,nan,263.5070845
HOSP-STD-30-03,30,74,learned_free6060,263.5070845,263.5,0.0,0.0,6060,6060,8.685990750003839,3030,3030,2,263.5070845,nan,nan,nan
HOSP-STD-30-03,30,74,learned_protected6060,263.5070845,263.5,0.0,0.0,6060,6060,8.580749207991175,4530,1530,2,263.5070845,nan,nan,nan
HOSP-STD-30-03,30,75,uniform3030,263.5070845,263.5,0.0,0.0,3030,3030,4.259533000004012,3030,0,0,263.5070845,nan,nan,nan
HOSP-STD-30-03,30,75,uniform6060,263.5070845,263.5,0.0,0.0,6060,6060,8.567253041997901,6060,0,0,263.5070845,nan,nan,nan
HOSP-STD-30-03,30,75,dmab3030,263.5070845,263.5,0.0,0.0,3030,3030,4.388590082991868,0,3030,7,nan,nan,nan,nan
HOSP-STD-30-03,30,75,fixed_portfolio6060,263.5070845,263.5,0.0,0.0,6060,6060,8.64812308299588,3030,3030,7,263.5070845,263.5070845,263.5070845,nan
HOSP-STD-30-03,30,75,two_uniform6060,263.5070845,263.5,0.0,0.0,6060,6060,8.595880249995389,6060,0,0,263.5070845,263.5070845,nan,263.5070845
HOSP-STD-30-03,30,75,learned_free6060,263.5070845,263.5,0.0,0.0,6060,6060,8.689809041999979,3030,3030,7,263.5070845,nan,nan,nan
HOSP-STD-30-03,30,75,learned_protected6060,263.5070845,263.5,0.0,0.0,6060,6060,8.578970125003252,4530,1530,0,263.5070845,nan,nan,nan
HOSP-STD-30-03,30,76,uniform3030,263.5070845,263.5,0.0,0.0,3030,3030,4.1409729159931885,3030,0,0,263.5070845,nan,nan,nan
HOSP-STD-30-03,30,76,uniform6060,263.5070845,263.5,0.0,0.0,6060,6060,8.340737624996109,6060,0,0,263.5070845,nan,nan,nan
HOSP-STD-30-03,30,76,dmab3030,263.5070395,263.5,0.0,0.0,3030,3030,4.4140526249975665,0,3030,11,nan,nan,nan,nan
HOSP-STD-30-03,30,76,fixed_portfolio6060,263.5070395,263.5,0.0,0.0,6060,6060,8.555025540990755,3030,3030,11,263.5070845,263.5070845,263.5070395,nan
HOSP-STD-30-03,30,76,two_uniform6060,263.5070465,263.5,0.0,0.0,6060,6060,8.351140748985927,6060,0,0,263.5070845,263.5070845,nan,263.5070465
HOSP-STD-30-03,30,76,learned_free6060,263.5070395,263.5,0.0,0.0,6060,6060,8.583181541005615,3030,3030,11,263.5070845,nan,nan,nan
HOSP-STD-30-03,30,76,learned_protected6060,263.5070395,263.5,0.0,0.0,6060,6060,8.424037250006222,4530,1530,9,263.5070845,nan,nan,nan
HOSP-STD-30-03,30,77,uniform3030,263.5070845,263.5,0.0,0.0,3030,3030,4.200520415994106,3030,0,0,263.5070845,nan,nan,nan
HOSP-STD-30-03,30,77,uniform6060,263.5070845,263.5,0.0,0.0,6060,6060,8.372392915989622,6060,0,0,263.5070845,nan,nan,nan
HOSP-STD-30-03,30,77,dmab3030,263.5061665,263.5,0.0,0.0,3030,3030,4.39535325000179,0,3030,15,nan,nan,nan,nan
HOSP-STD-30-03,30,77,fixed_portfolio6060,263.5061665,263.5,0.0,0.0,6060,6060,8.595873665995896,3030,3030,15,263.5070845,263.5070845,263.5061665,nan
HOSP-STD-30-03,30,77,two_uniform6060,263.5070845,263.5,0.0,0.0,6060,6060,8.315246582991676,6060,0,0,263.5070845,263.5070845,nan,263.5070845
HOSP-STD-30-03,30,77,learned_free6060,263.5061665,263.5,0.0,0.0,6060,6060,8.435482582994155,2880,3180,15,263.5070845,nan,nan,nan
HOSP-STD-30-03,30,77,learned_protected6060,263.5070845,263.5,0.0,0.0,6060,6060,7.845756374998018,4530,1530,9,263.5070845,nan,nan,nan
HOSP-STD-30-03,30,78,uniform3030,263.5070845,263.5,0.0,0.0,3030,3030,4.226955416001147,3030,0,0,263.5070845,nan,nan,nan
HOSP-STD-30-03,30,78,uniform6060,263.5070845,263.5,0.0,0.0,6060,6060,8.47015508300683,6060,0,0,263.5070845,nan,nan,nan
HOSP-STD-30-03,30,78,dmab3030,263.5070845,263.5,0.0,0.0,3030,3030,4.2621852080046665,0,3030,15,nan,nan,nan,nan
HOSP-STD-30-03,30,78,fixed_portfolio6060,263.5070845,263.5,0.0,0.0,6060,6060,8.489140624005813,3030,3030,15,263.5070845,263.5070845,263.5070845,nan
HOSP-STD-30-03,30,78,two_uniform6060,260.0063775,260.0,0.0,0.0,6060,6060,8.391899499998544,6060,0,0,263.5070845,263.5070845,nan,260.0063775
HOSP-STD-30-03,30,78,learned_free6060,263.5070845,263.5,0.0,0.0,6060,6060,8.165570666998974,3030,3030,15,263.5070845,nan,nan,nan
HOSP-STD-30-03,30,78,learned_protected6060,263.5070845,263.5,0.0,0.0,6060,6060,6.730316917004529,4530,1530,4,263.5070845,nan,nan,nan
HOSP-STD-30-03,30,79,uniform3030,263.5070845,263.5,0.0,0.0,3030,3030,4.020089208992431,3030,0,0,263.5070845,nan,nan,nan
HOSP-STD-30-03,30,79,uniform6060,263.5070845,263.5,0.0,0.0,6060,6060,7.625195000990061,6060,0,0,263.5070845,nan,nan,nan
HOSP-STD-30-03,30,79,dmab3030,263.5069885,263.5,0.0,0.0,3030,3030,3.294369374998496,0,3030,12,nan,nan,nan,nan
HOSP-STD-30-03,30,79,fixed_portfolio6060,263.5069885,263.5,0.0,0.0,6060,6060,7.314458583990927,3030,3030,12,263.5070845,263.5070845,263.5069885,nan
HOSP-STD-30-03,30,79,two_uniform6060,263.5070565,263.5,0.0,0.0,6060,6060,6.69419087600545,6060,0,0,263.5070845,263.5070845,nan,263.5070565
HOSP-STD-30-03,30,79,learned_free6060,263.5069885,263.5,0.0,0.0,6060,6060,5.535359374989639,3030,3030,12,263.5070845,nan,nan,nan
HOSP-STD-30-03,30,79,learned_protected6060,263.5069885,263.5,0.0,0.0,6060,6060,5.441862583000329,4380,1680,2,263.5070845,nan,nan,nan
