instance_id,instance_digest,size,seed,policy,initial_objective,objective,makespan_minutes,blocked_minutes,max_wait_minutes,cross_room_jobs,evaluations,feasible_evaluations,runtime_seconds,evaluated_swap,evaluated_insert,evaluated_room_1,evaluated_room_2,evaluated_room_pair,attempted_swap,attempted_insert,attempted_room_1,attempted_room_2,attempted_room_pair,dmab_restarts,mean_reward
HOSP-STD-15-01,961d3d2c3eef83296e641ca556961d3dcd1c5322dd32e37e43d498596b46e264,15,0,dmab,147.5017585,140.5015795,140.5,0.0,0.0,4,3030,3030,0.5522581249970244,604,602,629,567,598,619,624,664,625,607,29,0.019000072309872405
HOSP-STD-15-01,961d3d2c3eef83296e641ca556961d3dcd1c5322dd32e37e43d498596b46e264,15,0,linucb,147.5017585,147.5017585,147.5,0.0,0.0,5,3030,3030,0.6266340829970432,409,440,799,493,859,431,470,861,542,891,0,0.02007931603744237
HOSP-STD-15-01,961d3d2c3eef83296e641ca556961d3dcd1c5322dd32e37e43d498596b46e264,15,1,dmab,147.5017585,145.0017265,145.0,0.0,0.0,3,3030,3030,0.5212559159990633,597,600,627,570,606,615,626,654,593,607,20,0.014819380117198171
HOSP-STD-15-01,961d3d2c3eef83296e641ca556961d3dcd1c5322dd32e37e43d498596b46e264,15,1,linucb,147.5017585,146.0015895,146.0,0.0,0.0,3,3030,3030,0.6492203749949113,360,645,870,460,665,368,684,1033,584,670,0,0.020423853530984592
HOSP-STD-15-01,961d3d2c3eef83296e641ca556961d3dcd1c5322dd32e37e43d498596b46e264,15,2,dmab,147.5017585,146.0013905,146.0,0.0,0.0,1,3030,3030,0.5240870839988929,638,611,614,552,585,645,626,634,586,586,1,0.00571769793962603
HOSP-STD-15-01,961d3d2c3eef83296e641ca556961d3dcd1c5322dd32e37e43d498596b46e264,15,2,linucb,147.5017585,145.5016665,145.5,0.0,0.0,6,3030,3030,0.6205240420022164,551,561,876,464,548,565,599,912,490,565,0,0.011457770943569211
HOSP-STD-15-01,961d3d2c3eef83296e641ca556961d3dcd1c5322dd32e37e43d498596b46e264,15,3,dmab,147.5017585,143.5012935,143.5,0.0,0.0,1,3030,3030,0.5257400420014164,636,601,621,555,587,659,606,640,580,589,16,0.01426560626281165
HOSP-STD-15-01,961d3d2c3eef83296e641ca556961d3dcd1c5322dd32e37e43d498596b46e264,15,3,linucb,147.5017585,141.5014905,141.5,0.0,0.0,3,3030,3030,0.6215438330036704,973,461,660,360,546,1034,481,717,368,549,0,0.014791209471128663
HOSP-STD-15-01,961d3d2c3eef83296e641ca556961d3dcd1c5322dd32e37e43d498596b46e264,15,4,dmab,147.5017585,142.5015485,142.5,0.0,0.0,5,3030,3030,0.5292496249967371,613,617,608,565,597,620,634,626,602,600,24,0.016005777007962452
HOSP-STD-15-01,961d3d2c3eef83296e641ca556961d3dcd1c5322dd32e37e43d498596b46e264,15,4,linucb,147.5017585,144.0017625,144.0,0.0,0.0,3,3030,3030,0.6433320409996668,582,556,904,436,522,614,601,984,535,555,0,0.022090485469251745
HOSP-STD-15-01,961d3d2c3eef83296e641ca556961d3dcd1c5322dd32e37e43d498596b46e264,15,5,dmab,147.5017585,147.5017395,147.5,0.0,0.0,4,3030,3030,0.5322202499955893,588,623,611,575,603,601,647,635,634,604,15,0.01987583179446184
HOSP-STD-15-01,961d3d2c3eef83296e641ca556961d3dcd1c5322dd32e37e43d498596b46e264,15,5,linucb,147.5017585,147.5017255,147.5,0.0,0.0,4,3030,3030,0.6381998750002822,684,769,696,646,205,716,829,785,733,213,0,0.01275145486259857
HOSP-STD-15-01,961d3d2c3eef83296e641ca556961d3dcd1c5322dd32e37e43d498596b46e264,15,6,dmab,147.5017585,144.0014395,144.0,0.0,0.0,4,3030,3030,0.525201709002431,614,626,616,546,598,626,642,635,595,601,20,0.01593798516081194
HOSP-STD-15-01,961d3d2c3eef83296e641ca556961d3dcd1c5322dd32e37e43d498596b46e264,15,6,linucb,147.5017585,145.5016155,145.5,0.0,0.0,4,3030,3030,0.6301542080036597,628,593,724,479,576,663,628,802,538,582,0,0.016062226918015576
HOSP-STD-15-01,961d3d2c3eef83296e641ca556961d3dcd1c5322dd32e37e43d498596b46e264,15,7,dmab,147.5017585,147.5017585,147.5,0.0,0.0,5,3030,3030,0.5244489169999724,590,589,638,572,611,598,607,660,600,614,31,0.019243169281718524
HOSP-STD-15-01,961d3d2c3eef83296e641ca556961d3dcd1c5322dd32e37e43d498596b46e264,15,7,linucb,147.5017585,145.0016705,145.0,0.0,0.0,2,3030,3030,0.65331841599982,476,499,876,683,466,495,519,1066,833,471,0,0.016344841517036336
HOSP-STD-15-01,961d3d2c3eef83296e641ca556961d3dcd1c5322dd32e37e43d498596b46e264,15,8,dmab,147.5017585,143.5015195,143.5,0.0,0.0,4,3030,3030,0.5222303749978892,595,618,616,578,593,605,631,628,611,599,26,0.015022749592055424
HOSP-STD-15-01,961d3d2c3eef83296e641ca556961d3dcd1c5322dd32e37e43d498596b46e264,15,8,linucb,147.5017585,147.5017585,147.5,0.0,0.0,5,3030,3030,0.6271347080037231,533,397,637,400,1033,557,409,748,434,1063,0,0.022231831262088577
HOSP-STD-15-01,961d3d2c3eef83296e641ca556961d3dcd1c5322dd32e37e43d498596b46e264,15,9,dmab,147.5017585,147.5017585,147.5,0.0,0.0,5,3030,3030,0.5643785830034176,585,591,642,566,616,596,613,670,610,619,18,0.014367471642719409
HOSP-STD-15-01,961d3d2c3eef83296e641ca556961d3dcd1c5322dd32e37e43d498596b46e264,15,9,linucb,147.5017585,147.5017585,147.5,0.0,0.0,5,3030,3030,0.6363029160056612,733,547,640,526,554,754,607,756,578,560,0,0.021706304626869902
HOSP-STD-15-01,961d3d2c3eef83296e641ca556961d3dcd1c5322dd32e37e43d498596b46e264,15,10,dmab,147.5017585,143.5016295,143.5,0.0,0.0,2,3030,3030,0.5277469159991597,605,604,620,556,615,612,631,644,599,617,25,0.017734546757962884
HOSP-STD-15-01,961d3d2c3eef83296e641ca556961d3dcd1c5322dd32e37e43d498596b46e264,15,10,linucb,147.5017585,147.5017555,147.5,0.0,0.0,5,3030,3030,0.6421538750000764,549,447,1056,425,523,572,508,1219,469,529,0,0.02000582638364499
HOSP-STD-15-01,961d3d2c3eef83296e641ca556961d3dcd1c5322dd32e37e43d498596b46e264,15,11,dmab,147.5017585,147.5017585,147.5,0.0,0.0,5,3030,3030,0.5336654589991667,606,597,629,574,594,615,614,668,622,601,34,0.022299580170767937
HOSP-STD-15-01,961d3d2c3eef83296e641ca556961d3dcd1c5322dd32e37e43d498596b46e264,15,11,linucb,147.5017585,147.5017585,147.5,0.0,0.0,5,3030,3030,0.6431275829963852,517,677,779,505,522,532,714,892,601,524,0,0.014514297235762561
HOSP-STD-15-01,961d3d2c3eef83296e641ca556961d3dcd1c5322dd32e37e43d498596b46e264,15,12,dmab,147.5017585,147.5017555,147.5,0.0,0.0,5,3030,3030,0.5340044159966055,603,609,611,576,601,612,640,630,615,601,22,0.012361729131520836
HOSP-STD-15-01,961d3d2c3eef83296e641ca556961d3dcd1c5322dd32e37e43d498596b46e264,15,12,linucb,147.5017585,135.45145699999998,134.5,0.5,0.5,4,3030,3030,0.6363756669961731,461,919,823,368,429,465,976,943,411,431,0,0.013672403597140831
HOSP-STD-15-01,961d3d2c3eef83296e641ca556961d3dcd1c5322dd32e37e43d498596b46e264,15,13,dmab,147.5017585,147.5017555,147.5,0.0,0.0,5,3030,3030,0.5253703749986016,600,589,661,561,589,609,616,684,606,590,9,0.011666844136867239
HOSP-STD-15-01,961d3d2c3eef83296e641ca556961d3dcd1c5322dd32e37e43d498596b46e264,15,13,linucb,147.5017585,143.5016325,143.5,0.0,0.0,4,3030,3030,0.6321037499947124,554,796,537,479,634,563,836,653,516,639,0,0.012683749190691847
HOSP-STD-15-01,961d3d2c3eef83296e641ca556961d3dcd1c5322dd32e37e43d498596b46e264,15,14,dmab,147.5017585,146.5017365,146.5,0.0,0.0,3,3030,3030,0.525876291001623,609,605,615,571,600,615,625,631,602,602,10,0.012599037074078905
HOSP-STD-15-01,961d3d2c3eef83296e641ca556961d3dcd1c5322dd32e37e43d498596b46e264,15,14,linucb,147.5017585,143.0015515,143.0,0.0,0.0,2,3030,3030,0.6424191250043805,993,467,560,508,472,1065,475,634,566,475,0,0.01326564336519421
HOSP-STD-15-01,961d3d2c3eef83296e641ca556961d3dcd1c5322dd32e37e43d498596b46e264,15,15,dmab,147.5017585,146.5016985,146.5,0.0,0.0,6,3030,3030,0.5267278749961406,580,602,651,557,610,591,615,676,590,615,16,0.015186654588257013
HOSP-STD-15-01,961d3d2c3eef83296e641ca556961d3dcd1c5322dd32e37e43d498596b46e264,15,15,linucb,147.5017585,146.5015875,146.5,0.0,0.0,2,3030,3030,0.6357596250018105,553,529,723,536,659,567,547,821,589,667,0,0.010005846876056067
HOSP-STD-15-01,961d3d2c3eef83296e641ca556961d3dcd1c5322dd32e37e43d498596b46e264,15,16,dmab,147.5017585,147.5017325,147.5,0.0,0.0,6,3030,3030,0.5289114580009482,596,601,645,565,593,609,616,668,615,598,17,0.016593384653331666
HOSP-STD-15-01,961d3d2c3eef83296e641ca556961d3dcd1c5322dd32e37e43d498596b46e264,15,16,linucb,147.5017585,147.5017325,147.5,0.0,0.0,6,3030,3030,0.6248870830022497,673,559,831,461,476,704,578,912,493,480,0,0.012853448482785362
HOSP-STD-15-01,961d3d2c3eef83296e641ca556961d3dcd1c5322dd32e37e43d498596b46e264,15,17,dmab,147.5017585,145.5017415,145.5,0.0,0.0,4,3030,3030,0.5227162910014158,601,573,631,564,631,610,587,646,604,634,9,0.011169624303157027
HOSP-STD-15-01,961d3d2c3eef83296e641ca556961d3dcd1c5322dd32e37e43d498596b46e264,15,17,linucb,147.5017585,143.5015115,143.5,0.0,0.0,3,3030,3030,0.6439525419991696,685,660,581,392,682,705,689,670,416,686,0,0.01648602738522606
HOSP-STD-15-01,961d3d2c3eef83296e641ca556961d3dcd1c5322dd32e37e43d498596b46e264,15,18,dmab,147.5017585,143.0017195,143.0,0.0,0.0,4,3030,3030,0.5341407080049976,585,617,644,564,590,598,631,665,627,599,7,0.016237358557773855
HOSP-STD-15-01,961d3d2c3eef83296e641ca556961d3dcd1c5322dd32e37e43d498596b46e264,15,18,linucb,147.5017585,142.0014915,142.0,0.0,0.0,3,3030,3030,0.6243980419967556,702,668,500,375,755,733,699,545,407,780,0,0.01476854800909598
HOSP-STD-15-01,961d3d2c3eef83296e641ca556961d3dcd1c5322dd32e37e43d498596b46e264,15,19,dmab,147.5017585,144.5016505,144.5,0.0,0.0,3,3030,3030,0.5245529169988004,598,597,640,563,602,604,623,671,611,606,32,0.02171199312741302
HOSP-STD-15-01,961d3d2c3eef83296e641ca556961d3dcd1c5322dd32e37e43d498596b46e264,15,19,linucb,147.5017585,147.5017585,147.5,0.0,0.0,5,3030,3030,0.6190602089991444,468,883,686,460,503,471,944,733,492,508,0,0.017830713238581486
HOSP-STD-15-02,f315107711baef80dca74f77944f3ddf1643e5a1d35edd4016bbea6bbc495e03,15,0,dmab,196.052003,168.5016575,168.5,0.0,0.0,4,3030,3030,0.5194003750002594,615,579,640,555,611,635,600,658,632,617,4,0.007919598252374576
HOSP-STD-15-02,f315107711baef80dca74f77944f3ddf1643e5a1d35edd4016bbea6bbc495e03,15,0,linucb,196.052003,174.0019805,174.0,0.0,0.0,3,3030,3030,0.6326234169973759,741,466,549,460,784,768,495,662,525,821,0,0.013130078346270889
HOSP-STD-15-02,f315107711baef80dca74f77944f3ddf1643e5a1d35edd4016bbea6bbc495e03,15,1,dmab,196.052003,170.4016855,163.0,5.0,3.5,5,3030,3030,0.5210494999992079,597,584,640,566,613,606,602,666,618,619,35,0.019242215350723388
HOSP-STD-15-02,f315107711baef80dca74f77944f3ddf1643e5a1d35edd4016bbea6bbc495e03,15,1,linucb,196.052003,168.0019605,168.0,0.0,0.0,6,3030,3030,0.6253675000043586,551,574,390,572,913,570,623,430,696,924,0,0.012186391906777236
HOSP-STD-15-02,f315107711baef80dca74f77944f3ddf1643e5a1d35edd4016bbea6bbc495e03,15,2,dmab,196.052003,173.5017765,173.5,0.0,0.0,2,3030,3030,0.53068925000116,607,602,615,557,619,614,631,635,650,625,13,0.013454109523515903
HOSP-STD-15-02,f315107711baef80dca74f77944f3ddf1643e5a1d35edd4016bbea6bbc495e03,15,2,linucb,196.052003,172.0015095,172.0,0.0,0.0,2,3030,3030,0.6266048329998739,627,425,880,534,534,646,442,1021,591,543,0,0.015821477194157173
HOSP-STD-15-02,f315107711baef80dca74f77944f3ddf1643e5a1d35edd4016bbea6bbc495e03,15,3,dmab,196.052003,170.5018975,170.5,0.0,0.0,2,3030,3030,0.5316575830001966,599,613,630,533,625,615,635,671,638,638,18,0.01556942934166299
HOSP-STD-15-02,f315107711baef80dca74f77944f3ddf1643e5a1d35edd4016bbea6bbc495e03,15,3,linucb,196.052003,174.0018775,174.0,0.0,0.0,4,3030,3030,0.6113132079990464,572,682,526,491,729,585,705,573,571,742,0,0.011474856501891131
HOSP-STD-15-02,f315107711baef80dca74f77944f3ddf1643e5a1d35edd4016bbea6bbc495e03,15,4,dmab,196.052003,167.5019215,167.5,0.0,0.0,3,3030,3030,0.5301499580018572,599,618,637,528,618,613,644,665,619,623,22,0.016147687141967133
HOSP-STD-15-02,f315107711baef80dca74f77944f3ddf1643e5a1d35edd4016bbea6bbc495e03,15,4,linucb,196.052003,156.0018275,156.0,0.0,0.0,3,3030,3030,0.6375654170042253,636,572,855,498,439,663,615,953,615,456,0,0.01604979198469772
HOSP-STD-15-02,f315107711baef80dca74f77944f3ddf1643e5a1d35edd4016bbea6bbc495e03,15,5,dmab,196.052003,169.0017075,169.0,0.0,0.0,4,3030,3030,0.5597017090040026,618,619,614,550,599,631,642,635,620,608,16,0.0164932287327868
HOSP-STD-15-02,f315107711baef80dca74f77944f3ddf1643e5a1d35edd4016bbea6bbc495e03,15,5,linucb,196.052003,158.0015705,158.0,0.0,0.0,3,3030,3030,0.6223454999999376,746,559,713,420,562,789,596,781,526,587,0,0.015264686784828894
HOSP-STD-15-02,f315107711baef80dca74f77944f3ddf1643e5a1d35edd4016bbea6bbc495e03,15,6,dmab,196.052003,169.0019185,169.0,0.0,0.0,3,3030,3030,0.5177922089933418,622,564,645,530,639,634,591,699,594,645,2,0.01191428748626453
HOSP-STD-15-02,f315107711baef80dca74f77944f3ddf1643e5a1d35edd4016bbea6bbc495e03,15,6,linucb,196.052003,173.0020585,173.0,0.0,0.0,5,3030,3030,0.6045938750030473,783,486,774,425,532,811,496,882,478,538,0,0.009474688342425827
HOSP-STD-15-02,f315107711baef80dca74f77944f3ddf1643e5a1d35edd4016bbea6bbc495e03,15,7,dmab,196.052003,171.5018445,171.5,0.0,0.0,5,3030,3030,0.509666791993368,601,598,603,546,652,609,621,624,621,660,18,0.018360142592711313
HOSP-STD-15-02,f315107711baef80dca74f77944f3ddf1643e5a1d35edd4016bbea6bbc495e03,15,7,linucb,196.052003,173.0019755,173.0,0.0,0.0,5,3030,3030,0.6313195840048138,555,530,563,461,891,575,557,767,532,920,0,0.017618704613115675
HOSP-STD-15-02,f315107711baef80dca74f77944f3ddf1643e5a1d35edd4016bbea6bbc495e03,15,8,dmab,196.052003,165.0016655,165.0,0.0,0.0,2,3030,3030,0.5162795419964823,641,587,624,538,610,656,604,646,611,621,8,0.00990511437756984
HOSP-STD-15-02,f315107711baef80dca74f77944f3ddf1643e5a1d35edd4016bbea6bbc495e03,15,8,linucb,196.052003,174.0019535,174.0,0.0,0.0,3,3030,3030,0.6225232080032583,659,555,368,444,974,707,586,435,517,1033,0,0.019488123628096772
HOSP-STD-15-02,f315107711baef80dca74f77944f3ddf1643e5a1d35edd4016bbea6bbc495e03,15,9,dmab,196.052003,170.0016745,170.0,0.0,0.0,5,3030,3030,0.5137705410015769,598,606,611,569,616,613,620,637,639,619,25,0.014696156818487936
HOSP-STD-15-02,f315107711baef80dca74f77944f3ddf1643e5a1d35edd4016bbea6bbc495e03,15,9,linucb,196.052003,173.5018925,173.5,0.0,0.0,3,3030,3030,0.6361041249983828,485,670,763,527,555,511,713,951,623,563,0,0.015740144708782537
HOSP-STD-15-02,f315107711baef80dca74f77944f3ddf1643e5a1d35edd4016bbea6bbc495e03,15,10,dmab,196.052003,167.5018465,167.5,0.0,0.0,3,3030,3030,0.5186455829971237,612,591,638,545,614,630,613,672,602,618,10,0.00974358487086373
HOSP-STD-15-02,f315107711baef80dca74f77944f3ddf1643e5a1d35edd4016bbea6bbc495e03,15,10,linucb,196.052003,170.0017485,170.0,0.0,0.0,4,3030,3030,0.6288194589942577,728,676,500,530,566,758,717,580,693,576,0,0.01644099873338198
HOSP-STD-15-02,f315107711baef80dca74f77944f3ddf1643e5a1d35edd4016bbea6bbc495e03,15,11,dmab,196.052003,168.0018245,168.0,0.0,0.0,3,3030,3030,0.5244273330026772,596,597,623,549,635,610,625,656,640,647,21,0.017750961852367998
HOSP-STD-15-02,f315107711baef80dca74f77944f3ddf1643e5a1d35edd4016bbea6bbc495e03,15,11,linucb,196.052003,171.5018035,171.5,0.0,0.0,5,3030,3030,0.6283198330056621,588,473,643,492,804,618,487,810,577,816,0,0.017935733376142377
HOSP-STD-15-02,f315107711baef80dca74f77944f3ddf1643e5a1d35edd4016bbea6bbc495e03,15,12,dmab,196.052003,170.5017455,170.5,0.0,0.0,2,3030,3030,0.5169057500024792,591,621,619,553,616,595,644,646,605,623,8,0.010023411954973313
HOSP-STD-15-02,f315107711baef80dca74f77944f3ddf1643e5a1d35edd4016bbea6bbc495e03,15,12,linucb,196.052003,169.5018645,169.5,0.0,0.0,4,3030,3030,0.6371276670033694,477,748,407,461,907,488,816,449,663,928,0,0.021301742669095135
HOSP-STD-15-02,f315107711baef80dca74f77944f3ddf1643e5a1d35edd4016bbea6bbc495e03,15,13,dmab,196.052003,173.5020175,173.5,0.0,0.0,6,3030,3030,0.5187617080009659,596,588,640,540,636,606,619,665,616,646,21,0.0181751444096867
HOSP-STD-15-02,f315107711baef80dca74f77944f3ddf1643e5a1d35edd4016bbea6bbc495e03,15,13,linucb,196.052003,166.0018515,166.0,0.0,0.0,3,3030,3030,0.6360208330006571,525,475,654,335,1011,537,484,840,464,1037,0,0.017491624070102806
HOSP-STD-15-02,f315107711baef80dca74f77944f3ddf1643e5a1d35edd4016bbea6bbc495e03,15,14,dmab,196.052003,171.0020385,171.0,0.0,0.0,5,3030,3030,0.5161596659963834,608,591,634,536,631,618,613,662,616,640,24,0.012921012737625547
HOSP-STD-15-02,f315107711baef80dca74f77944f3ddf1643e5a1d35edd4016bbea6bbc495e03,15,14,linucb,196.052003,172.0019895,172.0,0.0,0.0,2,3030,3030,0.6244304580031894,320,801,416,522,941,331,864,477,676,961,0,0.016232612823649642
HOSP-STD-15-02,f315107711baef80dca74f77944f3ddf1643e5a1d35edd4016bbea6bbc495e03,15,15,dmab,196.052003,164.0017155,164.0,0.0,0.0,2,3030,3030,0.5158611250008107,590,596,637,548,629,599,610,668,606,634,30,0.017892552113668872
HOSP-STD-15-02,f315107711baef80dca74f77944f3ddf1643e5a1d35edd4016bbea6bbc495e03,15,15,linucb,196.052003,172.5017445,172.5,0.0,0.0,3,3030,3030,0.6271009999982198,399,571,291,524,1215,412,599,336,625,1283,0,0.02127595146103489
HOSP-STD-15-02,f315107711baef80dca74f77944f3ddf1643e5a1d35edd4016bbea6bbc495e03,15,16,dmab,196.052003,162.5019225,162.5,0.0,0.0,5,3030,3030,0.5141937500011409,606,582,639,565,608,618,607,656,617,613,8,0.008579583958649991
HOSP-STD-15-02,f315107711baef80dca74f77944f3ddf1643e5a1d35edd4016bbea6bbc495e03,15,16,linucb,196.052003,164.5019295,164.5,0.0,0.0,4,3030,3030,0.6347884999995586,627,562,431,458,922,689,588,539,575,952,0,0.018936874542754188
HOSP-STD-15-02,f315107711baef80dca74f77944f3ddf1643e5a1d35edd4016bbea6bbc495e03,15,17,dmab,196.052003,170.0017335,170.0,0.0,0.0,3,3030,3030,0.51818812500278,596,579,655,544,626,606,604,685,603,627,11,0.007810883394375046
HOSP-STD-15-02,f315107711baef80dca74f77944f3ddf1643e5a1d35edd4016bbea6bbc495e03,15,17,linucb,196.052003,174.0018935,174.0,0.0,0.0,5,3030,3030,0.6194587920035701,521,696,514,527,742,528,732,637,626,760,0,0.0136125157245482
HOSP-STD-15-02,f315107711baef80dca74f77944f3ddf1643e5a1d35edd4016bbea6bbc495e03,15,18,dmab,196.052003,169.0019515,169.0,0.0,0.0,4,3030,3030,0.5167860000001383,608,581,655,552,604,617,603,672,636,607,17,0.012766171502296093
HOSP-STD-15-02,f315107711baef80dca74f77944f3ddf1643e5a1d35edd4016bbea6bbc495e03,15,18,linucb,196.052003,168.0018725,168.0,0.0,0.0,3,3030,3030,0.6346327499995823,736,904,386,393,581,783,975,485,484,605,0,0.01962249571609835
HOSP-STD-15-02,f315107711baef80dca74f77944f3ddf1643e5a1d35edd4016bbea6bbc495e03,15,19,dmab,196.052003,174.0019885,174.0,0.0,0.0,4,3030,3030,0.5126822910024202,608,611,595,568,618,618,633,621,625,624,23,0.014303126295186753
HOSP-STD-15-02,f315107711baef80dca74f77944f3ddf1643e5a1d35edd4016bbea6bbc495e03,15,19,linucb,196.052003,174.0019885,174.0,0.0,0.0,4,3030,3030,0.6370045000003302,624,452,904,469,551,649,486,1121,583,560,0,0.021922435815834706
HOSP-STD-15-03,1c59e8d211dafb58fed0e0f6cb6acc4ce21b77aa0b6c3ea02ea5f28743328d4b,15,0,dmab,173.001258,163.001498,163.0,0.0,0.0,4,3030,3030,0.5178557089966489,600,600,648,563,589,611,614,656,589,590,8,0.008578278261228986
HOSP-STD-15-03,1c59e8d211dafb58fed0e0f6cb6acc4ce21b77aa0b6c3ea02ea5f28743328d4b,15,0,linucb,173.001258,154.501278,154.5,0.0,0.0,1,3030,3030,0.6231497080007102,430,712,943,462,453,434,775,1021,484,460,0,0.016148524935389003
HOSP-STD-15-03,1c59e8d211dafb58fed0e0f6cb6acc4ce21b77aa0b6c3ea02ea5f28743328d4b,15,1,dmab,173.001258,161.901659,160.0,1.0,1.0,6,3030,3030,0.5216548329990474,589,613,603,568,627,604,631,625,599,636,24,0.014676369158733715
HOSP-STD-15-03,1c59e8d211dafb58fed0e0f6cb6acc4ce21b77aa0b6c3ea02ea5f28743328d4b,15,1,linucb,173.001258,159.501356,159.5,0.0,0.0,3,3030,3030,0.6498413749941392,533,520,891,564,492,550,549,1098,694,497,0,0.025810386983814094
HOSP-STD-15-03,1c59e8d211dafb58fed0e0f6cb6acc4ce21b77aa0b6c3ea02ea5f28743328d4b,15,2,dmab,173.001258,154.501253,154.5,0.0,0.0,2,3030,3030,0.5243004169969936,643,610,582,570,595,657,625,591,597,596,7,0.006813285689132583
HOSP-STD-15-03,1c59e8d211dafb58fed0e0f6cb6acc4ce21b77aa0b6c3ea02ea5f28743328d4b,15,2,linucb,173.001258,156.501391,156.5,0.0,0.0,4,3030,3030,0.6202178749954328,554,840,667,517,422,564,888,717,544,426,0,0.010025237750968646
HOSP-STD-15-03,1c59e8d211dafb58fed0e0f6cb6acc4ce21b77aa0b6c3ea02ea5f28743328d4b,15,3,dmab,173.001258,154.501452,154.5,0.0,0.0,4,3030,3030,0.5232541250006761,621,584,616,583,596,641,600,639,621,598,9,0.008792013751329679
HOSP-STD-15-03,1c59e8d211dafb58fed0e0f6cb6acc4ce21b77aa0b6c3ea02ea5f28743328d4b,15,3,linucb,173.001258,151.001556,151.0,0.0,0.0,4,3030,3030,0.6153086249978514,583,463,732,464,758,600,482,790,475,785,0,0.009098330953562576
HOSP-STD-15-03,1c59e8d211dafb58fed0e0f6cb6acc4ce21b77aa0b6c3ea02ea5f28743328d4b,15,4,dmab,173.001258,158.501668,158.5,0.0,0.0,7,3030,3030,0.5171226669990574,626,592,623,566,593,638,603,643,583,596,7,0.012718820722872051
HOSP-STD-15-03,1c59e8d211dafb58fed0e0f6cb6acc4ce21b77aa0b6c3ea02ea5f28743328d4b,15,4,linucb,173.001258,155.50123,155.5,0.0,0.0,1,3030,3030,0.6246855840072385,533,1166,435,384,482,545,1220,510,462,486,0,0.015240978922053072
HOSP-STD-15-03,1c59e8d211dafb58fed0e0f6cb6acc4ce21b77aa0b6c3ea02ea5f28743328d4b,15,5,dmab,173.001258,155.001396,155.0,0.0,0.0,3,3030,3030,0.5205366250011139,600,611,608,579,602,616,625,621,600,605,16,0.012365244505909909
HOSP-STD-15-03,1c59e8d211dafb58fed0e0f6cb6acc4ce21b77aa0b6c3ea02ea5f28743328d4b,15,5,linucb,173.001258,160.501532,160.5,0.0,0.0,1,3030,3030,0.643775167001877,506,616,816,524,538,515,677,965,602,543,0,0.020874848366709563
HOSP-STD-15-03,1c59e8d211dafb58fed0e0f6cb6acc4ce21b77aa0b6c3ea02ea5f28743328d4b,15,6,dmab,173.001258,155.00131,155.0,0.0,0.0,2,3030,3030,0.5216031250020023,591,608,630,573,598,602,624,657,602,600,15,0.011759311326318017
HOSP-STD-15-03,1c59e8d211dafb58fed0e0f6cb6acc4ce21b77aa0b6c3ea02ea5f28743328d4b,15,6,linucb,173.001258,162.50159,162.5,0.0,0.0,5,3030,3030,0.6435835000011139,443,503,798,719,537,452,516,1009,796,542,0,0.01923814349180435
HOSP-STD-15-03,1c59e8d211dafb58fed0e0f6cb6acc4ce21b77aa0b6c3ea02ea5f28743328d4b,15,7,dmab,173.001258,155.501374,155.5,0.0,0.0,2,3030,3030,0.5177175839999109,592,602,631,574,601,601,610,653,602,603,8,0.010141747930719291
HOSP-STD-15-03,1c59e8d211dafb58fed0e0f6cb6acc4ce21b77aa0b6c3ea02ea5f28743328d4b,15,7,linucb,173.001258,154.501465,154.5,0.0,0.0,3,3030,3030,0.647299791999103,332,658,1097,408,505,349,702,1328,447,514,0,0.017017468281454166
HOSP-STD-15-03,1c59e8d211dafb58fed0e0f6cb6acc4ce21b77aa0b6c3ea02ea5f28743328d4b,15,8,dmab,173.001258,147.001297,147.0,0.0,0.0,2,3030,3030,0.5199560420005582,596,617,608,574,605,602,636,630,599,607,13,0.012548392711687681
HOSP-STD-15-03,1c59e8d211dafb58fed0e0f6cb6acc4ce21b77aa0b6c3ea02ea5f28743328d4b,15,8,linucb,173.001258,165.001304,165.0,0.0,0.0,2,3030,3030,0.6485345000037341,760,558,597,518,567,779,575,840,572,571,0,0.015897948742083706
HOSP-STD-15-03,1c59e8d211dafb58fed0e0f6cb6acc4ce21b77aa0b6c3ea02ea5f28743328d4b,15,9,dmab,173.001258,154.001428,154.0,0.0,0.0,3,3030,3030,0.5241437920049066,615,618,608,580,579,634,642,625,622,583,8,0.011641769645397608
HOSP-STD-15-03,1c59e8d211dafb58fed0e0f6cb6acc4ce21b77aa0b6c3ea02ea5f28743328d4b,15,9,linucb,173.001258,156.001385,156.0,0.0,0.0,3,3030,3030,0.6178219169960357,847,471,619,540,523,885,481,655,579,527,0,0.006211115183528518
HOSP-STD-15-03,1c59e8d211dafb58fed0e0f6cb6acc4ce21b77aa0b6c3ea02ea5f28743328d4b,15,10,dmab,173.001258,157.001493,157.0,0.0,0.0,5,3030,3030,0.5223084160024882,620,622,601,559,598,630,639,618,597,601,19,0.011198658917651722
HOSP-STD-15-03,1c59e8d211dafb58fed0e0f6cb6acc4ce21b77aa0b6c3ea02ea5f28743328d4b,15,10,linucb,173.001258,155.5014,155.5,0.0,0.0,2,3030,3030,0.6807046249959967,392,437,1127,447,597,397,461,1340,489,606,0,0.022322918759739113
HOSP-STD-15-03,1c59e8d211dafb58fed0e0f6cb6acc4ce21b77aa0b6c3ea02ea5f28743328d4b,15,11,dmab,173.001258,154.001295,154.0,0.0,0.0,3,3030,3030,0.5188875830062898,614,615,610,570,591,620,633,642,601,593,7,0.011949057058301859
HOSP-STD-15-03,1c59e8d211dafb58fed0e0f6cb6acc4ce21b77aa0b6c3ea02ea5f28743328d4b,15,11,linucb,173.001258,159.501549,159.5,0.0,0.0,3,3030,3030,0.6095681660008267,575,671,714,452,588,614,693,742,484,592,0,0.013413453981935754
HOSP-STD-15-03,1c59e8d211dafb58fed0e0f6cb6acc4ce21b77aa0b6c3ea02ea5f28743328d4b,15,12,dmab,173.001258,155.501267,155.5,0.0,0.0,2,3030,3030,0.5204256669967435,633,593,582,574,618,640,601,592,600,619,5,0.004004964096850671
HOSP-STD-15-03,1c59e8d211dafb58fed0e0f6cb6acc4ce21b77aa0b6c3ea02ea5f28743328d4b,15,12,linucb,173.001258,162.001341,162.0,0.0,0.0,3,3030,3030,0.6224760000040988,480,707,722,450,641,489,727,880,465,645,0,0.014640869203005053
HOSP-STD-15-03,1c59e8d211dafb58fed0e0f6cb6acc4ce21b77aa0b6c3ea02ea5f28743328d4b,15,13,dmab,173.001258,158.501435,158.5,0.0,0.0,4,3030,3030,0.5227228340008878,587,629,619,576,589,602,652,637,598,589,16,0.01274878602135174
HOSP-STD-15-03,1c59e8d211dafb58fed0e0f6cb6acc4ce21b77aa0b6c3ea02ea5f28743328d4b,15,13,linucb,173.001258,165.001267,165.0,0.0,0.0,1,3030,3030,0.6260198750023847,429,505,581,594,891,439,514,650,704,916,0,0.01576898389567395
HOSP-STD-15-03,1c59e8d211dafb58fed0e0f6cb6acc4ce21b77aa0b6c3ea02ea5f28743328d4b,15,14,dmab,173.001258,145.50125,145.5,0.0,0.0,1,3030,3030,0.5197126249986468,591,594,638,584,593,609,606,651,616,596,2,0.007964567827978842
HOSP-STD-15-03,1c59e8d211dafb58fed0e0f6cb6acc4ce21b77aa0b6c3ea02ea5f28743328d4b,15,14,linucb,173.001258,149.9514405,149.0,0.5,0.5,4,3030,3030,0.6231871249983669,653,228,754,368,997,681,245,810,416,1021,0,0.017173578352437973
HOSP-STD-15-03,1c59e8d211dafb58fed0e0f6cb6acc4ce21b77aa0b6c3ea02ea5f28743328d4b,15,15,dmab,173.001258,158.501514,158.5,0.0,0.0,0,3030,3030,0.5143911249979283,610,620,595,578,597,615,630,613,591,600,7,0.008340218853591626
HOSP-STD-15-03,1c59e8d211dafb58fed0e0f6cb6acc4ce21b77aa0b6c3ea02ea5f28743328d4b,15,15,linucb,173.001258,165.001367,165.0,0.0,0.0,3,3030,3030,0.6169733749993611,550,537,862,513,538,562,552,929,536,539,0,0.00846545029362349
HOSP-STD-15-03,1c59e8d211dafb58fed0e0f6cb6acc4ce21b77aa0b6c3ea02ea5f28743328d4b,15,16,dmab,173.001258,160.501552,160.5,0.0,0.0,5,3030,3030,0.5255620409952826,597,678,590,548,587,601,701,603,586,588,9,0.0114519692124628
HOSP-STD-15-03,1c59e8d211dafb58fed0e0f6cb6acc4ce21b77aa0b6c3ea02ea5f28743328d4b,15,16,linucb,173.001258,151.501297,151.5,0.0,0.0,3,3030,3030,0.6210179580011754,663,281,665,479,912,702,293,708,553,951,0,0.017074435241004625
HOSP-STD-15-03,1c59e8d211dafb58fed0e0f6cb6acc4ce21b77aa0b6c3ea02ea5f28743328d4b,15,17,dmab,173.001258,152.501486,152.5,0.0,0.0,2,3030,3030,0.5246855419973144,614,651,595,560,580,624,677,616,595,583,11,0.01258487459283868
HOSP-STD-15-03,1c59e8d211dafb58fed0e0f6cb6acc4ce21b77aa0b6c3ea02ea5f28743328d4b,15,17,linucb,173.001258,155.501489,155.5,0.0,0.0,6,3030,3030,0.6234905420060386,552,647,774,548,479,580,676,844,608,484,0,0.014165802929209525
HOSP-STD-15-03,1c59e8d211dafb58fed0e0f6cb6acc4ce21b77aa0b6c3ea02ea5f28743328d4b,15,18,dmab,173.001258,154.501299,154.5,0.0,0.0,1,3030,3030,0.5199149589971057,585,600,649,578,588,595,618,686,604,589,16,0.01664467869746165
HOSP-STD-15-03,1c59e8d211dafb58fed0e0f6cb6acc4ce21b77aa0b6c3ea02ea5f28743328d4b,15,18,linucb,173.001258,146.501312,146.5,0.0,0.0,2,3030,3030,0.6119699159971788,808,407,813,532,440,832,423,886,562,441,0,0.010063762499730884
HOSP-STD-15-03,1c59e8d211dafb58fed0e0f6cb6acc4ce21b77aa0b6c3ea02ea5f28743328d4b,15,19,dmab,173.001258,149.001395,149.0,0.0,0.0,1,3030,3030,0.5236815830066917,630,594,610,576,590,642,611,627,601,592,14,0.010108144658693747
HOSP-STD-15-03,1c59e8d211dafb58fed0e0f6cb6acc4ce21b77aa0b6c3ea02ea5f28743328d4b,15,19,linucb,173.001258,154.501252,154.5,0.0,0.0,1,3030,3030,0.6192003329997533,511,796,352,651,690,517,840,376,732,692,0,0.01494716827434862
HOSP-STD-20-01,4020267125f32fb837f503d4f8454f15a1c2eaaa040c81268ca390cc0cb3914b,20,0,dmab,182.0031645,182.0031645,182.0,0.0,0.0,8,3030,3030,0.7741861670001526,616,597,633,552,602,624,611,651,602,607,24,0.01824179839558046
HOSP-STD-20-01,4020267125f32fb837f503d4f8454f15a1c2eaaa040c81268ca390cc0cb3914b,20,0,linucb,182.0031645,182.0031645,182.0,0.0,0.0,8,3030,3030,0.8833085000005667,454,917,832,379,418,461,932,986,394,421,0,0.018813342248233274
HOSP-STD-20-01,4020267125f32fb837f503d4f8454f15a1c2eaaa040c81268ca390cc0cb3914b,20,1,dmab,182.0031645,182.0031645,182.0,0.0,0.0,8,3030,3030,0.7706461669949931,613,600,629,548,610,622,612,637,592,612,23,0.01609906061093055
HOSP-STD-20-01,4020267125f32fb837f503d4f8454f15a1c2eaaa040c81268ca390cc0cb3914b,20,1,linucb,182.0031645,182.0030095,182.0,0.0,0.0,7,3030,3030,0.9219758749968605,389,476,1324,367,444,396,486,1675,383,445,0,0.02266214871866508
HOSP-STD-20-01,4020267125f32fb837f503d4f8454f15a1c2eaaa040c81268ca390cc0cb3914b,20,2,dmab,182.0031645,182.0031645,182.0,0.0,0.0,8,3030,3030,0.774398374996963,592,586,633,579,610,596,590,649,605,618,21,0.014129164632372819
HOSP-STD-20-01,4020267125f32fb837f503d4f8454f15a1c2eaaa040c81268ca390cc0cb3914b,20,2,linucb,182.0031645,178.5028985,178.5,0.0,0.0,6,3030,3030,0.8632002910017036,684,577,595,410,734,697,589,643,427,738,0,0.010285019523199912
HOSP-STD-20-01,4020267125f32fb837f503d4f8454f15a1c2eaaa040c81268ca390cc0cb3914b,20,3,dmab,182.0031645,181.5030235,181.5,0.0,0.0,7,3030,3030,0.7715585409969208,614,598,632,561,595,617,614,653,594,598,22,0.013804297249824264
HOSP-STD-20-01,4020267125f32fb837f503d4f8454f15a1c2eaaa040c81268ca390cc0cb3914b,20,3,linucb,182.0031645,179.35280799999998,176.0,2.5,1.5,8,3030,3030,0.9072409170039464,424,776,722,542,536,429,803,971,617,542,0,0.020811317885995703
HOSP-STD-20-01,4020267125f32fb837f503d4f8454f15a1c2eaaa040c81268ca390cc0cb3914b,20,4,dmab,182.0031645,182.0031605,182.0,0.0,0.0,9,3030,3030,0.8120481250007288,587,622,624,566,601,594,630,636,598,604,17,0.016207112956544235
HOSP-STD-20-01,4020267125f32fb837f503d4f8454f15a1c2eaaa040c81268ca390cc0cb3914b,20,4,linucb,182.0031645,182.0031605,182.0,0.0,0.0,9,3030,3030,0.9513503329944797,430,338,1198,522,512,435,345,1483,560,514,0,0.019935155929665174
HOSP-STD-20-01,4020267125f32fb837f503d4f8454f15a1c2eaaa040c81268ca390cc0cb3914b,20,5,dmab,182.0031645,182.0031645,182.0,0.0,0.0,8,3030,3030,0.8029484170037904,603,592,645,548,612,607,602,659,588,613,15,0.013656710011947792
HOSP-STD-20-01,4020267125f32fb837f503d4f8454f15a1c2eaaa040c81268ca390cc0cb3914b,20,5,linucb,182.0031645,182.0031645,182.0,0.0,0.0,8,3030,3030,0.913599500003329,500,564,867,342,727,512,572,1092,352,738,0,0.017088980597550724
HOSP-STD-20-01,4020267125f32fb837f503d4f8454f15a1c2eaaa040c81268ca390cc0cb3914b,20,6,dmab,182.0031645,182.0031645,182.0,0.0,0.0,8,3030,3030,0.7764132079973933,593,614,641,559,593,601,622,663,599,597,28,0.0205476385256294
HOSP-STD-20-01,4020267125f32fb837f503d4f8454f15a1c2eaaa040c81268ca390cc0cb3914b,20,6,linucb,182.0031645,182.0028695,182.0,0.0,0.0,3,3030,3030,0.9019173749984475,482,460,1006,436,616,486,468,1234,464,624,0,0.015738306467742755
HOSP-STD-20-01,4020267125f32fb837f503d4f8454f15a1c2eaaa040c81268ca390cc0cb3914b,20,7,dmab,182.0031645,182.0031645,182.0,0.0,0.0,8,3030,3030,0.7745250000007218,583,627,631,567,592,587,640,650,601,593,19,0.016376559964520105
HOSP-STD-20-01,4020267125f32fb837f503d4f8454f15a1c2eaaa040c81268ca390cc0cb3914b,20,7,linucb,182.0031645,182.0031115,182.0,0.0,0.0,6,3030,3030,0.9013302090024808,458,454,1096,458,534,469,467,1311,489,538,0,0.0171182564090344
HOSP-STD-20-01,4020267125f32fb837f503d4f8454f15a1c2eaaa040c81268ca390cc0cb3914b,20,8,dmab,182.0031645,179.0030535,179.0,0.0,0.0,6,3030,3030,0.7691697920017759,590,613,632,567,598,594,630,636,601,600,16,0.013163163118151905
HOSP-STD-20-01,4020267125f32fb837f503d4f8454f15a1c2eaaa040c81268ca390cc0cb3914b,20,8,linucb,182.0031645,179.0030675,179.0,0.0,0.0,7,3030,3030,0.8702209170005517,500,494,586,373,1047,507,503,647,399,1074,0,0.01780507152299174
HOSP-STD-20-01,4020267125f32fb837f503d4f8454f15a1c2eaaa040c81268ca390cc0cb3914b,20,9,dmab,182.0031645,182.0031645,182.0,0.0,0.0,8,3030,3030,0.7798643749993062,593,598,618,594,597,596,611,637,646,599,18,0.01411167438794724
HOSP-STD-20-01,4020267125f32fb837f503d4f8454f15a1c2eaaa040c81268ca390cc0cb3914b,20,9,linucb,182.0031645,178.5030455,178.5,0.0,0.0,6,3030,3030,0.8967262919977657,575,458,1056,509,402,592,471,1252,554,403,0,0.017870027239736973
HOSP-STD-20-01,4020267125f32fb837f503d4f8454f15a1c2eaaa040c81268ca390cc0cb3914b,20,10,dmab,182.0031645,182.0031645,182.0,0.0,0.0,8,3030,3030,0.7724610829973244,601,636,619,549,595,609,654,628,585,600,16,0.015440688519823347
HOSP-STD-20-01,4020267125f32fb837f503d4f8454f15a1c2eaaa040c81268ca390cc0cb3914b,20,10,linucb,182.0031645,182.0031645,182.0,0.0,0.0,8,3030,3030,0.8712244580019615,384,1212,590,346,468,385,1302,637,365,473,0,0.019687038013012133
HOSP-STD-20-01,4020267125f32fb837f503d4f8454f15a1c2eaaa040c81268ca390cc0cb3914b,20,11,dmab,182.0031645,179.5025775,179.5,0.0,0.0,4,3030,3030,0.7674894590018084,592,614,636,567,591,593,619,644,600,591,20,0.011204368715797792
HOSP-STD-20-01,4020267125f32fb837f503d4f8454f15a1c2eaaa040c81268ca390cc0cb3914b,20,11,linucb,182.0031645,182.0031635,182.0,0.0,0.0,8,3030,3030,0.9265660419987398,821,360,805,524,490,891,363,864,606,495,0,0.020220916974770506
HOSP-STD-20-01,4020267125f32fb837f503d4f8454f15a1c2eaaa040c81268ca390cc0cb3914b,20,12,dmab,182.0031645,181.0029675,181.0,0.0,0.0,5,3030,3030,0.7711010830025771,592,576,682,552,598,595,588,707,589,600,13,0.01495263161390435
HOSP-STD-20-01,4020267125f32fb837f503d4f8454f15a1c2eaaa040c81268ca390cc0cb3914b,20,12,linucb,182.0031645,173.5028085,173.5,0.0,0.0,6,3030,3030,0.8993032920043333,503,501,1059,515,422,525,512,1237,597,425,0,0.016549463623932382
HOSP-STD-20-01,4020267125f32fb837f503d4f8454f15a1c2eaaa040c81268ca390cc0cb3914b,20,13,dmab,182.0031645,182.0031245,182.0,0.0,0.0,8,3030,3030,0.7656644580056309,596,591,622,563,628,598,603,631,588,633,20,0.020555052744701045
HOSP-STD-20-01,4020267125f32fb837f503d4f8454f15a1c2eaaa040c81268ca390cc0cb3914b,20,13,linucb,182.0031645,182.0031245,182.0,0.0,0.0,8,3030,3030,0.8773742919947836,603,387,631,430,949,629,402,682,482,981,0,0.015720769571197925
HOSP-STD-20-01,4020267125f32fb837f503d4f8454f15a1c2eaaa040c81268ca390cc0cb3914b,20,14,dmab,182.0031645,182.0029805,182.0,0.0,0.0,5,3030,3030,0.7708747910000966,573,592,646,567,622,580,610,659,596,623,20,0.014658497056883135
HOSP-STD-20-01,4020267125f32fb837f503d4f8454f15a1c2eaaa040c81268ca390cc0cb3914b,20,14,linucb,182.0031645,182.0031645,182.0,0.0,0.0,8,3030,3030,0.8987569999953848,474,620,972,562,372,485,639,1039,728,374,0,0.01624282760937014
HOSP-STD-20-01,4020267125f32fb837f503d4f8454f15a1c2eaaa040c81268ca390cc0cb3914b,20,15,dmab,182.0031645,182.0031645,182.0,0.0,0.0,8,3030,3030,0.7708672090011532,589,591,652,579,589,592,602,674,611,592,20,0.016790483575172502
HOSP-STD-20-01,4020267125f32fb837f503d4f8454f15a1c2eaaa040c81268ca390cc0cb3914b,20,15,linucb,182.0031645,182.0031645,182.0,0.0,0.0,8,3030,3030,0.8787476669967873,628,335,499,607,931,655,342,536,708,941,0,0.01739596385882256
HOSP-STD-20-01,4020267125f32fb837f503d4f8454f15a1c2eaaa040c81268ca390cc0cb3914b,20,16,dmab,182.0031645,176.0028075,176.0,0.0,0.0,4,3030,3030,0.7568889579997631,588,595,645,562,610,593,601,654,588,612,13,0.009211767591729609
HOSP-STD-20-01,4020267125f32fb837f503d4f8454f15a1c2eaaa040c81268ca390cc0cb3914b,20,16,linucb,182.0031645,182.0031645,182.0,0.0,0.0,8,3030,3030,0.8979392920009559,518,646,790,589,457,523,662,863,729,461,0,0.011002930601974947
HOSP-STD-20-01,4020267125f32fb837f503d4f8454f15a1c2eaaa040c81268ca390cc0cb3914b,20,17,dmab,182.0031645,182.0031495,182.0,0.0,0.0,6,3030,3030,0.7735395419949782,613,619,609,551,608,623,635,626,593,613,20,0.019042254559260702
HOSP-STD-20-01,4020267125f32fb837f503d4f8454f15a1c2eaaa040c81268ca390cc0cb3914b,20,17,linucb,182.0031645,176.0029175,176.0,0.0,0.0,6,3030,3030,0.9055427920029615,346,478,1314,366,496,353,488,1606,410,500,0,0.023490990488611353
HOSP-STD-20-01,4020267125f32fb837f503d4f8454f15a1c2eaaa040c81268ca390cc0cb3914b,20,18,dmab,182.0031645,181.0030565,181.0,0.0,0.0,9,3030,3030,0.7722797919996083,599,588,633,577,603,603,604,649,619,604,18,0.014337157803465908
HOSP-STD-20-01,4020267125f32fb837f503d4f8454f15a1c2eaaa040c81268ca390cc0cb3914b,20,18,linucb,182.0031645,177.5029125,177.5,0.0,0.0,7,3030,3030,0.8762778750024154,343,678,1023,385,571,351,700,1110,424,572,0,0.014835245140293503
HOSP-STD-20-01,4020267125f32fb837f503d4f8454f15a1c2eaaa040c81268ca390cc0cb3914b,20,19,dmab,182.0031645,182.0031645,182.0,0.0,0.0,8,3030,3030,0.7769661249985802,598,611,630,569,592,606,630,637,618,595,25,0.015948849510251235
HOSP-STD-20-01,4020267125f32fb837f503d4f8454f15a1c2eaaa040c81268ca390cc0cb3914b,20,19,linucb,182.0031645,182.0031645,182.0,0.0,0.0,8,3030,3030,0.8799062089965446,376,404,896,285,1039,395,417,1018,298,1071,0,0.02324649534687989
HOSP-STD-20-02,f4d7eb68c49ca8471778e951b75929acfd33ba8efe201fc46198b6734b219e6c,20,0,dmab,207.003448,207.003448,207.0,0.0,0.0,8,3030,3030,0.7725193749938626,598,605,634,539,624,602,620,665,620,626,21,0.01575454694680579
HOSP-STD-20-02,f4d7eb68c49ca8471778e951b75929acfd33ba8efe201fc46198b6734b219e6c,20,0,linucb,207.003448,207.003448,207.0,0.0,0.0,8,3030,3030,0.8801077079988318,587,431,340,439,1203,600,445,438,530,1256,0,0.02195272276334258
HOSP-STD-20-02,f4d7eb68c49ca8471778e951b75929acfd33ba8efe201fc46198b6734b219e6c,20,1,dmab,207.003448,207.003448,207.0,0.0,0.0,8,3030,3030,0.7642489999998361,618,598,635,529,620,625,611,658,600,626,15,0.013000210109221614
HOSP-STD-20-02,f4d7eb68c49ca8471778e951b75929acfd33ba8efe201fc46198b6734b219e6c,20,1,linucb,207.003448,207.003448,207.0,0.0,0.0,8,3030,3030,0.8646012500030338,596,568,808,465,563,607,589,880,544,567,0,0.012693461133394588
HOSP-STD-20-02,f4d7eb68c49ca8471778e951b75929acfd33ba8efe201fc46198b6734b219e6c,20,2,dmab,207.003448,207.003431,207.0,0.0,0.0,8,3030,3030,0.7572084169951268,614,625,618,530,613,625,635,639,607,615,22,0.014156379887933071
HOSP-STD-20-02,f4d7eb68c49ca8471778e951b75929acfd33ba8efe201fc46198b6734b219e6c,20,2,linucb,207.003448,207.003431,207.0,0.0,0.0,8,3030,3030,0.8830192079985864,482,510,935,428,645,490,541,1013,586,649,0,0.016931651130435918
HOSP-STD-20-02,f4d7eb68c49ca8471778e951b75929acfd33ba8efe201fc46198b6734b219e6c,20,3,dmab,207.003448,207.003448,207.0,0.0,0.0,8,3030,3030,0.7601836670000921,615,596,627,534,628,618,610,636,608,635,20,0.012683696104424307
HOSP-STD-20-02,f4d7eb68c49ca8471778e951b75929acfd33ba8efe201fc46198b6734b219e6c,20,3,linucb,207.003448,207.003448,207.0,0.0,0.0,8,3030,3030,0.8861850410030456,667,488,613,452,780,680,502,795,537,787,0,0.014720043993341281
HOSP-STD-20-02,f4d7eb68c49ca8471778e951b75929acfd33ba8efe201fc46198b6734b219e6c,20,4,dmab,207.003448,207.00343,207.0,0.0,0.0,7,3030,3030,0.763048417000391,602,624,625,525,624,612,645,648,616,633,22,0.016580635331575076
HOSP-STD-20-02,f4d7eb68c49ca8471778e951b75929acfd33ba8efe201fc46198b6734b219e6c,20,4,linucb,207.003448,207.00343,207.0,0.0,0.0,7,3030,3030,0.8762783339989255,415,1075,888,311,311,425,1152,952,378,324,0,0.02076105361137108
HOSP-STD-20-02,f4d7eb68c49ca8471778e951b75929acfd33ba8efe201fc46198b6734b219e6c,20,5,dmab,207.003448,206.503434,206.5,0.0,0.0,9,3030,3030,0.7713865000041551,601,590,662,517,630,609,612,696,602,635,25,0.017454222511308126
HOSP-STD-20-02,f4d7eb68c49ca8471778e951b75929acfd33ba8efe201fc46198b6734b219e6c,20,5,linucb,207.003448,207.003439,207.0,0.0,0.0,9,3030,3030,0.8645574999973178,652,747,566,450,585,660,829,594,528,596,0,0.018159844706226017
HOSP-STD-20-02,f4d7eb68c49ca8471778e951b75929acfd33ba8efe201fc46198b6734b219e6c,20,6,dmab,207.003448,207.003448,207.0,0.0,0.0,8,3030,3030,0.7691079159994842,598,605,631,537,629,604,621,669,607,638,25,0.018969500240723868
HOSP-STD-20-02,f4d7eb68c49ca8471778e951b75929acfd33ba8efe201fc46198b6734b219e6c,20,6,linucb,207.003448,207.003448,207.0,0.0,0.0,8,3030,3030,0.9320313330026693,391,477,1108,490,534,393,485,1290,803,538,0,0.024483931869901346
HOSP-STD-20-02,f4d7eb68c49ca8471778e951b75929acfd33ba8efe201fc46198b6734b219e6c,20,7,dmab,207.003448,207.003431,207.0,0.0,0.0,7,3030,3030,0.7591582079985528,616,599,620,558,607,629,612,636,614,615,15,0.014011467390308063
HOSP-STD-20-02,f4d7eb68c49ca8471778e951b75929acfd33ba8efe201fc46198b6734b219e6c,20,7,linucb,207.003448,207.003431,207.0,0.0,0.0,7,3030,3030,0.8684655830002157,428,622,921,356,673,434,643,1030,408,706,0,0.019432479912122044
HOSP-STD-20-02,f4d7eb68c49ca8471778e951b75929acfd33ba8efe201fc46198b6734b219e6c,20,8,dmab,207.003448,207.003448,207.0,0.0,0.0,8,3030,3030,0.7663557920022868,615,620,630,534,601,619,629,651,599,603,30,0.021215060763947594
HOSP-STD-20-02,f4d7eb68c49ca8471778e951b75929acfd33ba8efe201fc46198b6734b219e6c,20,8,linucb,207.003448,207.003446,207.0,0.0,0.0,6,3030,3030,0.8680772079969756,741,536,498,566,659,766,552,554,668,675,0,0.015427610440897918
HOSP-STD-20-02,f4d7eb68c49ca8471778e951b75929acfd33ba8efe201fc46198b6734b219e6c,20,9,dmab,207.003448,204.50341,204.5,0.0,0.0,7,3030,3030,0.7745574159998796,637,606,642,494,621,642,621,666,619,628,19,0.014628884350757291
HOSP-STD-20-02,f4d7eb68c49ca8471778e951b75929acfd33ba8efe201fc46198b6734b219e6c,20,9,linucb,207.003448,207.003448,207.0,0.0,0.0,8,3030,3030,0.8886729170044418,360,319,946,492,883,362,326,1047,710,909,0,0.02639938938923696
HOSP-STD-20-02,f4d7eb68c49ca8471778e951b75929acfd33ba8efe201fc46198b6734b219e6c,20,10,dmab,207.003448,207.003448,207.0,0.0,0.0,8,3030,3030,0.759595834002539,636,580,598,552,634,642,594,613,612,637,20,0.017988041125124987
HOSP-STD-20-02,f4d7eb68c49ca8471778e951b75929acfd33ba8efe201fc46198b6734b219e6c,20,10,linucb,207.003448,207.003417,207.0,0.0,0.0,6,3030,3030,0.9144224999981816,493,905,818,384,400,497,976,895,453,404,0,0.013292348851760817
HOSP-STD-20-02,f4d7eb68c49ca8471778e951b75929acfd33ba8efe201fc46198b6734b219e6c,20,11,dmab,207.003448,205.003368,205.0,0.0,0.0,5,3030,3030,0.7647949590027565,602,598,632,543,625,609,613,658,612,630,14,0.013186867135340346
HOSP-STD-20-02,f4d7eb68c49ca8471778e951b75929acfd33ba8efe201fc46198b6734b219e6c,20,11,linucb,207.003448,206.503432,206.5,0.0,0.0,6,3030,3030,0.8872604170028353,484,648,770,354,744,487,669,937,442,765,0,0.017781967710669887
HOSP-STD-20-02,f4d7eb68c49ca8471778e951b75929acfd33ba8efe201fc46198b6734b219e6c,20,12,dmab,207.003448,207.003427,207.0,0.0,0.0,7,3030,3030,0.7668194170037168,618,610,641,526,605,624,626,660,613,609,33,0.020151355507856093
HOSP-STD-20-02,f4d7eb68c49ca8471778e951b75929acfd33ba8efe201fc46198b6734b219e6c,20,12,linucb,207.003448,207.003427,207.0,0.0,0.0,7,3030,3030,0.8826476670001284,632,557,937,416,458,650,576,1104,510,466,0,0.016074915597541154
HOSP-STD-20-02,f4d7eb68c49ca8471778e951b75929acfd33ba8efe201fc46198b6734b219e6c,20,13,dmab,207.003448,207.003448,207.0,0.0,0.0,8,3030,3030,0.7582407920053811,609,585,646,540,620,615,598,666,614,622,24,0.019130444661321126
HOSP-STD-20-02,f4d7eb68c49ca8471778e951b75929acfd33ba8efe201fc46198b6734b219e6c,20,13,linucb,207.003448,206.503335,206.5,0.0,0.0,5,3030,3030,0.8789849169988884,786,857,412,367,578,850,894,428,459,584,0,0.019114299117053035
HOSP-STD-20-02,f4d7eb68c49ca8471778e951b75929acfd33ba8efe201fc46198b6734b219e6c,20,14,dmab,207.003448,207.003448,207.0,0.0,0.0,8,3030,3030,0.7663399999946705,614,608,634,528,616,623,615,664,601,620,31,0.023796433212069017
HOSP-STD-20-02,f4d7eb68c49ca8471778e951b75929acfd33ba8efe201fc46198b6734b219e6c,20,14,linucb,207.003448,207.003448,207.0,0.0,0.0,8,3030,3030,0.8802984170033596,741,458,868,417,516,773,470,1014,471,521,0,0.01620455515633086
HOSP-STD-20-02,f4d7eb68c49ca8471778e951b75929acfd33ba8efe201fc46198b6734b219e6c,20,15,dmab,207.003448,207.003448,207.0,0.0,0.0,8,3030,3030,0.7699301249958808,619,619,623,528,611,627,634,646,632,620,27,0.017873779753014865
HOSP-STD-20-02,f4d7eb68c49ca8471778e951b75929acfd33ba8efe201fc46198b6734b219e6c,20,15,linucb,207.003448,207.003448,207.0,0.0,0.0,8,3030,3030,0.8618896660045721,418,699,881,414,588,423,721,933,482,611,0,0.014256375401051282
HOSP-STD-20-02,f4d7eb68c49ca8471778e951b75929acfd33ba8efe201fc46198b6734b219e6c,20,16,dmab,207.003448,204.503412,204.5,0.0,0.0,6,3030,3030,0.7667688340006862,596,594,655,532,623,598,606,677,611,628,29,0.019795604567256608
HOSP-STD-20-02,f4d7eb68c49ca8471778e951b75929acfd33ba8efe201fc46198b6734b219e6c,20,16,linucb,207.003448,207.003448,207.0,0.0,0.0,8,3030,3030,0.8596545000036713,377,587,843,384,809,380,614,889,426,824,0,0.01673843744058474
HOSP-STD-20-02,f4d7eb68c49ca8471778e951b75929acfd33ba8efe201fc46198b6734b219e6c,20,17,dmab,207.003448,205.003265,205.0,0.0,0.0,3,3030,3030,0.7665549169978476,603,591,649,525,632,603,613,681,606,633,29,0.019978378880271923
HOSP-STD-20-02,f4d7eb68c49ca8471778e951b75929acfd33ba8efe201fc46198b6734b219e6c,20,17,linucb,207.003448,204.503392,204.5,0.0,0.0,7,3030,3030,0.8889584170028684,512,543,1045,419,481,517,558,1282,464,483,0,0.014911515692885149
HOSP-STD-20-02,f4d7eb68c49ca8471778e951b75929acfd33ba8efe201fc46198b6734b219e6c,20,18,dmab,207.003448,207.003431,207.0,0.0,0.0,7,3030,3030,0.76674983400153,622,611,633,531,603,626,632,659,613,605,18,0.014480053713887888
HOSP-STD-20-02,f4d7eb68c49ca8471778e951b75929acfd33ba8efe201fc46198b6734b219e6c,20,18,linucb,207.003448,207.003431,207.0,0.0,0.0,7,3030,3030,0.8913215419961489,442,803,864,371,520,450,854,1026,423,533,0,0.0211451986603302
HOSP-STD-20-02,f4d7eb68c49ca8471778e951b75929acfd33ba8efe201fc46198b6734b219e6c,20,19,dmab,207.003448,207.003448,207.0,0.0,0.0,8,3030,3030,0.7692625419949763,612,608,611,542,627,624,622,635,609,631,29,0.019057365883425624
HOSP-STD-20-02,f4d7eb68c49ca8471778e951b75929acfd33ba8efe201fc46198b6734b219e6c,20,19,linucb,207.003448,207.003448,207.0,0.0,0.0,8,3030,3030,0.8708030000052531,474,451,910,407,758,479,462,1016,462,772,0,0.014412391720161117
HOSP-STD-20-03,cf8acc0cbb3e3f835da745a06eee3784454065eef9e3b7278add7d92128fa270,20,0,dmab,226.5025485,203.5026095,203.5,0.0,0.0,5,3030,3030,0.7826742499964894,582,594,652,579,593,585,602,662,604,594,20,0.013636709156791958
HOSP-STD-20-03,cf8acc0cbb3e3f835da745a06eee3784454065eef9e3b7278add7d92128fa270,20,0,linucb,226.5025485,187.0027555,187.0,0.0,0.0,4,3030,3030,0.9058135000013863,469,507,1093,406,525,482,519,1300,423,533,0,0.01701995135608815
HOSP-STD-20-03,cf8acc0cbb3e3f835da745a06eee3784454065eef9e3b7278add7d92128fa270,20,1,dmab,226.5025485,192.5025105,192.5,0.0,0.0,4,3030,3030,0.7945883749998757,591,650,599,557,603,597,664,614,593,606,22,0.018329709319657696
HOSP-STD-20-03,cf8acc0cbb3e3f835da745a06eee3784454065eef9e3b7278add7d92128fa270,20,1,linucb,226.5025485,211.5033105,211.5,0.0,0.0,10,3030,3030,0.8871824160014512,535,402,1113,372,578,546,411,1217,389,586,0,0.01493104253747504
HOSP-STD-20-03,cf8acc0cbb3e3f835da745a06eee3784454065eef9e3b7278add7d92128fa270,20,2,dmab,226.5025485,193.0027565,193.0,0.0,0.0,5,3030,3030,0.7871859580045566,601,611,619,569,600,615,625,637,604,604,25,0.016556423900457785
HOSP-STD-20-03,cf8acc0cbb3e3f835da745a06eee3784454065eef9e3b7278add7d92128fa270,20,2,linucb,226.5025485,195.5024965,195.5,0.0,0.0,1,3030,3030,0.8988489170005778,517,517,1132,495,339,522,529,1292,532,347,0,0.012546194356984626
HOSP-STD-20-03,cf8acc0cbb3e3f835da745a06eee3784454065eef9e3b7278add7d92128fa270,20,3,dmab,226.5025485,188.5026335,188.5,0.0,0.0,7,3030,3030,0.7854890829985379,605,591,657,560,587,613,601,679,588,588,25,0.018859516382733622
HOSP-STD-20-03,cf8acc0cbb3e3f835da745a06eee3784454065eef9e3b7278add7d92128fa270,20,3,linucb,226.5025485,202.5026855,202.5,0.0,0.0,9,3030,3030,0.8944520000004559,556,589,346,709,800,564,601,413,770,813,0,0.012310681627937622
HOSP-STD-20-03,cf8acc0cbb3e3f835da745a06eee3784454065eef9e3b7278add7d92128fa270,20,4,dmab,226.5025485,201.5029605,201.5,0.0,0.0,5,3030,3030,0.7858944579929812,596,598,622,575,609,603,609,637,596,612,23,0.01712811249229719
HOSP-STD-20-03,cf8acc0cbb3e3f835da745a06eee3784454065eef9e3b7278add7d92128fa270,20,4,linucb,226.5025485,203.0026255,203.0,0.0,0.0,6,3030,3030,0.8767900000020745,531,708,602,374,785,539,744,644,380,792,0,0.01631148822224693
HOSP-STD-20-03,cf8acc0cbb3e3f835da745a06eee3784454065eef9e3b7278add7d92128fa270,20,5,dmab,226.5025485,200.5026455,200.5,0.0,0.0,5,3030,3030,0.8399335830035852,612,628,606,557,597,623,641,628,580,603,11,0.013455602173941985
HOSP-STD-20-03,cf8acc0cbb3e3f835da745a06eee3784454065eef9e3b7278add7d92128fa270,20,5,linucb,226.5025485,192.5026005,192.5,0.0,0.0,4,3030,3030,0.9508083330001682,370,905,551,421,753,374,944,695,453,769,0,0.020660889971546317
HOSP-STD-20-03,cf8acc0cbb3e3f835da745a06eee3784454065eef9e3b7278add7d92128fa270,20,6,dmab,226.5025485,208.0025955,208.0,0.0,0.0,9,3030,3030,0.8158143749969895,600,595,628,584,593,613,599,644,609,601,22,0.015037662666004545
HOSP-STD-20-03,cf8acc0cbb3e3f835da745a06eee3784454065eef9e3b7278add7d92128fa270,20,6,linucb,226.5025485,197.452711,196.5,0.5,0.5,7,3030,3030,0.9201332090015057,484,668,497,589,762,494,690,567,671,789,0,0.02090085817584814
HOSP-STD-20-03,cf8acc0cbb3e3f835da745a06eee3784454065eef9e3b7278add7d92128fa270,20,7,dmab,226.5025485,207.5031055,207.5,0.0,0.0,9,3030,3030,0.788240665999183,608,629,600,573,590,620,640,626,604,596,19,0.02026720567046216
HOSP-STD-20-03,cf8acc0cbb3e3f835da745a06eee3784454065eef9e3b7278add7d92128fa270,20,7,linucb,226.5025485,201.0028635,201.0,0.0,0.0,6,3030,3030,1.0204758750041947,887,328,635,452,698,919,342,729,537,701,0,0.0209501011854325
HOSP-STD-20-03,cf8acc0cbb3e3f835da745a06eee3784454065eef9e3b7278add7d92128fa270,20,8,dmab,226.5025485,199.5029335,199.5,0.0,0.0,9,3030,3030,0.7977129170030821,612,588,636,570,594,619,598,648,599,597,17,0.013181987060512046
HOSP-STD-20-03,cf8acc0cbb3e3f835da745a06eee3784454065eef9e3b7278add7d92128fa270,20,8,linucb,226.5025485,209.0028995,209.0,0.0,0.0,7,3030,3030,0.906112666001718,505,1080,356,441,618,517,1162,431,534,624,0,0.018511548191991613
HOSP-STD-20-03,cf8acc0cbb3e3f835da745a06eee3784454065eef9e3b7278add7d92128fa270,20,9,dmab,226.5025485,198.0022945,198.0,0.0,0.0,3,3030,3030,0.7873243750000256,594,605,630,571,600,603,616,642,590,602,13,0.009976513908113193
HOSP-STD-20-03,cf8acc0cbb3e3f835da745a06eee3784454065eef9e3b7278add7d92128fa270,20,9,linucb,226.5025485,204.0025075,204.0,0.0,0.0,4,3030,3030,0.9012204999962705,713,444,635,471,737,731,451,750,503,748,0,0.013067795913416256
HOSP-STD-20-03,cf8acc0cbb3e3f835da745a06eee3784454065eef9e3b7278add7d92128fa270,20,10,dmab,226.5025485,190.5025925,190.5,0.0,0.0,6,3030,3030,0.826868458003446,584,633,613,573,597,590,640,627,588,606,23,0.014050126056307925
HOSP-STD-20-03,cf8acc0cbb3e3f835da745a06eee3784454065eef9e3b7278add7d92128fa270,20,10,linucb,226.5025485,195.0027755,195.0,0.0,0.0,6,3030,3030,0.9083838750011637,660,441,978,514,407,690,448,1088,609,410,0,0.02091837914942194
HOSP-STD-20-03,cf8acc0cbb3e3f835da745a06eee3784454065eef9e3b7278add7d92128fa270,20,11,dmab,226.5025485,199.5026445,199.5,0.0,0.0,6,3030,3030,0.7868453340051929,595,601,630,577,597,605,610,660,593,600,20,0.014144421913645698
HOSP-STD-20-03,cf8acc0cbb3e3f835da745a06eee3784454065eef9e3b7278add7d92128fa270,20,11,linucb,226.5025485,201.0025395,201.0,0.0,0.0,2,3030,3030,0.8907376659990405,509,812,486,498,695,518,840,581,546,701,0,0.016102430231596257
HOSP-STD-20-03,cf8acc0cbb3e3f835da745a06eee3784454065eef9e3b7278add7d92128fa270,20,12,dmab,226.5025485,199.95253599999998,199.0,0.5,0.5,4,3030,3030,0.7853861250041518,606,582,630,565,617,613,591,661,594,620,22,0.0157514474493135
HOSP-STD-20-03,cf8acc0cbb3e3f835da745a06eee3784454065eef9e3b7278add7d92128fa270,20,12,linucb,226.5025485,206.0025355,206.0,0.0,0.0,7,3030,3030,0.9175658329986618,391,553,1115,348,593,397,597,1338,363,599,0,0.025207024285056417
HOSP-STD-20-03,cf8acc0cbb3e3f835da745a06eee3784454065eef9e3b7278add7d92128fa270,20,13,dmab,226.5025485,202.0025325,202.0,0.0,0.0,8,3030,3030,0.8192550829990068,585,614,637,575,589,593,624,648,596,593,15,0.015528412996347949
HOSP-STD-20-03,cf8acc0cbb3e3f835da745a06eee3784454065eef9e3b7278add7d92128fa270,20,13,linucb,226.5025485,195.65256,189.0,3.5,3.5,8,3030,3030,0.915425207997032,532,549,977,536,406,538,563,1158,610,408,0,0.019469601711788253
HOSP-STD-20-03,cf8acc0cbb3e3f835da745a06eee3784454065eef9e3b7278add7d92128fa270,20,14,dmab,226.5025485,204.0025615,204.0,0.0,0.0,4,3030,3030,0.7807627910005976,598,591,635,569,607,604,600,651,607,608,22,0.015162628710260782
HOSP-STD-20-03,cf8acc0cbb3e3f835da745a06eee3784454065eef9e3b7278add7d92128fa270,20,14,linucb,226.5025485,211.0026995,211.0,0.0,0.0,5,3030,3030,0.911736791000294,635,354,1089,463,459,661,368,1258,497,463,0,0.017083999839263026
HOSP-STD-20-03,cf8acc0cbb3e3f835da745a06eee3784454065eef9e3b7278add7d92128fa270,20,15,dmab,226.5025485,200.0025645,200.0,0.0,0.0,7,3030,3030,0.7790624580011354,596,599,621,571,613,602,605,637,602,614,11,0.010023667712359829
HOSP-STD-20-03,cf8acc0cbb3e3f835da745a06eee3784454065eef9e3b7278add7d92128fa270,20,15,linucb,226.5025485,196.5024665,196.5,0.0,0.0,6,3030,3030,0.8826518749992829,480,839,510,624,547,484,864,553,683,558,0,0.012106870526742291
HOSP-STD-20-03,cf8acc0cbb3e3f835da745a06eee3784454065eef9e3b7278add7d92128fa270,20,16,dmab,226.5025485,196.5025945,196.5,0.0,0.0,6,3030,3030,0.78093995800009,589,607,638,560,606,597,614,652,596,606,16,0.013771297927213677
HOSP-STD-20-03,cf8acc0cbb3e3f835da745a06eee3784454065eef9e3b7278add7d92128fa270,20,16,linucb,226.5025485,203.5026785,203.5,0.0,0.0,6,3030,3030,0.8871027089990093,492,652,782,419,655,495,664,871,458,656,0,0.01133360583210686
HOSP-STD-20-03,cf8acc0cbb3e3f835da745a06eee3784454065eef9e3b7278add7d92128fa270,20,17,dmab,226.5025485,196.5027605,196.5,0.0,0.0,6,3030,3030,0.7901457920015673,619,586,621,572,602,624,598,655,602,608,21,0.018180312941747462
HOSP-STD-20-03,cf8acc0cbb3e3f835da745a06eee3784454065eef9e3b7278add7d92128fa270,20,17,linucb,226.5025485,200.0024545,200.0,0.0,0.0,7,3030,3030,0.8869661249991623,525,786,746,679,264,544,808,776,751,268,0,0.010807342768890166
HOSP-STD-20-03,cf8acc0cbb3e3f835da745a06eee3784454065eef9e3b7278add7d92128fa270,20,18,dmab,226.5025485,189.0025175,189.0,0.0,0.0,4,3030,3030,0.7818089159991359,612,598,615,569,606,619,605,631,597,608,27,0.01609648606595405
HOSP-STD-20-03,cf8acc0cbb3e3f835da745a06eee3784454065eef9e3b7278add7d92128fa270,20,18,linucb,226.5025485,210.0025685,210.0,0.0,0.0,5,3030,3030,0.8814370830004918,548,659,689,539,565,555,685,723,610,567,0,0.01067427337283728
HOSP-STD-20-03,cf8acc0cbb3e3f835da745a06eee3784454065eef9e3b7278add7d92128fa270,20,19,dmab,226.5025485,207.5027475,207.5,0.0,0.0,5,3030,3030,0.7844450839984347,603,602,624,578,593,606,607,642,611,594,22,0.013296691825081162
HOSP-STD-20-03,cf8acc0cbb3e3f835da745a06eee3784454065eef9e3b7278add7d92128fa270,20,19,linucb,226.5025485,213.5025165,213.5,0.0,0.0,7,3030,3030,0.8995760000034352,586,743,696,704,271,603,773,750,796,276,0,0.013605687686114485
HOSP-STD-25-01,0ae95d5e511979da55ccca585a1eb6136928c1e313c5f44fbda4766889092b8e,25,0,dmab,239.7037225,212.5036015,212.5,0.0,0.0,8,3030,3030,1.1194894169966574,602,595,621,576,606,603,605,654,596,606,18,0.013082574840558294
HOSP-STD-25-01,0ae95d5e511979da55ccca585a1eb6136928c1e313c5f44fbda4766889092b8e,25,0,linucb,239.7037225,233.5042955,233.5,0.0,0.0,13,3030,3030,1.2421130829970934,695,467,746,490,602,705,490,877,538,603,0,0.020871192467609663
HOSP-STD-25-01,0ae95d5e511979da55ccca585a1eb6136928c1e313c5f44fbda4766889092b8e,25,1,dmab,239.7037225,218.0038475,218.0,0.0,0.0,9,3030,3030,1.1159751250015688,621,589,616,552,622,631,604,629,597,625,20,0.011312580415461295
HOSP-STD-25-01,0ae95d5e511979da55ccca585a1eb6136928c1e313c5f44fbda4766889092b8e,25,1,linucb,239.7037225,217.5036975,217.5,0.0,0.0,11,3030,3030,1.2427925000010873,544,536,924,514,482,550,548,1022,555,485,0,0.01924222838258175
HOSP-STD-25-01,0ae95d5e511979da55ccca585a1eb6136928c1e313c5f44fbda4766889092b8e,25,2,dmab,239.7037225,218.0038555,218.0,0.0,0.0,13,3030,3030,1.1077251249953406,584,593,642,585,596,588,602,654,615,597,13,0.010433381932564689
HOSP-STD-25-01,0ae95d5e511979da55ccca585a1eb6136928c1e313c5f44fbda4766889092b8e,25,2,linucb,239.7037225,216.0041995,216.0,0.0,0.0,8,3030,3030,1.3016201669961447,496,305,747,590,862,505,315,948,738,871,0,0.02633777728114615
HOSP-STD-25-01,0ae95d5e511979da55ccca585a1eb6136928c1e313c5f44fbda4766889092b8e,25,3,dmab,239.7037225,226.0039435,226.0,0.0,0.0,10,3030,3030,1.121535792000941,590,602,634,566,608,596,611,648,598,609,24,0.018066646468815985
HOSP-STD-25-01,0ae95d5e511979da55ccca585a1eb6136928c1e313c5f44fbda4766889092b8e,25,3,linucb,239.7037225,227.5038685,227.5,0.0,0.0,9,3030,3030,1.221901249999064,556,531,1017,445,451,562,537,1119,467,456,0,0.015666055721488967
HOSP-STD-25-01,0ae95d5e511979da55ccca585a1eb6136928c1e313c5f44fbda4766889092b8e,25,4,dmab,239.7037225,217.5040115,217.5,0.0,0.0,10,3030,3030,1.1556613749999087,610,599,654,548,589,615,608,666,576,593,6,0.010362425535548354
HOSP-STD-25-01,0ae95d5e511979da55ccca585a1eb6136928c1e313c5f44fbda4766889092b8e,25,4,linucb,239.7037225,234.0036475,234.0,0.0,0.0,10,3030,3030,1.1998804160029977,699,730,608,475,488,709,753,614,495,494,0,0.01165886271332311
HOSP-STD-25-01,0ae95d5e511979da55ccca585a1eb6136928c1e313c5f44fbda4766889092b8e,25,5,dmab,239.7037225,234.0036965,234.0,0.0,0.0,11,3030,3030,1.1168036250019213,584,604,616,596,600,587,615,622,631,602,18,0.014719609767428605
HOSP-STD-25-01,0ae95d5e511979da55ccca585a1eb6136928c1e313c5f44fbda4766889092b8e,25,5,linucb,239.7037225,215.0036915,215.0,0.0,0.0,8,3030,3030,1.227114375004021,488,727,839,362,584,492,753,931,382,586,0,0.015946024972557517
HOSP-STD-25-01,0ae95d5e511979da55ccca585a1eb6136928c1e313c5f44fbda4766889092b8e,25,6,dmab,239.7037225,231.5039615,231.5,0.0,0.0,11,3030,3030,1.1281600000002072,581,605,630,593,591,586,613,642,621,597,24,0.018749731062965312
HOSP-STD-25-01,0ae95d5e511979da55ccca585a1eb6136928c1e313c5f44fbda4766889092b8e,25,6,linucb,239.7037225,216.0038015,216.0,0.0,0.0,8,3030,3030,1.2616724589970545,521,420,1201,475,383,527,425,1369,526,383,0,0.01200620809785991
HOSP-STD-25-01,0ae95d5e511979da55ccca585a1eb6136928c1e313c5f44fbda4766889092b8e,25,7,dmab,239.7037225,223.0037125,223.0,0.0,0.0,8,3030,3030,1.1125539999993634,591,606,667,551,585,592,619,690,585,588,16,0.013521531735216738
HOSP-STD-25-01,0ae95d5e511979da55ccca585a1eb6136928c1e313c5f44fbda4766889092b8e,25,7,linucb,239.7037225,229.0043175,229.0,0.0,0.0,12,3030,3030,1.2884112499959883,572,535,705,585,603,582,556,781,823,608,0,0.016945609769020868
HOSP-STD-25-01,0ae95d5e511979da55ccca585a1eb6136928c1e313c5f44fbda4766889092b8e,25,8,dmab,239.7037225,216.453804,215.5,0.5,0.5,8,3030,3030,1.1298083750007208,595,616,612,583,594,597,625,626,618,597,16,0.015549826772784756
HOSP-STD-25-01,0ae95d5e511979da55ccca585a1eb6136928c1e313c5f44fbda4766889092b8e,25,8,linucb,239.7037225,228.0039615,228.0,0.0,0.0,10,3030,3030,1.2323967500051367,549,477,890,509,575,559,487,982,551,584,0,0.011317530595851838
HOSP-STD-25-01,0ae95d5e511979da55ccca585a1eb6136928c1e313c5f44fbda4766889092b8e,25,9,dmab,239.7037225,223.5043415,223.5,0.0,0.0,10,3030,3030,1.1050658329986618,582,627,606,588,597,587,637,622,615,597,16,0.01583642969221445
HOSP-STD-25-01,0ae95d5e511979da55ccca585a1eb6136928c1e313c5f44fbda4766889092b8e,25,9,linucb,239.7037225,216.0037245,216.0,0.0,0.0,7,3030,3030,1.223683083000651,503,467,372,756,902,505,478,401,861,930,0,0.01801105304764996
HOSP-STD-25-01,0ae95d5e511979da55ccca585a1eb6136928c1e313c5f44fbda4766889092b8e,25,10,dmab,239.7037225,222.5039905,222.5,0.0,0.0,8,3030,3030,1.1012625000003027,615,594,609,569,613,619,602,623,602,618,21,0.015590567476481305
HOSP-STD-25-01,0ae95d5e511979da55ccca585a1eb6136928c1e313c5f44fbda4766889092b8e,25,10,linucb,239.7037225,213.5037325,213.5,0.0,0.0,8,3030,3030,1.205209334002575,491,813,733,428,535,496,853,787,459,538,0,0.015736990633649132
HOSP-STD-25-01,0ae95d5e511979da55ccca585a1eb6136928c1e313c5f44fbda4766889092b8e,25,11,dmab,239.7037225,220.0041825,220.0,0.0,0.0,9,3030,3030,1.1000015410027117,576,628,625,571,600,577,636,635,593,601,6,0.009814352114758404
HOSP-STD-25-01,0ae95d5e511979da55ccca585a1eb6136928c1e313c5f44fbda4766889092b8e,25,11,linucb,239.7037225,222.0038745,222.0,0.0,0.0,9,3030,3030,1.288258082997345,446,164,1546,371,473,448,166,1883,403,476,0,0.029430476992279492
HOSP-STD-25-01,0ae95d5e511979da55ccca585a1eb6136928c1e313c5f44fbda4766889092b8e,25,12,dmab,239.7037225,234.0037075,234.0,0.0,0.0,10,3030,3030,1.099915165999846,603,595,630,576,596,606,605,638,607,599,17,0.011302480102980749
HOSP-STD-25-01,0ae95d5e511979da55ccca585a1eb6136928c1e313c5f44fbda4766889092b8e,25,12,linucb,239.7037225,228.5039165,228.5,0.0,0.0,9,3030,3030,1.2211650000026566,509,549,860,665,417,513,570,925,752,424,0,0.014947722359630869
HOSP-STD-25-01,0ae95d5e511979da55ccca585a1eb6136928c1e313c5f44fbda4766889092b8e,25,13,dmab,239.7037225,222.0038685,222.0,0.0,0.0,7,3030,3030,1.1095386660017539,593,598,671,555,583,596,606,697,590,588,26,0.022098777912526294
HOSP-STD-25-01,0ae95d5e511979da55ccca585a1eb6136928c1e313c5f44fbda4766889092b8e,25,13,linucb,239.7037225,224.0041285,224.0,0.0,0.0,10,3030,3030,1.2401531249997788,652,551,894,347,556,665,563,997,396,564,0,0.016106243138686874
HOSP-STD-25-01,0ae95d5e511979da55ccca585a1eb6136928c1e313c5f44fbda4766889092b8e,25,14,dmab,239.7037225,225.8039755,222.0,2.0,2.0,8,3030,3030,1.1430312919983407,574,647,638,562,579,580,659,661,606,581,5,0.0129200753199261
HOSP-STD-25-01,0ae95d5e511979da55ccca585a1eb6136928c1e313c5f44fbda4766889092b8e,25,14,linucb,239.7037225,216.0041135,216.0,0.0,0.0,8,3030,3030,1.247281916999782,816,203,868,572,541,853,212,968,652,546,0,0.02504672431262165
HOSP-STD-25-01,0ae95d5e511979da55ccca585a1eb6136928c1e313c5f44fbda4766889092b8e,25,15,dmab,239.7037225,225.0037955,225.0,0.0,0.0,11,3030,3030,1.2051578339960543,595,605,651,567,582,600,611,667,597,585,20,0.016923292930922276
HOSP-STD-25-01,0ae95d5e511979da55ccca585a1eb6136928c1e313c5f44fbda4766889092b8e,25,15,linucb,239.7037225,229.80407050000002,226.0,2.0,2.0,9,3030,3030,1.2407912499984377,894,490,367,669,580,923,507,411,765,584,0,0.020573880452913428
HOSP-STD-25-01,0ae95d5e511979da55ccca585a1eb6136928c1e313c5f44fbda4766889092b8e,25,16,dmab,239.7037225,217.5039865,217.5,0.0,0.0,6,3030,3030,1.3395042089978233,586,592,639,595,588,591,600,652,620,591,15,0.013406575614750138
HOSP-STD-25-01,0ae95d5e511979da55ccca585a1eb6136928c1e313c5f44fbda4766889092b8e,25,16,linucb,239.7037225,234.0036995,234.0,0.0,0.0,10,3030,3030,1.7424098330011475,475,745,735,582,463,477,757,900,619,464,0,0.018712777096456367
HOSP-STD-25-01,0ae95d5e511979da55ccca585a1eb6136928c1e313c5f44fbda4766889092b8e,25,17,dmab,239.7037225,223.5039395,223.5,0.0,0.0,11,3030,3030,1.1984372090009856,596,596,609,593,606,603,601,621,645,608,6,0.009541885434563217
HOSP-STD-25-01,0ae95d5e511979da55ccca585a1eb6136928c1e313c5f44fbda4766889092b8e,25,17,linucb,239.7037225,225.0041245,225.0,0.0,0.0,7,3030,3030,1.374871208005061,499,168,1242,648,443,505,174,1425,733,446,0,0.0221294294216339
HOSP-STD-25-01,0ae95d5e511979da55ccca585a1eb6136928c1e313c5f44fbda4766889092b8e,25,18,dmab,239.7037225,223.0040535,223.0,0.0,0.0,6,3030,3030,1.219239291996928,592,632,615,576,585,595,642,623,598,587,14,0.01563580460596866
HOSP-STD-25-01,0ae95d5e511979da55ccca585a1eb6136928c1e313c5f44fbda4766889092b8e,25,18,linucb,239.7037225,215.0036735,215.0,0.0,0.0,8,3030,3030,1.3519573340017814,721,616,616,529,518,730,636,683,559,520,0,0.015002790649889314
HOSP-STD-25-01,0ae95d5e511979da55ccca585a1eb6136928c1e313c5f44fbda4766889092b8e,25,19,dmab,239.7037225,230.0044665,230.0,0.0,0.0,11,3030,3030,1.672580124999513,603,603,629,557,608,611,609,642,592,609,27,0.01688378414732379
HOSP-STD-25-01,0ae95d5e511979da55ccca585a1eb6136928c1e313c5f44fbda4766889092b8e,25,19,linucb,239.7037225,220.0039145,220.0,0.0,0.0,10,3030,3030,2.1414750420008204,525,359,796,589,731,531,366,967,656,750,0,0.02308752335222218
HOSP-STD-25-02,111e3dbf700a52182fb348e3992e1ca35fa16ea56d3fdab97ee16fdc5a83af70,25,0,dmab,267.0042625,261.5049445,261.5,0.0,0.0,11,3030,3030,1.8826447089959402,600,616,628,548,608,601,620,647,608,610,27,0.018518798630914476
HOSP-STD-25-02,111e3dbf700a52182fb348e3992e1ca35fa16ea56d3fdab97ee16fdc5a83af70,25,0,linucb,267.0042625,261.5042245,261.5,0.0,0.0,5,3030,3030,1.575713749996794,636,712,626,452,574,651,734,707,576,575,0,0.010744084687911415
HOSP-STD-25-02,111e3dbf700a52182fb348e3992e1ca35fa16ea56d3fdab97ee16fdc5a83af70,25,1,dmab,267.0042625,251.0043275,251.0,0.0,0.0,9,3030,3030,1.2819595420005498,593,587,648,557,615,597,594,672,618,620,18,0.01657069262143334
HOSP-STD-25-02,111e3dbf700a52182fb348e3992e1ca35fa16ea56d3fdab97ee16fdc5a83af70,25,1,linucb,267.0042625,266.5050585,266.5,0.0,0.0,12,3030,3030,1.31017212500592,563,413,954,422,648,571,419,1048,530,657,0,0.016299799677043234
HOSP-STD-25-02,111e3dbf700a52182fb348e3992e1ca35fa16ea56d3fdab97ee16fdc5a83af70,25,2,dmab,267.0042625,257.5046115,257.5,0.0,0.0,8,3030,3030,1.2115183749992866,608,614,647,529,602,614,627,656,592,606,27,0.017974449518385498
HOSP-STD-25-02,111e3dbf700a52182fb348e3992e1ca35fa16ea56d3fdab97ee16fdc5a83af70,25,2,linucb,267.0042625,250.0042925,250.0,0.0,0.0,8,3030,3030,1.5303101250028703,527,869,589,581,434,538,901,611,741,436,0,0.017042584073603203
HOSP-STD-25-02,111e3dbf700a52182fb348e3992e1ca35fa16ea56d3fdab97ee16fdc5a83af70,25,3,dmab,267.0042625,253.5048165,253.5,0.0,0.0,10,3030,3030,1.255145208997419,611,598,643,535,613,621,608,668,614,622,27,0.015571186184090735
HOSP-STD-25-02,111e3dbf700a52182fb348e3992e1ca35fa16ea56d3fdab97ee16fdc5a83af70,25,3,linucb,267.0042625,256.5043565,256.5,0.0,0.0,11,3030,3030,1.3276758330030134,538,457,732,463,810,542,470,806,546,818,0,0.016157339981916357
HOSP-STD-25-02,111e3dbf700a52182fb348e3992e1ca35fa16ea56d3fdab97ee16fdc5a83af70,25,4,dmab,267.0042625,253.5042175,253.5,0.0,0.0,11,3030,3030,1.1297842920030234,595,618,611,575,601,600,625,622,634,607,27,0.01754825228055425
HOSP-STD-25-02,111e3dbf700a52182fb348e3992e1ca35fa16ea56d3fdab97ee16fdc5a83af70,25,4,linucb,267.0042625,254.0042975,254.0,0.0,0.0,11,3030,3030,1.4759199999971315,461,436,1031,330,742,463,441,1176,408,746,0,0.016229850060290072
HOSP-STD-25-02,111e3dbf700a52182fb348e3992e1ca35fa16ea56d3fdab97ee16fdc5a83af70,25,5,dmab,267.0042625,253.5047095,253.5,0.0,0.0,9,3030,3030,1.181088584002282,611,599,632,536,622,617,610,663,617,625,27,0.01961366381432456
HOSP-STD-25-02,111e3dbf700a52182fb348e3992e1ca35fa16ea56d3fdab97ee16fdc5a83af70,25,5,linucb,267.0042625,255.5045555,255.5,0.0,0.0,12,3030,3030,1.3791106249991572,738,609,490,605,558,758,623,526,905,560,0,0.014771716955891913
HOSP-STD-25-02,111e3dbf700a52182fb348e3992e1ca35fa16ea56d3fdab97ee16fdc5a83af70,25,6,dmab,267.0042625,254.0042905,254.0,0.0,0.0,10,3030,3030,1.1191750829966622,620,588,630,551,611,625,603,644,615,613,14,0.01326796781942762
HOSP-STD-25-02,111e3dbf700a52182fb348e3992e1ca35fa16ea56d3fdab97ee16fdc5a83af70,25,6,linucb,267.0042625,253.5042615,253.5,0.0,0.0,10,3030,3030,1.2280437919980614,663,413,700,417,807,692,425,731,501,819,0,0.01930893372285895
HOSP-STD-25-02,111e3dbf700a52182fb348e3992e1ca35fa16ea56d3fdab97ee16fdc5a83af70,25,7,dmab,267.0042625,245.0041975,245.0,0.0,0.0,7,3030,3030,1.1780387920007342,618,602,619,550,611,620,616,630,607,615,17,0.014454576372789804
HOSP-STD-25-02,111e3dbf700a52182fb348e3992e1ca35fa16ea56d3fdab97ee16fdc5a83af70,25,7,linucb,267.0042625,248.5044215,248.5,0.0,0.0,7,3030,3030,1.4169142079990706,493,713,777,540,477,498,727,799,603,479,0,0.008961478314726663
HOSP-STD-25-02,111e3dbf700a52182fb348e3992e1ca35fa16ea56d3fdab97ee16fdc5a83af70,25,8,dmab,267.0042625,260.5046135,260.5,0.0,0.0,10,3030,3030,1.2934517500034417,590,593,634,559,624,592,608,663,621,631,16,0.015790358637064836
HOSP-STD-25-02,111e3dbf700a52182fb348e3992e1ca35fa16ea56d3fdab97ee16fdc5a83af70,25,8,linucb,267.0042625,258.0046815,258.0,0.0,0.0,9,3030,3030,1.521971249996568,577,448,972,421,582,583,465,1089,478,586,0,0.017013258808305867
HOSP-STD-25-02,111e3dbf700a52182fb348e3992e1ca35fa16ea56d3fdab97ee16fdc5a83af70,25,9,dmab,267.0042625,249.5043185,249.5,0.0,0.0,9,3030,3030,1.1661624160042265,603,585,628,555,629,603,603,639,611,635,25,0.015199213236655122
HOSP-STD-25-02,111e3dbf700a52182fb348e3992e1ca35fa16ea56d3fdab97ee16fdc5a83af70,25,9,linucb,267.0042625,258.5046465,258.5,0.0,0.0,8,3030,3030,1.3231182909948984,462,465,1111,465,497,463,476,1223,514,500,0,0.01333344887455994
HOSP-STD-25-02,111e3dbf700a52182fb348e3992e1ca35fa16ea56d3fdab97ee16fdc5a83af70,25,10,dmab,267.0042625,253.0044965,253.0,0.0,0.0,9,3030,3030,1.177177292003762,608,584,616,568,624,615,587,627,618,627,17,0.013570564159064671
HOSP-STD-25-02,111e3dbf700a52182fb348e3992e1ca35fa16ea56d3fdab97ee16fdc5a83af70,25,10,linucb,267.0042625,258.0048675,258.0,0.0,0.0,11,3030,3030,1.4525878339991323,692,701,479,461,667,709,732,545,545,675,0,0.016903927813387124
HOSP-STD-25-02,111e3dbf700a52182fb348e3992e1ca35fa16ea56d3fdab97ee16fdc5a83af70,25,11,dmab,267.0042625,262.5046745,262.5,0.0,0.0,10,3030,3030,1.2066657090035733,608,602,647,544,599,615,611,668,612,605,27,0.01477911896007028
HOSP-STD-25-02,111e3dbf700a52182fb348e3992e1ca35fa16ea56d3fdab97ee16fdc5a83af70,25,11,linucb,267.0042625,259.5050815,259.5,0.0,0.0,11,3030,3030,1.3615744589988026,606,384,1060,450,500,612,395,1217,512,508,0,0.015568113808045786
HOSP-STD-25-02,111e3dbf700a52182fb348e3992e1ca35fa16ea56d3fdab97ee16fdc5a83af70,25,12,dmab,267.0042625,254.5049045,254.5,0.0,0.0,9,3030,3030,1.162789125002746,604,618,608,560,610,610,632,631,621,615,24,0.0191218144566762
HOSP-STD-25-02,111e3dbf700a52182fb348e3992e1ca35fa16ea56d3fdab97ee16fdc5a83af70,25,12,linucb,267.0042625,267.0042395,267.0,0.0,0.0,10,3030,3030,1.2427922080023563,630,634,653,527,556,642,652,685,635,566,0,0.010596916032379835
HOSP-STD-25-02,111e3dbf700a52182fb348e3992e1ca35fa16ea56d3fdab97ee16fdc5a83af70,25,13,dmab,267.0042625,255.5050375,255.5,0.0,0.0,9,3030,3030,1.1119912499998463,609,623,610,548,610,614,637,626,624,617,25,0.017476417800009195
HOSP-STD-25-02,111e3dbf700a52182fb348e3992e1ca35fa16ea56d3fdab97ee16fdc5a83af70,25,13,linucb,267.0042625,242.5043675,242.5,0.0,0.0,9,3030,3030,1.4386282080013189,573,587,807,580,453,581,611,920,659,458,0,0.016138037090949672
HOSP-STD-25-02,111e3dbf700a52182fb348e3992e1ca35fa16ea56d3fdab97ee16fdc5a83af70,25,14,dmab,267.0042625,263.0045915,263.0,0.0,0.0,9,3030,3030,1.2217677500011632,594,609,626,558,613,601,625,654,629,618,15,0.016434537756989304
HOSP-STD-25-02,111e3dbf700a52182fb348e3992e1ca35fa16ea56d3fdab97ee16fdc5a83af70,25,14,linucb,267.0042625,266.0049185,266.0,0.0,0.0,10,3030,3030,1.392455291999795,575,356,808,499,762,582,361,946,659,774,0,0.02361487373570797
HOSP-STD-25-02,111e3dbf700a52182fb348e3992e1ca35fa16ea56d3fdab97ee16fdc5a83af70,25,15,dmab,267.0042625,246.5044435,246.5,0.0,0.0,7,3030,3030,1.1708850840004743,597,584,647,542,630,599,594,667,600,634,19,0.01374223440534025
HOSP-STD-25-02,111e3dbf700a52182fb348e3992e1ca35fa16ea56d3fdab97ee16fdc5a83af70,25,15,linucb,267.0042625,253.0049655,253.0,0.0,0.0,6,3030,3030,1.275877958003548,497,637,1138,449,279,500,653,1279,509,282,0,0.01501389582997137
HOSP-STD-25-02,111e3dbf700a52182fb348e3992e1ca35fa16ea56d3fdab97ee16fdc5a83af70,25,16,dmab,267.0042625,255.0045305,255.0,0.0,0.0,7,3030,3030,1.1368116249941522,611,596,616,570,607,616,608,627,632,609,13,0.012980105966785189
HOSP-STD-25-02,111e3dbf700a52182fb348e3992e1ca35fa16ea56d3fdab97ee16fdc5a83af70,25,16,linucb,267.0042625,244.0045045,244.0,0.0,0.0,5,3030,3030,1.282634124996548,540,534,1091,339,496,545,548,1209,384,502,0,0.01766624282823951
HOSP-STD-25-02,111e3dbf700a52182fb348e3992e1ca35fa16ea56d3fdab97ee16fdc5a83af70,25,17,dmab,267.0042625,261.0046965,261.0,0.0,0.0,9,3030,3030,1.1262932079989696,605,603,620,560,612,608,618,627,628,615,22,0.016543129796788656
HOSP-STD-25-02,111e3dbf700a52182fb348e3992e1ca35fa16ea56d3fdab97ee16fdc5a83af70,25,17,linucb,267.0042625,267.0042625,267.0,0.0,0.0,11,3030,3030,1.246852582997235,528,535,545,491,901,546,564,566,565,919,0,0.01631091270187746
HOSP-STD-25-02,111e3dbf700a52182fb348e3992e1ca35fa16ea56d3fdab97ee16fdc5a83af70,25,18,dmab,267.0042625,253.5044705,253.5,0.0,0.0,9,3030,3030,1.1520978749977075,591,620,648,535,606,597,637,664,608,608,16,0.013545028502432001
HOSP-STD-25-02,111e3dbf700a52182fb348e3992e1ca35fa16ea56d3fdab97ee16fdc5a83af70,25,18,linucb,267.0042625,254.0043665,254.0,0.0,0.0,10,3030,3030,1.2410148330018274,460,482,874,408,776,464,492,995,451,783,0,0.012698075372485865
HOSP-STD-25-02,111e3dbf700a52182fb348e3992e1ca35fa16ea56d3fdab97ee16fdc5a83af70,25,19,dmab,267.0042625,256.8043385,253.0,2.0,2.0,10,3030,3030,1.159740791998047,601,616,615,553,615,610,632,632,639,618,23,0.019593160427541848
HOSP-STD-25-02,111e3dbf700a52182fb348e3992e1ca35fa16ea56d3fdab97ee16fdc5a83af70,25,19,linucb,267.0042625,254.0044155,254.0,0.0,0.0,9,3030,3030,1.4041682910028612,467,542,945,603,443,469,560,996,813,446,0,0.014889715134541459
HOSP-STD-25-03,2d6e6d85cbec6219069261e929485a64f4ffcd10e2507b980fb2121f19a54ec7,25,0,dmab,239.0037505,233.0038775,233.0,0.0,0.0,6,3030,3030,1.2851588749981602,589,608,626,576,601,591,610,653,603,601,28,0.019004959363597935
HOSP-STD-25-03,2d6e6d85cbec6219069261e929485a64f4ffcd10e2507b980fb2121f19a54ec7,25,0,linucb,239.0037505,239.0037095,239.0,0.0,0.0,10,3030,3030,1.4510335000013583,536,335,1014,448,667,542,352,1130,477,679,0,0.01813460000494846
HOSP-STD-25-03,2d6e6d85cbec6219069261e929485a64f4ffcd10e2507b980fb2121f19a54ec7,25,1,dmab,239.0037505,229.5041025,229.5,0.0,0.0,8,3030,3030,1.1842744999958086,615,592,622,574,597,617,600,641,601,600,17,0.016041292474752743
HOSP-STD-25-03,2d6e6d85cbec6219069261e929485a64f4ffcd10e2507b980fb2121f19a54ec7,25,1,linucb,239.0037505,231.0038745,231.0,0.0,0.0,11,3030,3030,1.3504412499969476,430,442,827,626,675,438,444,936,791,677,0,0.018078798443374216
HOSP-STD-25-03,2d6e6d85cbec6219069261e929485a64f4ffcd10e2507b980fb2121f19a54ec7,25,2,dmab,239.0037505,231.0038305,231.0,0.0,0.0,6,3030,3030,1.3333271660012542,606,591,641,574,588,607,594,658,592,588,8,0.011886433469029059
HOSP-STD-25-03,2d6e6d85cbec6219069261e929485a64f4ffcd10e2507b980fb2121f19a54ec7,25,2,linucb,239.0037505,232.0040925,232.0,0.0,0.0,7,3030,3030,1.3214339170008316,381,682,370,966,601,382,698,418,1092,613,0,0.020647212567486483
HOSP-STD-25-03,2d6e6d85cbec6219069261e929485a64f4ffcd10e2507b980fb2121f19a54ec7,25,3,dmab,239.0037505,233.5037315,233.5,0.0,0.0,2,3030,3030,1.1647357499969075,588,619,642,554,597,593,627,651,592,599,14,0.009377385738974004
HOSP-STD-25-03,2d6e6d85cbec6219069261e929485a64f4ffcd10e2507b980fb2121f19a54ec7,25,3,linucb,239.0037505,231.0038015,231.0,0.0,0.0,9,3030,3030,1.262363791000098,502,543,471,531,953,516,559,495,573,964,0,0.016771352879530087
HOSP-STD-25-03,2d6e6d85cbec6219069261e929485a64f4ffcd10e2507b980fb2121f19a54ec7,25,4,dmab,239.0037505,238.0042745,238.0,0.0,0.0,8,3030,3030,1.1466777500027092,601,632,595,582,590,606,642,609,604,593,7,0.012521646968185671
HOSP-STD-25-03,2d6e6d85cbec6219069261e929485a64f4ffcd10e2507b980fb2121f19a54ec7,25,4,linucb,239.0037505,227.0040375,227.0,0.0,0.0,8,3030,3030,1.4496071249959641,404,718,1038,421,419,408,731,1130,443,419,0,0.017531554966819102
HOSP-STD-25-03,2d6e6d85cbec6219069261e929485a64f4ffcd10e2507b980fb2121f19a54ec7,25,5,dmab,239.0037505,230.0038605,230.0,0.0,0.0,7,3030,3030,1.3281159170001047,612,617,607,563,601,619,623,626,583,605,28,0.018012449794869084
HOSP-STD-25-03,2d6e6d85cbec6219069261e929485a64f4ffcd10e2507b980fb2121f19a54ec7,25,5,linucb,239.0037505,239.0037505,239.0,0.0,0.0,10,3030,3030,1.7152820000046631,492,539,885,428,656,499,547,1043,475,659,0,0.01834871578650533
HOSP-STD-25-03,2d6e6d85cbec6219069261e929485a64f4ffcd10e2507b980fb2121f19a54ec7,25,6,dmab,239.0037505,235.0040635,235.0,0.0,0.0,7,3030,3030,1.3786502500006463,606,617,614,574,589,612,627,629,594,590,28,0.0215050928290768
HOSP-STD-25-03,2d6e6d85cbec6219069261e929485a64f4ffcd10e2507b980fb2121f19a54ec7,25,6,linucb,239.0037505,239.0037505,239.0,0.0,0.0,10,3030,3030,1.3914092499981052,504,378,1129,479,510,512,393,1228,544,510,0,0.017791568774287208
HOSP-STD-25-03,2d6e6d85cbec6219069261e929485a64f4ffcd10e2507b980fb2121f19a54ec7,25,7,dmab,239.0037505,239.0037505,239.0,0.0,0.0,10,3030,3030,1.1937294579984155,594,599,633,574,600,598,610,648,599,602,29,0.016061549582252258
HOSP-STD-25-03,2d6e6d85cbec6219069261e929485a64f4ffcd10e2507b980fb2121f19a54ec7,25,7,linucb,239.0037505,239.0037505,239.0,0.0,0.0,10,3030,3030,1.2644862919987645,803,518,605,623,451,816,530,645,667,456,0,0.00921915834119933
HOSP-STD-25-03,2d6e6d85cbec6219069261e929485a64f4ffcd10e2507b980fb2121f19a54ec7,25,8,dmab,239.0037505,239.0037505,239.0,0.0,0.0,10,3030,3030,1.1591622079940862,589,591,624,579,617,593,604,636,615,618,24,0.016910172286187634
HOSP-STD-25-03,2d6e6d85cbec6219069261e929485a64f4ffcd10e2507b980fb2121f19a54ec7,25,8,linucb,239.0037505,235.5042365,235.5,0.0,0.0,13,3030,3030,1.2994150000013178,460,483,1045,446,566,469,495,1185,466,566,0,0.016153574570510053
HOSP-STD-25-03,2d6e6d85cbec6219069261e929485a64f4ffcd10e2507b980fb2121f19a54ec7,25,9,dmab,239.0037505,239.0037505,239.0,0.0,0.0,10,3030,3030,1.2421154589974321,602,608,606,580,604,607,617,622,605,605,20,0.015129843563549709
HOSP-STD-25-03,2d6e6d85cbec6219069261e929485a64f4ffcd10e2507b980fb2121f19a54ec7,25,9,linucb,239.0037505,236.5039265,236.5,0.0,0.0,10,3030,3030,1.301752999999735,450,629,806,569,546,456,654,975,641,547,0,0.020446311531835147
HOSP-STD-25-03,2d6e6d85cbec6219069261e929485a64f4ffcd10e2507b980fb2121f19a54ec7,25,10,dmab,239.0037505,226.5035895,226.5,0.0,0.0,6,3030,3030,1.1478153749994817,601,597,633,572,597,603,600,644,593,599,9,0.008260987388424547
HOSP-STD-25-03,2d6e6d85cbec6219069261e929485a64f4ffcd10e2507b980fb2121f19a54ec7,25,10,linucb,239.0037505,234.5038295,234.5,0.0,0.0,9,3030,3030,1.2569325000004028,324,465,615,545,1051,335,474,626,585,1065,0,0.019211454935585483
HOSP-STD-25-03,2d6e6d85cbec6219069261e929485a64f4ffcd10e2507b980fb2121f19a54ec7,25,11,dmab,239.0037505,239.0037505,239.0,0.0,0.0,10,3030,3030,1.169160458004626,583,585,622,579,631,583,591,636,605,632,16,0.01357135466234731
HOSP-STD-25-03,2d6e6d85cbec6219069261e929485a64f4ffcd10e2507b980fb2121f19a54ec7,25,11,linucb,239.0037505,239.0037505,239.0,0.0,0.0,10,3030,3030,1.3398272920021554,513,696,886,549,356,522,723,1068,664,358,0,0.021039276850176453
HOSP-STD-25-03,2d6e6d85cbec6219069261e929485a64f4ffcd10e2507b980fb2121f19a54ec7,25,12,dmab,239.0037505,234.0040785,234.0,0.0,0.0,9,3030,3030,1.179745624998759,586,627,602,591,594,592,636,612,606,597,15,0.01145764155766528
HOSP-STD-25-03,2d6e6d85cbec6219069261e929485a64f4ffcd10e2507b980fb2121f19a54ec7,25,12,linucb,239.0037505,233.0038585,233.0,0.0,0.0,6,3030,3030,1.5598547080007847,585,752,426,440,797,587,762,453,471,810,0,0.013877455049253147
HOSP-STD-25-03,2d6e6d85cbec6219069261e929485a64f4ffcd10e2507b980fb2121f19a54ec7,25,13,dmab,239.0037505,234.5039515,234.5,0.0,0.0,8,3030,3030,1.4471535829943605,577,609,628,575,611,584,614,642,612,616,21,0.01936541196313432
HOSP-STD-25-03,2d6e6d85cbec6219069261e929485a64f4ffcd10e2507b980fb2121f19a54ec7,25,13,linucb,239.0037505,239.0037325,239.0,0.0,0.0,10,3030,3030,1.4824616670011892,833,396,456,436,879,849,404,468,578,887,0,0.020448630359463746
HOSP-STD-25-03,2d6e6d85cbec6219069261e929485a64f4ffcd10e2507b980fb2121f19a54ec7,25,14,dmab,239.0037505,239.0037505,239.0,0.0,0.0,10,3030,3030,1.202683250005066,597,592,643,567,601,602,599,661,597,605,9,0.01003079448746975
HOSP-STD-25-03,2d6e6d85cbec6219069261e929485a64f4ffcd10e2507b980fb2121f19a54ec7,25,14,linucb,239.0037505,234.5041655,234.5,0.0,0.0,9,3030,3030,1.2688846669989289,479,541,1046,450,484,483,550,1121,470,485,0,0.01346265637018389
HOSP-STD-25-03,2d6e6d85cbec6219069261e929485a64f4ffcd10e2507b980fb2121f19a54ec7,25,15,dmab,239.0037505,236.0042595,236.0,0.0,0.0,10,3030,3030,1.152217875001952,595,606,624,582,593,598,612,630,626,598,24,0.021563626710396223
HOSP-STD-25-03,2d6e6d85cbec6219069261e929485a64f4ffcd10e2507b980fb2121f19a54ec7,25,15,linucb,239.0037505,234.5044205,234.5,0.0,0.0,6,3030,3030,1.257725457995548,487,883,406,489,735,491,903,470,528,743,0,0.01706929398792007
HOSP-STD-25-03,2d6e6d85cbec6219069261e929485a64f4ffcd10e2507b980fb2121f19a54ec7,25,16,dmab,239.0037505,237.0042065,237.0,0.0,0.0,7,3030,3030,1.1577273750008317,605,597,616,589,593,608,607,638,615,596,17,0.016021021347250097
HOSP-STD-25-03,2d6e6d85cbec6219069261e929485a64f4ffcd10e2507b980fb2121f19a54ec7,25,16,linucb,239.0037505,232.5041445,232.5,0.0,0.0,4,3030,3030,1.2583874580013799,715,542,653,490,600,736,548,698,528,601,0,0.008560953256533405
HOSP-STD-25-03,2d6e6d85cbec6219069261e929485a64f4ffcd10e2507b980fb2121f19a54ec7,25,17,dmab,239.0037505,231.0038965,231.0,0.0,0.0,10,3030,3030,1.1897678749955958,593,595,623,585,604,595,603,656,617,607,29,0.018249828078186016
HOSP-STD-25-03,2d6e6d85cbec6219069261e929485a64f4ffcd10e2507b980fb2121f19a54ec7,25,17,linucb,239.0037505,231.0038965,231.0,0.0,0.0,10,3030,3030,1.2951498330003233,407,797,516,888,392,411,806,535,1079,394,0,0.01616825184855554
HOSP-STD-25-03,2d6e6d85cbec6219069261e929485a64f4ffcd10e2507b980fb2121f19a54ec7,25,18,dmab,239.0037505,231.0037905,231.0,0.0,0.0,8,3030,3030,1.158122959001048,587,594,639,576,604,588,598,653,618,606,23,0.016233717908400197
HOSP-STD-25-03,2d6e6d85cbec6219069261e929485a64f4ffcd10e2507b980fb2121f19a54ec7,25,18,linucb,239.0037505,231.0037275,231.0,0.0,0.0,9,3030,3030,1.283691374999762,572,296,809,530,793,578,303,915,544,799,0,0.017651993206552915
HOSP-STD-25-03,2d6e6d85cbec6219069261e929485a64f4ffcd10e2507b980fb2121f19a54ec7,25,19,dmab,239.0037505,239.0037505,239.0,0.0,0.0,10,3030,3030,1.152790415995696,624,598,623,563,592,628,603,634,587,592,23,0.017329877623963617
HOSP-STD-25-03,2d6e6d85cbec6219069261e929485a64f4ffcd10e2507b980fb2121f19a54ec7,25,19,linucb,239.0037505,233.0040865,233.0,0.0,0.0,9,3030,3030,1.284157458001573,714,573,795,432,486,731,588,864,445,487,0,0.012593540575701829
HOSP-STD-30-01,2f04176e649b56a7972631b0814e3932667b13b8da7df0c9bd837592c1400685,30,0,dmab,269.40525549999995,254.5061855,254.5,0.0,0.0,9,3030,3030,1.59306258399738,597,621,624,571,587,600,627,637,596,589,22,0.018307353968205473
HOSP-STD-30-01,2f04176e649b56a7972631b0814e3932667b13b8da7df0c9bd837592c1400685,30,0,linucb,269.40525549999995,254.5053545,254.5,0.0,0.0,16,3030,3030,1.847826167002495,561,738,739,331,631,574,768,766,361,638,0,0.017809339281183154
HOSP-STD-30-01,2f04176e649b56a7972631b0814e3932667b13b8da7df0c9bd837592c1400685,30,1,dmab,269.40525549999995,252.0052495,252.0,0.0,0.0,11,3030,3030,1.809432417001517,592,581,647,557,623,597,587,655,594,624,15,0.01245843599674445
HOSP-STD-30-01,2f04176e649b56a7972631b0814e3932667b13b8da7df0c9bd837592c1400685,30,1,linucb,269.40525549999995,260.0055005,260.0,0.0,0.0,13,3030,3030,1.928267417002644,554,689,654,717,386,558,695,731,819,387,0,0.01646844256904263
HOSP-STD-30-01,2f04176e649b56a7972631b0814e3932667b13b8da7df0c9bd837592c1400685,30,2,dmab,269.40525549999995,251.0057445,251.0,0.0,0.0,13,3030,3030,1.8930720419957652,580,593,633,582,612,582,594,652,615,619,13,0.01301132917084709
HOSP-STD-30-01,2f04176e649b56a7972631b0814e3932667b13b8da7df0c9bd837592c1400685,30,2,linucb,269.40525549999995,254.0057655,254.0,0.0,0.0,10,3030,3030,1.7883754999929806,773,570,684,412,561,800,577,716,454,565,0,0.016077230838084617
HOSP-STD-30-01,2f04176e649b56a7972631b0814e3932667b13b8da7df0c9bd837592c1400685,30,3,dmab,269.40525549999995,268.0052855,268.0,0.0,0.0,14,3030,3030,1.6277762500030803,589,597,628,582,604,594,603,646,606,605,17,0.014831713466703311
HOSP-STD-30-01,2f04176e649b56a7972631b0814e3932667b13b8da7df0c9bd837592c1400685,30,3,linucb,269.40525549999995,269.0054435,269.0,0.0,0.0,10,3030,3030,1.8092348340069293,490,822,824,401,463,495,834,962,434,463,0,0.016312767813964707
HOSP-STD-30-01,2f04176e649b56a7972631b0814e3932667b13b8da7df0c9bd837592c1400685,30,4,dmab,269.40525549999995,248.5052795,248.5,0.0,0.0,10,3030,3030,1.6062553330048104,609,593,628,587,583,612,601,636,608,586,11,0.011609981079229535
HOSP-STD-30-01,2f04176e649b56a7972631b0814e3932667b13b8da7df0c9bd837592c1400685,30,4,linucb,269.40525549999995,265.0055765,265.0,0.0,0.0,11,3030,3030,1.7257115829997929,461,451,1141,402,545,468,458,1233,461,548,0,0.01865377371353223
HOSP-STD-30-01,2f04176e649b56a7972631b0814e3932667b13b8da7df0c9bd837592c1400685,30,5,dmab,269.40525549999995,248.5052815,248.5,0.0,0.0,13,3030,3030,1.7188095410019741,599,592,627,571,611,604,596,648,598,613,21,0.016282550323150638
HOSP-STD-30-01,2f04176e649b56a7972631b0814e3932667b13b8da7df0c9bd837592c1400685,30,5,linucb,269.40525549999995,260.0055045,260.0,0.0,0.0,14,3030,3030,1.8789071659994079,612,585,554,562,687,620,593,575,714,691,0,0.013905419282611832
HOSP-STD-30-01,2f04176e649b56a7972631b0814e3932667b13b8da7df0c9bd837592c1400685,30,6,dmab,269.40525549999995,253.90532050000002,252.0,1.0,1.0,10,3030,3030,1.623802499998419,595,606,623,564,612,597,612,633,590,614,18,0.014901792438616073
HOSP-STD-30-01,2f04176e649b56a7972631b0814e3932667b13b8da7df0c9bd837592c1400685,30,6,linucb,269.40525549999995,255.5052205,255.5,0.0,0.0,11,3030,3030,1.8032078340038424,601,595,798,409,597,607,600,841,433,605,0,0.013797081350305466
HOSP-STD-30-01,2f04176e649b56a7972631b0814e3932667b13b8da7df0c9bd837592c1400685,30,7,dmab,269.40525549999995,256.5053325,256.5,0.0,0.0,13,3030,3030,1.6130922499942244,603,577,686,560,574,605,585,706,587,579,13,0.013093258887817068
HOSP-STD-30-01,2f04176e649b56a7972631b0814e3932667b13b8da7df0c9bd837592c1400685,30,7,linucb,269.40525549999995,267.5055415,267.5,0.0,0.0,13,3030,3030,1.7400769160012715,621,440,550,432,957,635,442,559,467,971,0,0.01303136576215258
HOSP-STD-30-01,2f04176e649b56a7972631b0814e3932667b13b8da7df0c9bd837592c1400685,30,8,dmab,269.40525549999995,257.5057975,257.5,0.0,0.0,12,3030,3030,1.6155884159961715,597,607,629,566,601,600,612,647,596,601,27,0.019305947736049253
HOSP-STD-30-01,2f04176e649b56a7972631b0814e3932667b13b8da7df0c9bd837592c1400685,30,8,linucb,269.40525549999995,267.055204,258.5,4.5,4.5,16,3030,3030,1.9902928750016144,690,558,895,406,451,710,570,962,446,452,0,0.013866001553064227
HOSP-STD-30-01,2f04176e649b56a7972631b0814e3932667b13b8da7df0c9bd837592c1400685,30,9,dmab,269.40525549999995,260.5055095,260.5,0.0,0.0,14,3030,3030,2.0766088329983177,591,599,633,573,604,593,606,640,593,605,17,0.012263586079769935
HOSP-STD-30-01,2f04176e649b56a7972631b0814e3932667b13b8da7df0c9bd837592c1400685,30,9,linucb,269.40525549999995,257.0053825,257.0,0.0,0.0,17,3030,3030,2.041006457999174,346,499,1111,698,346,352,509,1315,800,348,0,0.024093025414272193
HOSP-STD-30-01,2f04176e649b56a7972631b0814e3932667b13b8da7df0c9bd837592c1400685,30,10,dmab,269.40525549999995,250.5056425,250.5,0.0,0.0,11,3030,3030,1.8921008329998585,591,590,631,572,616,595,595,640,601,616,15,0.013590793013192236
HOSP-STD-30-01,2f04176e649b56a7972631b0814e3932667b13b8da7df0c9bd837592c1400685,30,10,linucb,269.40525549999995,256.0059145,256.0,0.0,0.0,10,3030,3030,2.1787272920046235,507,672,561,836,424,514,680,571,955,433,0,0.014706594598461109
HOSP-STD-30-01,2f04176e649b56a7972631b0814e3932667b13b8da7df0c9bd837592c1400685,30,11,dmab,269.40525549999995,245.5054145,245.5,0.0,0.0,6,3030,3030,1.7762112920026993,603,609,599,592,597,606,613,606,626,598,8,0.010256645056428728
HOSP-STD-30-01,2f04176e649b56a7972631b0814e3932667b13b8da7df0c9bd837592c1400685,30,11,linucb,269.40525549999995,263.5054565,263.5,0.0,0.0,14,3030,3030,1.9917155829971307,376,856,655,588,525,380,882,694,725,528,0,0.014031420945436348
HOSP-STD-30-01,2f04176e649b56a7972631b0814e3932667b13b8da7df0c9bd837592c1400685,30,12,dmab,269.40525549999995,262.5053005,262.5,0.0,0.0,12,3030,3030,1.7650154580042,582,609,611,601,597,585,614,618,628,598,16,0.0108862491573282
HOSP-STD-30-01,2f04176e649b56a7972631b0814e3932667b13b8da7df0c9bd837592c1400685,30,12,linucb,269.40525549999995,266.5060315,266.5,0.0,0.0,12,3030,3030,1.732079875000636,373,879,838,268,642,375,907,900,288,648,0,0.020357095570221122
HOSP-STD-30-01,2f04176e649b56a7972631b0814e3932667b13b8da7df0c9bd837592c1400685,30,13,dmab,269.40525549999995,252.5053855,252.5,0.0,0.0,13,3030,3030,1.636229874995479,592,590,640,585,593,594,597,656,619,596,8,0.014094617731637638
HOSP-STD-30-01,2f04176e649b56a7972631b0814e3932667b13b8da7df0c9bd837592c1400685,30,13,linucb,269.40525549999995,260.0056745,260.0,0.0,0.0,18,3030,3030,1.7495057080013794,559,540,910,440,551,560,544,974,527,553,0,0.01409803163682775
HOSP-STD-30-01,2f04176e649b56a7972631b0814e3932667b13b8da7df0c9bd837592c1400685,30,14,dmab,269.40525549999995,257.0057685,257.0,0.0,0.0,9,3030,3030,1.6055800410031225,599,594,619,592,596,602,605,627,624,597,17,0.011742221917542862
HOSP-STD-30-01,2f04176e649b56a7972631b0814e3932667b13b8da7df0c9bd837592c1400685,30,14,linucb,269.40525549999995,263.055222,254.5,4.5,4.5,14,3030,3030,1.7408283749973634,518,553,924,509,496,526,561,1058,538,504,0,0.015654181397981925
HOSP-STD-30-01,2f04176e649b56a7972631b0814e3932667b13b8da7df0c9bd837592c1400685,30,15,dmab,269.40525549999995,248.0055195,248.0,0.0,0.0,7,3030,3030,1.6415113339971867,601,597,620,574,608,605,608,639,603,611,33,0.019781386999210462
HOSP-STD-30-01,2f04176e649b56a7972631b0814e3932667b13b8da7df0c9bd837592c1400685,30,15,linucb,269.40525549999995,262.5061515,262.5,0.0,0.0,14,3030,3030,1.9000959590048296,398,439,1099,388,676,406,444,1213,458,679,0,0.01748971539210874
HOSP-STD-30-01,2f04176e649b56a7972631b0814e3932667b13b8da7df0c9bd837592c1400685,30,16,dmab,269.40525549999995,268.5056555,268.5,0.0,0.0,17,3030,3030,1.7736639580034534,576,588,621,588,627,578,591,636,629,628,14,0.013084902167025453
HOSP-STD-30-01,2f04176e649b56a7972631b0814e3932667b13b8da7df0c9bd837592c1400685,30,16,linucb,269.40525549999995,261.0055525,261.0,0.0,0.0,8,3030,3030,1.7439569160051178,543,548,817,391,701,546,551,850,420,713,0,0.013083203751754575
HOSP-STD-30-01,2f04176e649b56a7972631b0814e3932667b13b8da7df0c9bd837592c1400685,30,17,dmab,269.40525549999995,269.40525549999995,267.5,1.0,1.0,16,3030,3030,1.6030323750019306,602,607,608,561,622,609,614,620,588,624,20,0.014602416776164204
HOSP-STD-30-01,2f04176e649b56a7972631b0814e3932667b13b8da7df0c9bd837592c1400685,30,17,linucb,269.40525549999995,261.956084,261.0,0.5,0.5,11,3030,3030,1.7466202499999781,381,764,938,495,422,383,775,1026,607,423,0,0.017541796877331747
HOSP-STD-30-01,2f04176e649b56a7972631b0814e3932667b13b8da7df0c9bd837592c1400685,30,18,dmab,269.40525549999995,267.055204,258.5,4.5,4.5,16,3030,3030,1.58886816699669,586,586,639,591,598,589,590,653,628,599,29,0.017991987378533778
HOSP-STD-30-01,2f04176e649b56a7972631b0814e3932667b13b8da7df0c9bd837592c1400685,30,18,linucb,269.40525549999995,251.5054335,251.5,0.0,0.0,9,3030,3030,1.7119324169980246,652,651,497,454,746,657,659,520,560,756,0,0.020691809589314655
HOSP-STD-30-01,2f04176e649b56a7972631b0814e3932667b13b8da7df0c9bd837592c1400685,30,19,dmab,269.40525549999995,256.9052745,255.0,1.0,1.0,16,3030,3030,1.6189689169987105,590,601,632,580,597,593,611,644,615,600,17,0.01499430938285213
HOSP-STD-30-01,2f04176e649b56a7972631b0814e3932667b13b8da7df0c9bd837592c1400685,30,19,linucb,269.40525549999995,256.9052745,255.0,1.0,1.0,16,3030,3030,1.7063797089940635,562,813,415,475,735,574,832,459,552,738,0,0.017964760766022495
HOSP-STD-30-02,ae1dbf281b4091bae360735878ddd7e10635385b4d42b9720ddcbcdc944e2c38,30,0,dmab,310.30609,286.006533,286.0,0.0,0.0,10,3030,3030,1.5667164999977103,612,613,617,562,596,616,622,623,614,599,15,0.011569965771538671
HOSP-STD-30-02,ae1dbf281b4091bae360735878ddd7e10635385b4d42b9720ddcbcdc944e2c38,30,0,linucb,310.30609,286.006428,286.0,0.0,0.0,11,3030,3030,1.6828716669988353,570,571,903,350,606,579,590,980,417,618,0,0.015962084195640505
HOSP-STD-30-02,ae1dbf281b4091bae360735878ddd7e10635385b4d42b9720ddcbcdc944e2c38,30,1,dmab,310.30609,296.00642,296.0,0.0,0.0,7,3030,3030,1.5568467080011033,615,595,624,560,606,622,606,636,625,609,15,0.011661622571871972
HOSP-STD-30-02,ae1dbf281b4091bae360735878ddd7e10635385b4d42b9720ddcbcdc944e2c38,30,1,linucb,310.30609,286.506177,286.5,0.0,0.0,8,3030,3030,1.709129082999425,592,410,788,492,718,599,419,884,630,721,0,0.019028562738380887
HOSP-STD-30-02,ae1dbf281b4091bae360735878ddd7e10635385b4d42b9720ddcbcdc944e2c38,30,2,dmab,310.30609,286.506364,286.5,0.0,0.0,9,3030,3030,1.5494318749988452,591,619,622,570,598,593,630,634,617,601,22,0.013013285167343434
HOSP-STD-30-02,ae1dbf281b4091bae360735878ddd7e10635385b4d42b9720ddcbcdc944e2c38,30,2,linucb,310.30609,296.006546,296.0,0.0,0.0,9,3030,3030,1.662309291998099,655,515,544,612,674,666,531,588,702,682,0,0.013498049098338145
HOSP-STD-30-02,ae1dbf281b4091bae360735878ddd7e10635385b4d42b9720ddcbcdc944e2c38,30,3,dmab,310.30609,291.006325,291.0,0.0,0.0,5,3030,3030,1.5722924170040642,613,616,641,531,599,614,628,648,579,603,4,0.009517594165382531
HOSP-STD-30-02,ae1dbf281b4091bae360735878ddd7e10635385b4d42b9720ddcbcdc944e2c38,30,3,linucb,310.30609,306.506278,306.5,0.0,0.0,16,3030,3030,1.7079714579958818,471,406,609,494,1020,480,412,729,636,1044,0,0.020706574257050532
HOSP-STD-30-02,ae1dbf281b4091bae360735878ddd7e10635385b4d42b9720ddcbcdc944e2c38,30,4,dmab,310.30609,282.505998,282.5,0.0,0.0,6,3030,3030,1.536381124999025,591,596,637,565,611,595,606,652,617,611,16,0.012973935305835162
HOSP-STD-30-02,ae1dbf281b4091bae360735878ddd7e10635385b4d42b9720ddcbcdc944e2c38,30,4,linucb,310.30609,295.506692,295.5,0.0,0.0,15,3030,3030,1.6913082500032033,547,592,575,655,631,555,601,659,794,639,0,0.015389106618350079
HOSP-STD-30-02,ae1dbf281b4091bae360735878ddd7e10635385b4d42b9720ddcbcdc944e2c38,30,5,dmab,310.30609,284.50589,284.5,0.0,0.0,8,3030,3030,1.5631787910024286,592,625,637,549,597,594,636,646,609,600,13,0.010026719601281438
HOSP-STD-30-02,ae1dbf281b4091bae360735878ddd7e10635385b4d42b9720ddcbcdc944e2c38,30,5,linucb,310.30609,297.006342,297.0,0.0,0.0,11,3030,3030,1.6744037089956691,672,562,943,443,380,678,577,1024,527,385,0,0.016392080955721252
HOSP-STD-30-02,ae1dbf281b4091bae360735878ddd7e10635385b4d42b9720ddcbcdc944e2c38,30,6,dmab,310.30609,297.006451,297.0,0.0,0.0,7,3030,3030,1.5346069579973118,586,596,625,568,625,586,600,645,626,625,13,0.013757269024272127
HOSP-STD-30-02,ae1dbf281b4091bae360735878ddd7e10635385b4d42b9720ddcbcdc944e2c38,30,6,linucb,310.30609,283.506268,283.5,0.0,0.0,11,3030,3030,1.7156889170000795,377,592,1051,469,511,378,602,1171,586,511,0,0.01636146511014333
HOSP-STD-30-02,ae1dbf281b4091bae360735878ddd7e10635385b4d42b9720ddcbcdc944e2c38,30,7,dmab,310.30609,293.006239,293.0,0.0,0.0,14,3030,3030,1.5660208749977755,585,595,629,587,604,588,606,648,653,608,12,0.012326202003748397
HOSP-STD-30-02,ae1dbf281b4091bae360735878ddd7e10635385b4d42b9720ddcbcdc944e2c38,30,7,linucb,310.30609,306.506137,306.5,0.0,0.0,15,3030,3030,1.6520778330013854,641,713,768,434,444,646,737,782,561,450,0,0.013480663350822408
HOSP-STD-30-02,ae1dbf281b4091bae360735878ddd7e10635385b4d42b9720ddcbcdc944e2c38,30,8,dmab,310.30609,306.506088,306.5,0.0,0.0,16,3030,3030,1.5534296669939067,604,587,637,558,614,605,594,640,614,615,14,0.011425914317913228
HOSP-STD-30-02,ae1dbf281b4091bae360735878ddd7e10635385b4d42b9720ddcbcdc944e2c38,30,8,linucb,310.30609,294.50677,294.5,0.0,0.0,13,3030,3030,1.65965700000379,485,503,823,420,769,490,520,896,492,775,0,0.01561194285079397
HOSP-STD-30-02,ae1dbf281b4091bae360735878ddd7e10635385b4d42b9720ddcbcdc944e2c38,30,9,dmab,310.30609,302.506532,302.5,0.0,0.0,10,3030,3030,1.539070750004612,609,591,646,536,618,613,599,666,588,618,9,0.010837756320971106
HOSP-STD-30-02,ae1dbf281b4091bae360735878ddd7e10635385b4d42b9720ddcbcdc944e2c38,30,9,linucb,310.30609,305.3565765,302.5,1.5,1.5,13,3030,3030,1.7866792089989758,547,950,627,441,435,554,974,664,536,436,0,0.014567986978061987
HOSP-STD-30-02,ae1dbf281b4091bae360735878ddd7e10635385b4d42b9720ddcbcdc944e2c38,30,10,dmab,310.30609,301.706462,296.0,3.0,3.0,12,3030,3030,1.5871407910017297,601,628,612,558,601,603,629,623,599,605,19,0.014932122301133914
HOSP-STD-30-02,ae1dbf281b4091bae360735878ddd7e10635385b4d42b9720ddcbcdc944e2c38,30,10,linucb,310.30609,299.006187,299.0,0.0,0.0,9,3030,3030,1.6278946670063306,1010,815,264,487,424,1027,831,270,535,425,0,0.016595806901501683
HOSP-STD-30-02,ae1dbf281b4091bae360735878ddd7e10635385b4d42b9720ddcbcdc944e2c38,30,11,dmab,310.30609,306.506088,306.5,0.0,0.0,16,3030,3030,1.5672552499963786,581,604,595,555,665,584,609,605,638,673,19,0.019292682938750368
HOSP-STD-30-02,ae1dbf281b4091bae360735878ddd7e10635385b4d42b9720ddcbcdc944e2c38,30,11,linucb,310.30609,300.006119,300.0,0.0,0.0,9,3030,3030,1.6533167499947012,359,643,950,484,564,362,666,1007,568,566,0,0.017382950508641314
HOSP-STD-30-02,ae1dbf281b4091bae360735878ddd7e10635385b4d42b9720ddcbcdc944e2c38,30,12,dmab,310.30609,306.506088,306.5,0.0,0.0,16,3030,3030,1.5417821659939364,590,631,633,560,586,593,638,638,602,590,27,0.01605532641442303
HOSP-STD-30-02,ae1dbf281b4091bae360735878ddd7e10635385b4d42b9720ddcbcdc944e2c38,30,12,linucb,310.30609,301.006633,301.0,0.0,0.0,8,3030,3030,1.696913833002327,573,545,680,383,819,582,550,778,462,839,0,0.016649164544810146
HOSP-STD-30-02,ae1dbf281b4091bae360735878ddd7e10635385b4d42b9720ddcbcdc944e2c38,30,13,dmab,310.30609,306.506088,306.5,0.0,0.0,16,3030,3030,1.5885146670043468,610,605,634,548,603,613,611,650,599,605,12,0.013209001408899182
HOSP-STD-30-02,ae1dbf281b4091bae360735878ddd7e10635385b4d42b9720ddcbcdc944e2c38,30,13,linucb,310.30609,286.006326,286.0,0.0,0.0,11,3030,3030,1.686813541004085,572,599,658,434,737,579,616,762,499,740,0,0.0153984752496049
HOSP-STD-30-02,ae1dbf281b4091bae360735878ddd7e10635385b4d42b9720ddcbcdc944e2c38,30,14,dmab,310.30609,292.006262,292.0,0.0,0.0,15,3030,3030,1.5352547919974313,595,615,636,555,599,598,622,649,601,600,27,0.017298169838260883
HOSP-STD-30-02,ae1dbf281b4091bae360735878ddd7e10635385b4d42b9720ddcbcdc944e2c38,30,14,linucb,310.30609,297.506545,297.5,0.0,0.0,12,3030,3030,1.671494458001689,449,855,694,293,709,450,891,707,416,714,0,0.015339402287163182
HOSP-STD-30-02,ae1dbf281b4091bae360735878ddd7e10635385b4d42b9720ddcbcdc944e2c38,30,15,dmab,310.30609,293.506036,293.5,0.0,0.0,7,3030,3030,1.5245486670028185,613,613,610,546,618,617,617,616,591,619,10,0.01061890253802838
HOSP-STD-30-02,ae1dbf281b4091bae360735878ddd7e10635385b4d42b9720ddcbcdc944e2c38,30,15,linucb,310.30609,306.506088,306.5,0.0,0.0,16,3030,3030,1.6780435420005233,682,611,974,474,259,689,622,1038,520,272,0,0.014954967776064799
HOSP-STD-30-02,ae1dbf281b4091bae360735878ddd7e10635385b4d42b9720ddcbcdc944e2c38,30,16,dmab,310.30609,301.506183,301.5,0.0,0.0,5,3030,3030,1.55490912499954,604,591,647,547,611,612,605,671,622,615,39,0.020059531880279896
HOSP-STD-30-02,ae1dbf281b4091bae360735878ddd7e10635385b4d42b9720ddcbcdc944e2c38,30,16,linucb,310.30609,300.006193,300.0,0.0,0.0,12,3030,3030,1.6790247909957543,866,484,709,551,390,883,497,732,689,399,0,0.01631214276200639
HOSP-STD-30-02,ae1dbf281b4091bae360735878ddd7e10635385b4d42b9720ddcbcdc944e2c38,30,17,dmab,310.30609,302.006425,302.0,0.0,0.0,11,3030,3030,1.534638958000869,591,593,623,565,628,596,601,635,611,629,29,0.018673301228688946
HOSP-STD-30-02,ae1dbf281b4091bae360735878ddd7e10635385b4d42b9720ddcbcdc944e2c38,30,17,linucb,310.30609,292.006459,292.0,0.0,0.0,10,3030,3030,1.6768503749990487,440,1176,436,291,657,444,1215,486,348,664,0,0.018034877068209217
HOSP-STD-30-02,ae1dbf281b4091bae360735878ddd7e10635385b4d42b9720ddcbcdc944e2c38,30,18,dmab,310.30609,303.00636,303.0,0.0,0.0,10,3030,3030,1.5379818750006962,589,600,599,576,636,589,606,606,624,642,4,0.009674949434605045
HOSP-STD-30-02,ae1dbf281b4091bae360735878ddd7e10635385b4d42b9720ddcbcdc944e2c38,30,18,linucb,310.30609,304.006277,304.0,0.0,0.0,9,3030,3030,1.6297039999990375,568,494,724,459,755,581,505,736,522,762,0,0.010232256565337354
HOSP-STD-30-02,ae1dbf281b4091bae360735878ddd7e10635385b4d42b9720ddcbcdc944e2c38,30,19,dmab,310.30609,292.006386,292.0,0.0,0.0,12,3030,3030,1.5194296659974498,594,583,637,564,622,596,591,648,603,626,18,0.01728719942836658
HOSP-STD-30-02,ae1dbf281b4091bae360735878ddd7e10635385b4d42b9720ddcbcdc944e2c38,30,19,linucb,310.30609,287.50652,287.5,0.0,0.0,10,3030,3030,1.8244310829977621,411,711,468,545,865,413,725,486,724,885,0,0.019674804378906424
HOSP-STD-30-03,5c14c469ed592eb550dfc07626cff1cb866a9c8062b0ed4fd25d9fedcbdb1808,30,0,dmab,263.5070845,263.5070185,263.5,0.0,0.0,14,3030,3030,1.6285539999953471,593,612,663,560,572,594,617,679,575,574,17,0.01697990938962146
HOSP-STD-30-03,5c14c469ed592eb550dfc07626cff1cb866a9c8062b0ed4fd25d9fedcbdb1808,30,0,linucb,263.5070845,263.5070185,263.5,0.0,0.0,14,3030,3030,1.7163365000014892,422,514,934,576,554,424,515,974,665,556,0,0.01404239948243211
HOSP-STD-30-03,5c14c469ed592eb550dfc07626cff1cb866a9c8062b0ed4fd25d9fedcbdb1808,30,1,dmab,263.5070845,263.5070845,263.5,0.0,0.0,13,3030,3030,1.597059250001621,583,590,650,583,594,590,595,667,607,596,33,0.02122695253695668
HOSP-STD-30-03,5c14c469ed592eb550dfc07626cff1cb866a9c8062b0ed4fd25d9fedcbdb1808,30,1,linucb,263.5070845,263.5070845,263.5,0.0,0.0,13,3030,3030,1.70193958299933,461,503,954,553,529,461,504,998,590,529,0,0.00983057433951714
HOSP-STD-30-03,5c14c469ed592eb550dfc07626cff1cb866a9c8062b0ed4fd25d9fedcbdb1808,30,2,dmab,263.5070845,263.5070845,263.5,0.0,0.0,13,3030,3030,1.5848278339981334,579,581,656,577,607,581,589,676,598,609,23,0.01719950220414916
HOSP-STD-30-03,5c14c469ed592eb550dfc07626cff1cb866a9c8062b0ed4fd25d9fedcbdb1808,30,2,linucb,263.5070845,263.5070845,263.5,0.0,0.0,13,3030,3030,1.713775666001311,615,384,680,575,746,637,385,728,608,757,0,0.019666709053256334
HOSP-STD-30-03,5c14c469ed592eb550dfc07626cff1cb866a9c8062b0ed4fd25d9fedcbdb1808,30,3,dmab,263.5070845,263.5069925,263.5,0.0,0.0,12,3030,3030,1.5940176250005607,595,586,630,595,594,599,592,638,611,594,20,0.014632067258518051
HOSP-STD-30-03,5c14c469ed592eb550dfc07626cff1cb866a9c8062b0ed4fd25d9fedcbdb1808,30,3,linucb,263.5070845,263.5067675,263.5,0.0,0.0,11,3030,3030,1.7065880839945748,929,419,563,475,614,970,424,614,531,620,0,0.02313531297359357
HOSP-STD-30-03,5c14c469ed592eb550dfc07626cff1cb866a9c8062b0ed4fd25d9fedcbdb1808,30,4,dmab,263.5070845,263.5069365,263.5,0.0,0.0,13,3030,3030,1.5889106250033365,578,575,623,586,638,583,579,636,611,639,13,0.016536285006409378
HOSP-STD-30-03,5c14c469ed592eb550dfc07626cff1cb866a9c8062b0ed4fd25d9fedcbdb1808,30,4,linucb,263.5070845,263.5069525,263.5,0.0,0.0,13,3030,3030,1.6467643340001814,415,1236,535,387,427,418,1277,547,404,427,0,0.012151329073659109
HOSP-STD-30-03,5c14c469ed592eb550dfc07626cff1cb866a9c8062b0ed4fd25d9fedcbdb1808,30,5,dmab,263.5070845,262.5065495,262.5,0.0,0.0,11,3030,3030,1.630029125000874,585,599,634,582,600,591,606,646,601,601,19,0.014589501376385199
HOSP-STD-30-03,5c14c469ed592eb550dfc07626cff1cb866a9c8062b0ed4fd25d9fedcbdb1808,30,5,linucb,263.5070845,263.5069365,263.5,0.0,0.0,12,3030,3030,1.7338497079981607,421,659,971,403,546,422,679,1127,423,547,0,0.021141913801815335
HOSP-STD-30-03,5c14c469ed592eb550dfc07626cff1cb866a9c8062b0ed4fd25d9fedcbdb1808,30,6,dmab,263.5070845,263.5070845,263.5,0.0,0.0,13,3030,3030,1.5900781250020373,594,575,622,578,631,598,580,645,596,634,32,0.025885536545539566
HOSP-STD-30-03,5c14c469ed592eb550dfc07626cff1cb866a9c8062b0ed4fd25d9fedcbdb1808,30,6,linucb,263.5070845,263.5070845,263.5,0.0,0.0,13,3030,3030,1.7031195409945212,480,444,1009,446,621,485,450,1139,473,623,0,0.017308163557806233
HOSP-STD-30-03,5c14c469ed592eb550dfc07626cff1cb866a9c8062b0ed4fd25d9fedcbdb1808,30,7,dmab,263.5070845,263.5070185,263.5,0.0,0.0,13,3030,3030,1.577609667001525,588,592,646,572,602,591,598,675,595,602,33,0.020497746446104873
HOSP-STD-30-03,5c14c469ed592eb550dfc07626cff1cb866a9c8062b0ed4fd25d9fedcbdb1808,30,7,linucb,263.5070845,263.5070185,263.5,0.0,0.0,13,3030,3030,1.7603390000003856,539,529,554,791,587,547,537,655,949,588,0,0.01815497967886071
HOSP-STD-30-03,5c14c469ed592eb550dfc07626cff1cb866a9c8062b0ed4fd25d9fedcbdb1808,30,8,dmab,263.5070845,263.5070845,263.5,0.0,0.0,13,3030,3030,1.5933734589998494,586,623,639,573,579,589,633,650,601,581,16,0.016651585903249857
HOSP-STD-30-03,5c14c469ed592eb550dfc07626cff1cb866a9c8062b0ed4fd25d9fedcbdb1808,30,8,linucb,263.5070845,263.5070845,263.5,0.0,0.0,13,3030,3030,1.7218908329959959,374,374,1285,392,575,376,376,1450,401,584,0,0.017622951989361032
HOSP-STD-30-03,5c14c469ed592eb550dfc07626cff1cb866a9c8062b0ed4fd25d9fedcbdb1808,30,9,dmab,263.5070845,263.5070845,263.5,0.0,0.0,13,3030,3030,1.5883174579939805,612,607,622,559,600,622,616,641,591,603,25,0.016201271559487553
HOSP-STD-30-03,5c14c469ed592eb550dfc07626cff1cb866a9c8062b0ed4fd25d9fedcbdb1808,30,9,linucb,263.5070845,263.5070845,263.5,0.0,0.0,13,3030,3030,1.7026670830018702,451,334,643,356,1216,451,336,795,366,1236,0,0.02459788295432589
HOSP-STD-30-03,5c14c469ed592eb550dfc07626cff1cb866a9c8062b0ed4fd25d9fedcbdb1808,30,10,dmab,263.5070845,263.5070845,263.5,0.0,0.0,13,3030,3030,1.6827800419996493,589,591,633,587,600,593,594,643,608,601,24,0.01973072409494679
HOSP-STD-30-03,5c14c469ed592eb550dfc07626cff1cb866a9c8062b0ed4fd25d9fedcbdb1808,30,10,linucb,263.5070845,263.5070845,263.5,0.0,0.0,13,3030,3030,1.7684802499934449,315,340,1123,683,539,315,347,1260,738,545,0,0.028418677702256104
HOSP-STD-30-03,5c14c469ed592eb550dfc07626cff1cb866a9c8062b0ed4fd25d9fedcbdb1808,30,11,dmab,263.5070845,263.5064265,263.5,0.0,0.0,13,3030,3030,1.5937297080017743,590,573,643,584,610,592,579,677,613,611,14,0.018099350512908115
HOSP-STD-30-03,5c14c469ed592eb550dfc07626cff1cb866a9c8062b0ed4fd25d9fedcbdb1808,30,11,linucb,263.5070845,263.5070845,263.5,0.0,0.0,13,3030,3030,1.705054124999151,530,659,1104,464,243,532,668,1177,486,244,0,0.013129795599480363
HOSP-STD-30-03,5c14c469ed592eb550dfc07626cff1cb866a9c8062b0ed4fd25d9fedcbdb1808,30,12,dmab,263.5070845,263.5070845,263.5,0.0,0.0,13,3030,3030,1.5896100829995703,584,574,623,578,641,587,581,633,595,644,24,0.021416747184267813
HOSP-STD-30-03,5c14c469ed592eb550dfc07626cff1cb866a9c8062b0ed4fd25d9fedcbdb1808,30,12,linucb,263.5070845,263.5070845,263.5,0.0,0.0,13,3030,3030,1.652242791999015,344,392,603,345,1316,345,397,627,353,1329,0,0.02101453967613029
HOSP-STD-30-03,5c14c469ed592eb550dfc07626cff1cb866a9c8062b0ed4fd25d9fedcbdb1808,30,13,dmab,263.5070845,263.5070845,263.5,0.0,0.0,13,3030,3030,1.5996455420026905,580,581,674,586,579,582,586,685,603,580,17,0.014674988040659922
HOSP-STD-30-03,5c14c469ed592eb550dfc07626cff1cb866a9c8062b0ed4fd25d9fedcbdb1808,30,13,linucb,263.5070845,263.5070845,263.5,0.0,0.0,13,3030,3030,1.6992342500016093,414,658,617,425,886,414,668,702,443,895,0,0.01810119298772276
HOSP-STD-30-03,5c14c469ed592eb550dfc07626cff1cb866a9c8062b0ed4fd25d9fedcbdb1808,30,14,dmab,263.5070845,263.5070845,263.5,0.0,0.0,13,3030,3030,1.6308485839981586,598,600,631,564,607,600,609,647,597,610,10,0.011675101826341952
HOSP-STD-30-03,5c14c469ed592eb550dfc07626cff1cb866a9c8062b0ed4fd25d9fedcbdb1808,30,14,linucb,263.5070845,263.5070845,263.5,0.0,0.0,13,3030,3030,1.7151629170039087,441,581,1027,444,507,443,595,1168,462,508,0,0.012665394905160481
HOSP-STD-30-03,5c14c469ed592eb550dfc07626cff1cb866a9c8062b0ed4fd25d9fedcbdb1808,30,15,dmab,263.5070845,263.5069635,263.5,0.0,0.0,12,3030,3030,1.5911761250026757,586,599,631,591,593,590,605,649,616,597,18,0.014992555665677618
HOSP-STD-30-03,5c14c469ed592eb550dfc07626cff1cb866a9c8062b0ed4fd25d9fedcbdb1808,30,15,linucb,263.5070845,263.5069665,263.5,0.0,0.0,12,3030,3030,1.7684827080011019,416,446,1069,592,477,417,447,1292,648,477,0,0.018658417352722056
HOSP-STD-30-03,5c14c469ed592eb550dfc07626cff1cb866a9c8062b0ed4fd25d9fedcbdb1808,30,16,dmab,263.5070845,263.5070845,263.5,0.0,0.0,13,3030,3030,1.5714434580004308,587,569,670,570,604,589,571,684,583,607,19,0.017862840968512945
HOSP-STD-30-03,5c14c469ed592eb550dfc07626cff1cb866a9c8062b0ed4fd25d9fedcbdb1808,30,16,linucb,263.5070845,263.5070845,263.5,0.0,0.0,13,3030,3030,1.7407071250054287,521,482,1103,446,448,525,490,1253,470,448,0,0.019774866813875015
HOSP-STD-30-03,5c14c469ed592eb550dfc07626cff1cb866a9c8062b0ed4fd25d9fedcbdb1808,30,17,dmab,263.5070845,263.5069685,263.5,0.0,0.0,14,3030,3030,1.6040932499963674,571,605,640,575,609,574,610,653,589,615,21,0.015922356027458767
HOSP-STD-30-03,5c14c469ed592eb550dfc07626cff1cb866a9c8062b0ed4fd25d9fedcbdb1808,30,17,linucb,263.5070845,263.5069825,263.5,0.0,0.0,12,3030,3030,1.686907166003948,387,1069,717,370,457,389,1110,759,379,460,0,0.015563623063930675
HOSP-STD-30-03,5c14c469ed592eb550dfc07626cff1cb866a9c8062b0ed4fd25d9fedcbdb1808,30,18,dmab,263.5070845,263.5069365,263.5,0.0,0.0,12,3030,3030,1.570260500004224,593,587,635,584,601,594,595,646,607,605,17,0.012392314316189347
HOSP-STD-30-03,5c14c469ed592eb550dfc07626cff1cb866a9c8062b0ed4fd25d9fedcbdb1808,30,18,linucb,263.5070845,263.5069365,263.5,0.0,0.0,12,3030,3030,1.7564950000014505,438,783,861,472,446,441,794,1052,509,446,0,0.02074195402451628
HOSP-STD-30-03,5c14c469ed592eb550dfc07626cff1cb866a9c8062b0ed4fd25d9fedcbdb1808,30,19,dmab,263.5070845,263.5070565,263.5,0.0,0.0,12,3030,3030,1.6022941249975702,582,592,640,591,595,584,597,657,617,597,22,0.017315723578455323
HOSP-STD-30-03,5c14c469ed592eb550dfc07626cff1cb866a9c8062b0ed4fd25d9fedcbdb1808,30,19,linucb,263.5070845,263.5070565,263.5,0.0,0.0,12,3030,3030,1.6412613749998854,536,549,544,457,914,543,562,568,481,923,0,0.010207665631724847
