variant,policy,memory,exploration,ph_lambda,instance_id,seed,objective,makespan_minutes,dmab_restarts,repaired_candidates,evaluated_swap,evaluated_insert,evaluated_room_1,evaluated_room_2,evaluated_room_pair
uniform|solution|C=1.0|lambda=0.35,uniform,solution,1.0,0.35,HOSP-STD-15-01,0,145.5015295,145.5,0,747,607,620,575,590,608
uniform|solution|C=1.0|lambda=0.35,uniform,solution,1.0,0.35,HOSP-STD-15-01,1,143.0017185,143.0,0,832,617,597,583,578,625
uniform|solution|C=1.0|lambda=0.35,uniform,solution,1.0,0.35,HOSP-STD-15-01,2,147.5017585,147.5,0,746,639,588,628,578,567
uniform|solution|C=1.0|lambda=0.35,uniform,solution,1.0,0.35,HOSP-STD-15-01,3,141.0013355,141.0,0,542,628,620,590,543,619
uniform|solution|C=1.0|lambda=0.35,uniform,solution,1.0,0.35,HOSP-STD-15-01,4,147.5017555,147.5,0,693,592,598,642,595,573
uniform|solution|C=1.0|lambda=0.35,uniform,solution,1.0,0.35,HOSP-STD-15-01,5,146.0016275,146.0,0,720,611,633,574,573,609
uniform|solution|C=1.0|lambda=0.35,uniform,solution,1.0,0.35,HOSP-STD-15-02,0,174.0017655,174.0,0,1312,634,590,599,554,623
uniform|solution|C=1.0|lambda=0.35,uniform,solution,1.0,0.35,HOSP-STD-15-02,1,171.5019055,171.5,0,1385,591,617,596,552,644
uniform|solution|C=1.0|lambda=0.35,uniform,solution,1.0,0.35,HOSP-STD-15-02,2,174.0019885,174.0,0,1260,660,591,626,551,572
uniform|solution|C=1.0|lambda=0.35,uniform,solution,1.0,0.35,HOSP-STD-15-02,3,171.5015955,171.5,0,1247,599,598,626,548,629
uniform|solution|C=1.0|lambda=0.35,uniform,solution,1.0,0.35,HOSP-STD-15-02,4,163.5018405,163.5,0,1277,613,575,660,560,592
uniform|solution|C=1.0|lambda=0.35,uniform,solution,1.0,0.35,HOSP-STD-15-02,5,167.5018985,167.5,0,1414,615,636,594,546,609
uniform|solution|C=1.0|lambda=0.35,uniform,solution,1.0,0.35,HOSP-STD-15-03,0,158.9515165,158.0,0,379,594,606,606,586,608
uniform|solution|C=1.0|lambda=0.35,uniform,solution,1.0,0.35,HOSP-STD-15-03,1,166.50149,166.5,0,500,612,589,580,569,650
uniform|solution|C=1.0|lambda=0.35,uniform,solution,1.0,0.35,HOSP-STD-15-03,2,151.001344,151.0,0,369,651,587,620,583,559
uniform|solution|C=1.0|lambda=0.35,uniform,solution,1.0,0.35,HOSP-STD-15-03,3,154.001462,154.0,0,427,609,581,615,584,611
uniform|solution|C=1.0|lambda=0.35,uniform,solution,1.0,0.35,HOSP-STD-15-03,4,155.501314,155.5,0,400,587,584,627,596,606
uniform|solution|C=1.0|lambda=0.35,uniform,solution,1.0,0.35,HOSP-STD-15-03,5,154.501258,154.5,0,237,597,631,577,563,632
uniform|solution|C=1.0|lambda=0.35,uniform,solution,1.0,0.35,HOSP-STD-20-01,0,181.5028135,181.5,0,851,609,597,586,602,606
uniform|solution|C=1.0|lambda=0.35,uniform,solution,1.0,0.35,HOSP-STD-20-01,1,176.0028145,176.0,0,907,616,596,583,593,612
uniform|solution|C=1.0|lambda=0.35,uniform,solution,1.0,0.35,HOSP-STD-20-01,2,181.0025495,181.0,0,815,627,562,627,586,598
uniform|solution|C=1.0|lambda=0.35,uniform,solution,1.0,0.35,HOSP-STD-20-01,3,180.0026085,180.0,0,729,593,583,626,596,602
uniform|solution|C=1.0|lambda=0.35,uniform,solution,1.0,0.35,HOSP-STD-20-01,4,182.0031645,182.0,0,938,614,617,610,526,633
uniform|solution|C=1.0|lambda=0.35,uniform,solution,1.0,0.35,HOSP-STD-20-01,5,182.0031645,182.0,0,949,600,635,608,549,608
uniform|solution|C=1.0|lambda=0.35,uniform,solution,1.0,0.35,HOSP-STD-20-02,0,207.003431,207.0,0,1654,637,628,594,551,590
uniform|solution|C=1.0|lambda=0.35,uniform,solution,1.0,0.35,HOSP-STD-20-02,1,204.503397,204.5,0,1752,613,625,605,536,621
uniform|solution|C=1.0|lambda=0.35,uniform,solution,1.0,0.35,HOSP-STD-20-02,2,207.003448,207.0,0,1427,616,592,626,560,606
uniform|solution|C=1.0|lambda=0.35,uniform,solution,1.0,0.35,HOSP-STD-20-02,3,207.003448,207.0,0,1482,607,600,624,547,622
uniform|solution|C=1.0|lambda=0.35,uniform,solution,1.0,0.35,HOSP-STD-20-02,4,207.003448,207.0,0,1555,628,586,608,541,637
uniform|solution|C=1.0|lambda=0.35,uniform,solution,1.0,0.35,HOSP-STD-20-02,5,207.003442,207.0,0,1594,630,618,629,522,601
uniform|solution|C=1.0|lambda=0.35,uniform,solution,1.0,0.35,HOSP-STD-20-03,0,205.253086,200.5,0,602,626,610,598,579,587
uniform|solution|C=1.0|lambda=0.35,uniform,solution,1.0,0.35,HOSP-STD-20-03,1,200.0029605,200.0,0,614,601,613,598,581,607
uniform|solution|C=1.0|lambda=0.35,uniform,solution,1.0,0.35,HOSP-STD-20-03,2,207.5028095,207.5,0,531,600,580,631,596,593
uniform|solution|C=1.0|lambda=0.35,uniform,solution,1.0,0.35,HOSP-STD-20-03,3,204.5027405,204.5,0,523,586,585,621,592,616
uniform|solution|C=1.0|lambda=0.35,uniform,solution,1.0,0.35,HOSP-STD-20-03,4,206.5030145,206.5,0,565,600,608,594,567,631
uniform|solution|C=1.0|lambda=0.35,uniform,solution,1.0,0.35,HOSP-STD-20-03,5,198.0025115,198.0,0,584,613,614,618,555,600
uniform|solution|C=1.0|lambda=0.35,uniform,solution,1.0,0.35,HOSP-STD-25-01,0,223.0038115,223.0,0,917,609,598,604,604,585
uniform|solution|C=1.0|lambda=0.35,uniform,solution,1.0,0.35,HOSP-STD-25-01,1,206.0037625,206.0,0,875,599,631,586,586,598
uniform|solution|C=1.0|lambda=0.35,uniform,solution,1.0,0.35,HOSP-STD-25-01,2,222.5037055,222.5,0,1148,617,580,562,614,627
uniform|solution|C=1.0|lambda=0.35,uniform,solution,1.0,0.35,HOSP-STD-25-01,3,224.9041125,223.0,0,1007,572,638,612,591,587
uniform|solution|C=1.0|lambda=0.35,uniform,solution,1.0,0.35,HOSP-STD-25-01,4,221.0042285,221.0,0,969,620,628,622,546,584
uniform|solution|C=1.0|lambda=0.35,uniform,solution,1.0,0.35,HOSP-STD-25-01,5,220.0037895,220.0,0,979,621,596,606,553,624
uniform|solution|C=1.0|lambda=0.35,uniform,solution,1.0,0.35,HOSP-STD-25-02,0,257.0043185,257.0,0,1313,626,608,602,568,596
uniform|solution|C=1.0|lambda=0.35,uniform,solution,1.0,0.35,HOSP-STD-25-02,1,250.0042945,250.0,0,1405,613,634,572,569,612
uniform|solution|C=1.0|lambda=0.35,uniform,solution,1.0,0.35,HOSP-STD-25-02,2,255.0045775,255.0,0,1554,619,606,596,580,599
uniform|solution|C=1.0|lambda=0.35,uniform,solution,1.0,0.35,HOSP-STD-25-02,3,253.0044785,253.0,0,1452,582,645,604,591,578
uniform|solution|C=1.0|lambda=0.35,uniform,solution,1.0,0.35,HOSP-STD-25-02,4,246.5043125,246.5,0,1344,593,636,619,540,612
uniform|solution|C=1.0|lambda=0.35,uniform,solution,1.0,0.35,HOSP-STD-25-02,5,253.5045455,253.5,0,1520,641,609,608,512,630
uniform|solution|C=1.0|lambda=0.35,uniform,solution,1.0,0.35,HOSP-STD-25-03,0,239.0037505,239.0,0,616,630,584,593,588,605
uniform|solution|C=1.0|lambda=0.35,uniform,solution,1.0,0.35,HOSP-STD-25-03,1,225.0038315,225.0,0,543,610,642,537,585,626
uniform|solution|C=1.0|lambda=0.35,uniform,solution,1.0,0.35,HOSP-STD-25-03,2,231.0039725,231.0,0,522,618,601,587,589,605
uniform|solution|C=1.0|lambda=0.35,uniform,solution,1.0,0.35,HOSP-STD-25-03,3,231.5039345,231.5,0,549,571,624,622,609,574
uniform|solution|C=1.0|lambda=0.35,uniform,solution,1.0,0.35,HOSP-STD-25-03,4,238.0041965,238.0,0,569,595,642,622,547,594
uniform|solution|C=1.0|lambda=0.35,uniform,solution,1.0,0.35,HOSP-STD-25-03,5,220.0038785,220.0,0,514,620,603,582,572,623
uniform|solution|C=1.0|lambda=0.35,uniform,solution,1.0,0.35,HOSP-STD-30-01,0,261.5056975,261.5,0,1054,627,585,595,602,591
uniform|solution|C=1.0|lambda=0.35,uniform,solution,1.0,0.35,HOSP-STD-30-01,1,256.5053225,256.5,0,1043,589,575,616,601,619
uniform|solution|C=1.0|lambda=0.35,uniform,solution,1.0,0.35,HOSP-STD-30-01,2,256.9053575,255.0,0,989,655,576,609,587,573
uniform|solution|C=1.0|lambda=0.35,uniform,solution,1.0,0.35,HOSP-STD-30-01,3,258.5055145,258.5,0,979,608,621,615,580,576
uniform|solution|C=1.0|lambda=0.35,uniform,solution,1.0,0.35,HOSP-STD-30-01,4,257.0053515,257.0,0,898,588,578,646,582,606
uniform|solution|C=1.0|lambda=0.35,uniform,solution,1.0,0.35,HOSP-STD-30-01,5,266.0059745,266.0,0,1048,602,632,592,566,608
uniform|solution|C=1.0|lambda=0.35,uniform,solution,1.0,0.35,HOSP-STD-30-02,0,298.006098,298.0,0,1641,630,602,600,574,594
uniform|solution|C=1.0|lambda=0.35,uniform,solution,1.0,0.35,HOSP-STD-30-02,1,298.006093,298.0,0,1477,625,590,599,557,629
uniform|solution|C=1.0|lambda=0.35,uniform,solution,1.0,0.35,HOSP-STD-30-02,2,306.506086,306.5,0,1406,665,596,611,551,577
uniform|solution|C=1.0|lambda=0.35,uniform,solution,1.0,0.35,HOSP-STD-30-02,3,302.006463,302.0,0,1542,610,613,632,560,585
uniform|solution|C=1.0|lambda=0.35,uniform,solution,1.0,0.35,HOSP-STD-30-02,4,295.006202,295.0,0,1459,594,588,628,566,624
uniform|solution|C=1.0|lambda=0.35,uniform,solution,1.0,0.35,HOSP-STD-30-02,5,293.505951,293.5,0,1397,630,614,601,545,610
uniform|solution|C=1.0|lambda=0.35,uniform,solution,1.0,0.35,HOSP-STD-30-03,0,263.5070845,263.5,0,834,613,599,604,610,574
uniform|solution|C=1.0|lambda=0.35,uniform,solution,1.0,0.35,HOSP-STD-30-03,1,263.5069255,263.5,0,576,609,563,600,613,615
uniform|solution|C=1.0|lambda=0.35,uniform,solution,1.0,0.35,HOSP-STD-30-03,2,263.5070845,263.5,0,780,669,560,607,592,572
uniform|solution|C=1.0|lambda=0.35,uniform,solution,1.0,0.35,HOSP-STD-30-03,3,263.5070555,263.5,0,743,623,626,594,575,582
uniform|solution|C=1.0|lambda=0.35,uniform,solution,1.0,0.35,HOSP-STD-30-03,4,263.5069925,263.5,0,757,589,591,618,607,595
uniform|solution|C=1.0|lambda=0.35,uniform,solution,1.0,0.35,HOSP-STD-30-03,5,263.5070845,263.5,0,1003,592,648,581,562,617
uniform|attribute|C=1.0|lambda=0.35,uniform,attribute,1.0,0.35,HOSP-STD-15-01,0,146.0017815,146.0,0,752,626,580,620,565,609
uniform|attribute|C=1.0|lambda=0.35,uniform,attribute,1.0,0.35,HOSP-STD-15-01,1,147.5017325,147.5,0,738,607,627,585,554,627
uniform|attribute|C=1.0|lambda=0.35,uniform,attribute,1.0,0.35,HOSP-STD-15-01,2,147.5017585,147.5,0,880,628,606,610,580,576
uniform|attribute|C=1.0|lambda=0.35,uniform,attribute,1.0,0.35,HOSP-STD-15-01,3,145.451774,144.5,0,833,602,626,584,551,637
uniform|attribute|C=1.0|lambda=0.35,uniform,attribute,1.0,0.35,HOSP-STD-15-01,4,147.5017515,147.5,0,773,596,601,614,593,596
uniform|attribute|C=1.0|lambda=0.35,uniform,attribute,1.0,0.35,HOSP-STD-15-01,5,147.5017585,147.5,0,843,606,624,608,551,611
uniform|attribute|C=1.0|lambda=0.35,uniform,attribute,1.0,0.35,HOSP-STD-15-02,0,175.5019185,175.5,0,1393,661,615,604,539,581
uniform|attribute|C=1.0|lambda=0.35,uniform,attribute,1.0,0.35,HOSP-STD-15-02,1,173.0019665,173.0,0,1461,600,630,595,563,612
uniform|attribute|C=1.0|lambda=0.35,uniform,attribute,1.0,0.35,HOSP-STD-15-02,2,174.0019495,174.0,0,1241,667,607,604,545,577
uniform|attribute|C=1.0|lambda=0.35,uniform,attribute,1.0,0.35,HOSP-STD-15-02,3,174.0019825,174.0,0,1248,613,603,609,531,644
uniform|attribute|C=1.0|lambda=0.35,uniform,attribute,1.0,0.35,HOSP-STD-15-02,4,172.5019325,172.5,0,1304,612,621,610,548,609
uniform|attribute|C=1.0|lambda=0.35,uniform,attribute,1.0,0.35,HOSP-STD-15-02,5,174.0019465,174.0,0,1376,598,627,580,544,651
uniform|attribute|C=1.0|lambda=0.35,uniform,attribute,1.0,0.35,HOSP-STD-15-03,0,170.501758,170.5,0,532,637,593,595,549,626
uniform|attribute|C=1.0|lambda=0.35,uniform,attribute,1.0,0.35,HOSP-STD-15-03,1,170.0017,170.0,0,532,606,605,606,553,630
uniform|attribute|C=1.0|lambda=0.35,uniform,attribute,1.0,0.35,HOSP-STD-15-03,2,151.001344,151.0,0,510,630,598,614,576,582
uniform|attribute|C=1.0|lambda=0.35,uniform,attribute,1.0,0.35,HOSP-STD-15-03,3,165.001324,165.0,0,425,630,597,612,553,608
uniform|attribute|C=1.0|lambda=0.35,uniform,attribute,1.0,0.35,HOSP-STD-15-03,4,165.001404,165.0,0,571,611,575,628,566,620
uniform|attribute|C=1.0|lambda=0.35,uniform,attribute,1.0,0.35,HOSP-STD-15-03,5,165.001366,165.0,0,599,599,632,562,582,625
uniform|attribute|C=1.0|lambda=0.35,uniform,attribute,1.0,0.35,HOSP-STD-20-01,0,175.5028135,175.5,0,999,623,645,581,555,596
uniform|attribute|C=1.0|lambda=0.35,uniform,attribute,1.0,0.35,HOSP-STD-20-01,1,182.0031645,182.0,0,962,622,644,537,580,617
uniform|attribute|C=1.0|lambda=0.35,uniform,attribute,1.0,0.35,HOSP-STD-20-01,2,182.0031645,182.0,0,914,624,601,605,577,593
uniform|attribute|C=1.0|lambda=0.35,uniform,attribute,1.0,0.35,HOSP-STD-20-01,3,179.5029605,179.5,0,884,591,604,613,568,624
uniform|attribute|C=1.0|lambda=0.35,uniform,attribute,1.0,0.35,HOSP-STD-20-01,4,182.0031645,182.0,0,1023,616,592,606,536,650
uniform|attribute|C=1.0|lambda=0.35,uniform,attribute,1.0,0.35,HOSP-STD-20-01,5,182.0031645,182.0,0,898,614,636,622,526,602
uniform|attribute|C=1.0|lambda=0.35,uniform,attribute,1.0,0.35,HOSP-STD-20-02,0,207.003431,207.0,0,1655,650,619,589,524,618
uniform|attribute|C=1.0|lambda=0.35,uniform,attribute,1.0,0.35,HOSP-STD-20-02,1,206.503426,206.5,0,1486,615,651,584,543,607
uniform|attribute|C=1.0|lambda=0.35,uniform,attribute,1.0,0.35,HOSP-STD-20-02,2,207.003448,207.0,0,1505,640,572,598,568,622
uniform|attribute|C=1.0|lambda=0.35,uniform,attribute,1.0,0.35,HOSP-STD-20-02,3,207.003383,207.0,0,1441,614,612,601,546,627
uniform|attribute|C=1.0|lambda=0.35,uniform,attribute,1.0,0.35,HOSP-STD-20-02,4,207.003448,207.0,0,1649,626,576,617,555,626
uniform|attribute|C=1.0|lambda=0.35,uniform,attribute,1.0,0.35,HOSP-STD-20-02,5,207.003448,207.0,0,1363,619,614,620,537,610
uniform|attribute|C=1.0|lambda=0.35,uniform,attribute,1.0,0.35,HOSP-STD-20-03,0,212.0028885,212.0,0,646,595,594,619,586,606
uniform|attribute|C=1.0|lambda=0.35,uniform,attribute,1.0,0.35,HOSP-STD-20-03,1,214.0027765,214.0,0,562,594,621,580,605,600
uniform|attribute|C=1.0|lambda=0.35,uniform,attribute,1.0,0.35,HOSP-STD-20-03,2,198.5026825,198.5,0,625,614,597,630,553,606
uniform|attribute|C=1.0|lambda=0.35,uniform,attribute,1.0,0.35,HOSP-STD-20-03,3,197.0026335,197.0,0,488,614,606,590,609,581
uniform|attribute|C=1.0|lambda=0.35,uniform,attribute,1.0,0.35,HOSP-STD-20-03,4,206.5028845,206.5,0,682,618,599,594,547,642
uniform|attribute|C=1.0|lambda=0.35,uniform,attribute,1.0,0.35,HOSP-STD-20-03,5,218.352517,215.5,0,690,624,605,607,545,619
uniform|attribute|C=1.0|lambda=0.35,uniform,attribute,1.0,0.35,HOSP-STD-25-01,0,234.0037045,234.0,0,964,617,628,575,569,611
uniform|attribute|C=1.0|lambda=0.35,uniform,attribute,1.0,0.35,HOSP-STD-25-01,1,231.5041875,231.5,0,861,597,625,570,591,617
uniform|attribute|C=1.0|lambda=0.35,uniform,attribute,1.0,0.35,HOSP-STD-25-01,2,234.0036995,234.0,0,1010,627,601,589,577,606
uniform|attribute|C=1.0|lambda=0.35,uniform,attribute,1.0,0.35,HOSP-STD-25-01,3,225.5038935,225.5,0,946,577,605,629,594,595
uniform|attribute|C=1.0|lambda=0.35,uniform,attribute,1.0,0.35,HOSP-STD-25-01,4,234.0037185,234.0,0,922,599,630,617,567,587
uniform|attribute|C=1.0|lambda=0.35,uniform,attribute,1.0,0.35,HOSP-STD-25-01,5,231.5040815,231.5,0,977,637,602,602,549,610
uniform|attribute|C=1.0|lambda=0.35,uniform,attribute,1.0,0.35,HOSP-STD-25-02,0,257.0043185,257.0,0,1577,594,611,603,572,620
uniform|attribute|C=1.0|lambda=0.35,uniform,attribute,1.0,0.35,HOSP-STD-25-02,1,251.5044895,251.5,0,1214,592,652,566,568,622
uniform|attribute|C=1.0|lambda=0.35,uniform,attribute,1.0,0.35,HOSP-STD-25-02,2,248.5042875,248.5,0,1395,618,614,559,566,643
uniform|attribute|C=1.0|lambda=0.35,uniform,attribute,1.0,0.35,HOSP-STD-25-02,3,253.5044185,253.5,0,1475,599,664,634,534,569
uniform|attribute|C=1.0|lambda=0.35,uniform,attribute,1.0,0.35,HOSP-STD-25-02,4,267.0042385,267.0,0,1494,642,623,602,534,599
uniform|attribute|C=1.0|lambda=0.35,uniform,attribute,1.0,0.35,HOSP-STD-25-02,5,254.0043525,254.0,0,1542,611,604,614,526,645
uniform|attribute|C=1.0|lambda=0.35,uniform,attribute,1.0,0.35,HOSP-STD-25-03,0,239.0037505,239.0,0,579,625,563,585,603,624
uniform|attribute|C=1.0|lambda=0.35,uniform,attribute,1.0,0.35,HOSP-STD-25-03,1,239.0037505,239.0,0,660,600,623,571,595,611
uniform|attribute|C=1.0|lambda=0.35,uniform,attribute,1.0,0.35,HOSP-STD-25-03,2,234.0037615,234.0,0,618,614,608,579,586,613
uniform|attribute|C=1.0|lambda=0.35,uniform,attribute,1.0,0.35,HOSP-STD-25-03,3,231.5039345,231.5,0,653,583,624,604,618,571
uniform|attribute|C=1.0|lambda=0.35,uniform,attribute,1.0,0.35,HOSP-STD-25-03,4,239.0037505,239.0,0,675,608,601,586,572,633
uniform|attribute|C=1.0|lambda=0.35,uniform,attribute,1.0,0.35,HOSP-STD-25-03,5,239.0037505,239.0,0,671,617,593,599,568,623
uniform|attribute|C=1.0|lambda=0.35,uniform,attribute,1.0,0.35,HOSP-STD-30-01,0,259.5060985,259.5,0,1084,615,577,601,587,620
uniform|attribute|C=1.0|lambda=0.35,uniform,attribute,1.0,0.35,HOSP-STD-30-01,1,261.5054385,261.5,0,951,614,616,559,610,601
uniform|attribute|C=1.0|lambda=0.35,uniform,attribute,1.0,0.35,HOSP-STD-30-01,2,256.0053535,256.0,0,901,640,585,636,573,566
uniform|attribute|C=1.0|lambda=0.35,uniform,attribute,1.0,0.35,HOSP-STD-30-01,3,260.5056915,260.5,0,997,609,612,624,578,577
uniform|attribute|C=1.0|lambda=0.35,uniform,attribute,1.0,0.35,HOSP-STD-30-01,4,269.0052515,269.0,0,1083,580,582,641,583,614
uniform|attribute|C=1.0|lambda=0.35,uniform,attribute,1.0,0.35,HOSP-STD-30-01,5,262.0053335,262.0,0,1039,589,615,606,548,642
uniform|attribute|C=1.0|lambda=0.35,uniform,attribute,1.0,0.35,HOSP-STD-30-02,0,306.506088,306.5,0,1579,603,591,609,599,598
uniform|attribute|C=1.0|lambda=0.35,uniform,attribute,1.0,0.35,HOSP-STD-30-02,1,275.505981,275.5,0,1463,607,587,581,587,638
uniform|attribute|C=1.0|lambda=0.35,uniform,attribute,1.0,0.35,HOSP-STD-30-02,2,305.506692,305.5,0,1556,615,598,596,581,610
uniform|attribute|C=1.0|lambda=0.35,uniform,attribute,1.0,0.35,HOSP-STD-30-02,3,306.506262,306.5,0,1507,630,607,635,555,573
uniform|attribute|C=1.0|lambda=0.35,uniform,attribute,1.0,0.35,HOSP-STD-30-02,4,308.006104,308.0,0,1541,613,604,629,538,616
uniform|attribute|C=1.0|lambda=0.35,uniform,attribute,1.0,0.35,HOSP-STD-30-02,5,302.006132,302.0,0,1376,586,648,587,538,641
uniform|attribute|C=1.0|lambda=0.35,uniform,attribute,1.0,0.35,HOSP-STD-30-03,0,263.5070845,263.5,0,806,606,601,586,610,597
uniform|attribute|C=1.0|lambda=0.35,uniform,attribute,1.0,0.35,HOSP-STD-30-03,1,263.5070845,263.5,0,729,603,592,620,584,601
uniform|attribute|C=1.0|lambda=0.35,uniform,attribute,1.0,0.35,HOSP-STD-30-03,2,263.5070845,263.5,0,831,618,581,593,594,614
uniform|attribute|C=1.0|lambda=0.35,uniform,attribute,1.0,0.35,HOSP-STD-30-03,3,263.5070845,263.5,0,837,628,591,597,584,600
uniform|attribute|C=1.0|lambda=0.35,uniform,attribute,1.0,0.35,HOSP-STD-30-03,4,262.5069895,262.5,0,737,595,573,649,575,608
uniform|attribute|C=1.0|lambda=0.35,uniform,attribute,1.0,0.35,HOSP-STD-30-03,5,263.5070845,263.5,0,792,600,624,603,532,641
dmab|attribute|C=0.1|lambda=0.35,dmab,attribute,0.1,0.35,HOSP-STD-15-01,0,147.5017325,147.5,121,804,620,584,669,524,603
dmab|attribute|C=0.1|lambda=0.35,dmab,attribute,0.1,0.35,HOSP-STD-15-01,1,147.5017585,147.5,118,693,632,649,597,508,614
dmab|attribute|C=0.1|lambda=0.35,dmab,attribute,0.1,0.35,HOSP-STD-15-01,2,147.5017555,147.5,158,861,594,577,673,528,628
dmab|attribute|C=0.1|lambda=0.35,dmab,attribute,0.1,0.35,HOSP-STD-15-01,3,147.5017325,147.5,169,814,625,608,660,545,562
dmab|attribute|C=0.1|lambda=0.35,dmab,attribute,0.1,0.35,HOSP-STD-15-01,4,147.5017555,147.5,190,851,603,669,624,539,565
dmab|attribute|C=0.1|lambda=0.35,dmab,attribute,0.1,0.35,HOSP-STD-15-01,5,147.0015515,147.0,150,751,608,624,626,522,620
dmab|attribute|C=0.1|lambda=0.35,dmab,attribute,0.1,0.35,HOSP-STD-15-02,0,174.0019885,174.0,132,1214,658,591,655,511,585
dmab|attribute|C=0.1|lambda=0.35,dmab,attribute,0.1,0.35,HOSP-STD-15-02,1,174.0019675,174.0,169,1355,638,609,647,508,598
dmab|attribute|C=0.1|lambda=0.35,dmab,attribute,0.1,0.35,HOSP-STD-15-02,2,173.0019515,173.0,144,1321,604,595,651,536,614
dmab|attribute|C=0.1|lambda=0.35,dmab,attribute,0.1,0.35,HOSP-STD-15-02,3,174.0019815,174.0,112,1285,654,578,679,503,586
dmab|attribute|C=0.1|lambda=0.35,dmab,attribute,0.1,0.35,HOSP-STD-15-02,4,174.0019885,174.0,162,1451,652,591,646,539,572
dmab|attribute|C=0.1|lambda=0.35,dmab,attribute,0.1,0.35,HOSP-STD-15-02,5,174.0019575,174.0,100,1366,619,608,688,491,594
dmab|attribute|C=0.1|lambda=0.35,dmab,attribute,0.1,0.35,HOSP-STD-15-03,0,164.001525,164.0,108,500,588,693,601,553,565
dmab|attribute|C=0.1|lambda=0.35,dmab,attribute,0.1,0.35,HOSP-STD-15-03,1,158.001772,158.0,96,499,580,602,712,537,569
dmab|attribute|C=0.1|lambda=0.35,dmab,attribute,0.1,0.35,HOSP-STD-15-03,2,160.501592,160.5,167,594,609,623,653,523,592
dmab|attribute|C=0.1|lambda=0.35,dmab,attribute,0.1,0.35,HOSP-STD-15-03,3,165.00129,165.0,156,537,650,634,612,548,556
dmab|attribute|C=0.1|lambda=0.35,dmab,attribute,0.1,0.35,HOSP-STD-15-03,4,156.001382,156.0,174,543,607,617,638,540,598
dmab|attribute|C=0.1|lambda=0.35,dmab,attribute,0.1,0.35,HOSP-STD-15-03,5,171.001672,171.0,125,629,740,616,641,484,519
dmab|attribute|C=0.1|lambda=0.35,dmab,attribute,0.1,0.35,HOSP-STD-20-01,0,182.0031645,182.0,119,885,647,644,624,529,556
dmab|attribute|C=0.1|lambda=0.35,dmab,attribute,0.1,0.35,HOSP-STD-20-01,1,182.0031645,182.0,149,1009,617,577,663,561,582
dmab|attribute|C=0.1|lambda=0.35,dmab,attribute,0.1,0.35,HOSP-STD-20-01,2,182.0031645,182.0,105,919,576,578,663,554,629
dmab|attribute|C=0.1|lambda=0.35,dmab,attribute,0.1,0.35,HOSP-STD-20-01,3,182.0031645,182.0,137,984,634,595,692,536,543
dmab|attribute|C=0.1|lambda=0.35,dmab,attribute,0.1,0.35,HOSP-STD-20-01,4,182.0031645,182.0,119,1016,613,632,595,549,611
dmab|attribute|C=0.1|lambda=0.35,dmab,attribute,0.1,0.35,HOSP-STD-20-01,5,182.0031435,182.0,108,1032,639,588,670,559,544
dmab|attribute|C=0.1|lambda=0.35,dmab,attribute,0.1,0.35,HOSP-STD-20-02,0,207.003448,207.0,72,1433,608,531,751,530,580
dmab|attribute|C=0.1|lambda=0.35,dmab,attribute,0.1,0.35,HOSP-STD-20-02,1,207.003448,207.0,79,1475,583,592,598,533,694
dmab|attribute|C=0.1|lambda=0.35,dmab,attribute,0.1,0.35,HOSP-STD-20-02,2,207.003441,207.0,115,1662,615,661,643,483,598
dmab|attribute|C=0.1|lambda=0.35,dmab,attribute,0.1,0.35,HOSP-STD-20-02,3,204.503388,204.5,106,1653,599,601,703,511,586
dmab|attribute|C=0.1|lambda=0.35,dmab,attribute,0.1,0.35,HOSP-STD-20-02,4,207.003448,207.0,122,1594,616,609,616,511,648
dmab|attribute|C=0.1|lambda=0.35,dmab,attribute,0.1,0.35,HOSP-STD-20-02,5,207.003447,207.0,95,1585,586,676,680,486,572
dmab|attribute|C=0.1|lambda=0.35,dmab,attribute,0.1,0.35,HOSP-STD-20-03,0,205.0028005,205.0,102,636,578,607,731,525,559
dmab|attribute|C=0.1|lambda=0.35,dmab,attribute,0.1,0.35,HOSP-STD-20-03,1,204.0027795,204.0,106,597,595,607,690,556,552
dmab|attribute|C=0.1|lambda=0.35,dmab,attribute,0.1,0.35,HOSP-STD-20-03,2,199.5023825,199.5,113,610,668,647,614,533,538
dmab|attribute|C=0.1|lambda=0.35,dmab,attribute,0.1,0.35,HOSP-STD-20-03,3,210.5028255,210.5,124,670,606,642,633,533,586
dmab|attribute|C=0.1|lambda=0.35,dmab,attribute,0.1,0.35,HOSP-STD-20-03,4,218.5029595,218.5,119,716,587,612,673,527,601
dmab|attribute|C=0.1|lambda=0.35,dmab,attribute,0.1,0.35,HOSP-STD-20-03,5,197.5023715,197.5,54,541,635,631,692,499,543
dmab|attribute|C=0.1|lambda=0.35,dmab,attribute,0.1,0.35,HOSP-STD-25-01,0,234.0036755,234.0,92,936,558,607,763,508,564
dmab|attribute|C=0.1|lambda=0.35,dmab,attribute,0.1,0.35,HOSP-STD-25-01,1,234.0037045,234.0,79,965,635,611,623,512,619
dmab|attribute|C=0.1|lambda=0.35,dmab,attribute,0.1,0.35,HOSP-STD-25-01,2,233.5041795,233.5,63,880,609,688,592,494,617
dmab|attribute|C=0.1|lambda=0.35,dmab,attribute,0.1,0.35,HOSP-STD-25-01,3,233.5040115,233.5,101,950,582,612,718,547,541
dmab|attribute|C=0.1|lambda=0.35,dmab,attribute,0.1,0.35,HOSP-STD-25-01,4,231.5038225,231.5,105,831,613,608,682,534,563
dmab|attribute|C=0.1|lambda=0.35,dmab,attribute,0.1,0.35,HOSP-STD-25-01,5,234.0037075,234.0,119,816,596,615,668,515,606
dmab|attribute|C=0.1|lambda=0.35,dmab,attribute,0.1,0.35,HOSP-STD-25-02,0,254.5045835,254.5,105,1531,608,580,696,538,578
dmab|attribute|C=0.1|lambda=0.35,dmab,attribute,0.1,0.35,HOSP-STD-25-02,1,259.5045745,259.5,94,1442,609,570,680,537,604
dmab|attribute|C=0.1|lambda=0.35,dmab,attribute,0.1,0.35,HOSP-STD-25-02,2,262.0049365,262.0,93,1483,588,619,683,517,593
dmab|attribute|C=0.1|lambda=0.35,dmab,attribute,0.1,0.35,HOSP-STD-25-02,3,253.5043295,253.5,90,1479,597,639,695,503,566
dmab|attribute|C=0.1|lambda=0.35,dmab,attribute,0.1,0.35,HOSP-STD-25-02,4,267.0042625,267.0,83,1462,634,581,666,527,592
dmab|attribute|C=0.1|lambda=0.35,dmab,attribute,0.1,0.35,HOSP-STD-25-02,5,267.0042625,267.0,108,1505,607,610,593,639,551
dmab|attribute|C=0.1|lambda=0.35,dmab,attribute,0.1,0.35,HOSP-STD-25-03,0,239.0037095,239.0,126,669,611,622,624,569,574
dmab|attribute|C=0.1|lambda=0.35,dmab,attribute,0.1,0.35,HOSP-STD-25-03,1,239.0037505,239.0,125,749,590,584,647,634,545
dmab|attribute|C=0.1|lambda=0.35,dmab,attribute,0.1,0.35,HOSP-STD-25-03,2,231.0037845,231.0,123,681,582,641,657,542,578
dmab|attribute|C=0.1|lambda=0.35,dmab,attribute,0.1,0.35,HOSP-STD-25-03,3,239.0037505,239.0,92,645,586,585,685,578,566
dmab|attribute|C=0.1|lambda=0.35,dmab,attribute,0.1,0.35,HOSP-STD-25-03,4,238.5038395,238.5,78,609,584,597,564,564,691
dmab|attribute|C=0.1|lambda=0.35,dmab,attribute,0.1,0.35,HOSP-STD-25-03,5,239.0037505,239.0,106,646,582,618,668,538,594
dmab|attribute|C=0.1|lambda=0.35,dmab,attribute,0.1,0.35,HOSP-STD-30-01,0,269.40525549999995,267.5,157,981,619,580,654,614,533
dmab|attribute|C=0.1|lambda=0.35,dmab,attribute,0.1,0.35,HOSP-STD-30-01,1,269.40525549999995,267.5,115,1108,568,611,661,549,611
dmab|attribute|C=0.1|lambda=0.35,dmab,attribute,0.1,0.35,HOSP-STD-30-01,2,255.5054695,255.5,78,1013,601,639,652,512,596
dmab|attribute|C=0.1|lambda=0.35,dmab,attribute,0.1,0.35,HOSP-STD-30-01,3,269.40525549999995,267.5,82,1009,619,544,711,566,560
dmab|attribute|C=0.1|lambda=0.35,dmab,attribute,0.1,0.35,HOSP-STD-30-01,4,266.555356,258.0,120,1102,585,599,710,536,570
dmab|attribute|C=0.1|lambda=0.35,dmab,attribute,0.1,0.35,HOSP-STD-30-01,5,263.5052845,263.5,95,870,599,590,705,521,585
dmab|attribute|C=0.1|lambda=0.35,dmab,attribute,0.1,0.35,HOSP-STD-30-02,0,298.506767,298.5,43,1651,562,653,590,570,625
dmab|attribute|C=0.1|lambda=0.35,dmab,attribute,0.1,0.35,HOSP-STD-30-02,1,306.506088,306.5,62,1519,614,630,687,508,561
dmab|attribute|C=0.1|lambda=0.35,dmab,attribute,0.1,0.35,HOSP-STD-30-02,2,304.006352,304.0,56,1582,636,625,649,548,542
dmab|attribute|C=0.1|lambda=0.35,dmab,attribute,0.1,0.35,HOSP-STD-30-02,3,306.506088,306.5,99,1418,552,610,680,558,600
dmab|attribute|C=0.1|lambda=0.35,dmab,attribute,0.1,0.35,HOSP-STD-30-02,4,306.506088,306.5,50,1571,559,543,628,626,644
dmab|attribute|C=0.1|lambda=0.35,dmab,attribute,0.1,0.35,HOSP-STD-30-02,5,306.506088,306.5,77,1422,557,523,780,526,614
dmab|attribute|C=0.1|lambda=0.35,dmab,attribute,0.1,0.35,HOSP-STD-30-03,0,263.5070235,263.5,123,916,553,584,674,561,628
dmab|attribute|C=0.1|lambda=0.35,dmab,attribute,0.1,0.35,HOSP-STD-30-03,1,263.5070845,263.5,81,852,561,543,605,560,731
dmab|attribute|C=0.1|lambda=0.35,dmab,attribute,0.1,0.35,HOSP-STD-30-03,2,263.5070845,263.5,95,904,613,582,632,541,632
dmab|attribute|C=0.1|lambda=0.35,dmab,attribute,0.1,0.35,HOSP-STD-30-03,3,263.5070845,263.5,85,732,520,598,591,617,674
dmab|attribute|C=0.1|lambda=0.35,dmab,attribute,0.1,0.35,HOSP-STD-30-03,4,263.5069365,263.5,99,863,547,646,688,552,567
dmab|attribute|C=0.1|lambda=0.35,dmab,attribute,0.1,0.35,HOSP-STD-30-03,5,263.5070185,263.5,106,855,620,553,696,580,551
dmab|attribute|C=0.1|lambda=1.0,dmab,attribute,0.1,1.0,HOSP-STD-15-01,0,147.5017325,147.5,89,882,570,511,862,466,591
dmab|attribute|C=0.1|lambda=1.0,dmab,attribute,0.1,1.0,HOSP-STD-15-01,1,147.5017585,147.5,82,692,488,535,876,561,540
dmab|attribute|C=0.1|lambda=1.0,dmab,attribute,0.1,1.0,HOSP-STD-15-01,2,147.5017555,147.5,68,712,574,663,708,440,615
dmab|attribute|C=0.1|lambda=1.0,dmab,attribute,0.1,1.0,HOSP-STD-15-01,3,147.5017325,147.5,90,734,647,678,683,496,496
dmab|attribute|C=0.1|lambda=1.0,dmab,attribute,0.1,1.0,HOSP-STD-15-01,4,147.5017555,147.5,90,680,595,556,753,491,605
dmab|attribute|C=0.1|lambda=1.0,dmab,attribute,0.1,1.0,HOSP-STD-15-01,5,147.5017555,147.5,68,839,640,456,730,551,623
dmab|attribute|C=0.1|lambda=1.0,dmab,attribute,0.1,1.0,HOSP-STD-15-02,0,174.0019775,174.0,84,1160,696,586,684,493,541
dmab|attribute|C=0.1|lambda=1.0,dmab,attribute,0.1,1.0,HOSP-STD-15-02,1,174.0019675,174.0,80,1338,658,577,639,556,570
dmab|attribute|C=0.1|lambda=1.0,dmab,attribute,0.1,1.0,HOSP-STD-15-02,2,174.0019765,174.0,84,1254,484,657,719,443,697
dmab|attribute|C=0.1|lambda=1.0,dmab,attribute,0.1,1.0,HOSP-STD-15-02,3,177.0019835,177.0,101,1222,545,521,786,507,641
dmab|attribute|C=0.1|lambda=1.0,dmab,attribute,0.1,1.0,HOSP-STD-15-02,4,174.0019485,174.0,58,1199,474,513,890,433,690
dmab|attribute|C=0.1|lambda=1.0,dmab,attribute,0.1,1.0,HOSP-STD-15-02,5,174.0019675,174.0,65,1271,515,578,694,545,668
dmab|attribute|C=0.1|lambda=1.0,dmab,attribute,0.1,1.0,HOSP-STD-15-03,0,167.001349,167.0,84,548,642,533,678,510,637
dmab|attribute|C=0.1|lambda=1.0,dmab,attribute,0.1,1.0,HOSP-STD-15-03,1,162.501571,162.5,126,598,563,546,689,598,604
dmab|attribute|C=0.1|lambda=1.0,dmab,attribute,0.1,1.0,HOSP-STD-15-03,2,173.00125,173.0,66,580,583,554,789,537,537
dmab|attribute|C=0.1|lambda=1.0,dmab,attribute,0.1,1.0,HOSP-STD-15-03,3,167.401337,165.5,104,599,546,526,752,554,622
dmab|attribute|C=0.1|lambda=1.0,dmab,attribute,0.1,1.0,HOSP-STD-15-03,4,165.001421,165.0,120,512,565,634,716,466,619
dmab|attribute|C=0.1|lambda=1.0,dmab,attribute,0.1,1.0,HOSP-STD-15-03,5,163.501671,163.5,51,555,574,574,674,550,628
dmab|attribute|C=0.1|lambda=1.0,dmab,attribute,0.1,1.0,HOSP-STD-20-01,0,182.0031645,182.0,80,898,648,607,650,535,560
dmab|attribute|C=0.1|lambda=1.0,dmab,attribute,0.1,1.0,HOSP-STD-20-01,1,182.0031645,182.0,62,945,540,645,787,466,562
dmab|attribute|C=0.1|lambda=1.0,dmab,attribute,0.1,1.0,HOSP-STD-20-01,2,182.0031645,182.0,39,900,596,489,877,505,533
dmab|attribute|C=0.1|lambda=1.0,dmab,attribute,0.1,1.0,HOSP-STD-20-01,3,181.5030845,181.5,55,917,675,492,745,452,636
dmab|attribute|C=0.1|lambda=1.0,dmab,attribute,0.1,1.0,HOSP-STD-20-01,4,182.0031645,182.0,66,849,540,679,675,414,692
dmab|attribute|C=0.1|lambda=1.0,dmab,attribute,0.1,1.0,HOSP-STD-20-01,5,182.0030985,182.0,42,916,571,537,735,522,635
dmab|attribute|C=0.1|lambda=1.0,dmab,attribute,0.1,1.0,HOSP-STD-20-02,0,207.003448,207.0,40,1681,614,541,592,437,816
dmab|attribute|C=0.1|lambda=1.0,dmab,attribute,0.1,1.0,HOSP-STD-20-02,1,207.003448,207.0,56,1429,542,588,826,450,594
dmab|attribute|C=0.1|lambda=1.0,dmab,attribute,0.1,1.0,HOSP-STD-20-02,2,207.003441,207.0,76,1498,704,557,781,491,467
dmab|attribute|C=0.1|lambda=1.0,dmab,attribute,0.1,1.0,HOSP-STD-20-02,3,204.503388,204.5,72,1577,587,671,719,514,509
dmab|attribute|C=0.1|lambda=1.0,dmab,attribute,0.1,1.0,HOSP-STD-20-02,4,207.003448,207.0,37,1504,465,496,804,491,744
dmab|attribute|C=0.1|lambda=1.0,dmab,attribute,0.1,1.0,HOSP-STD-20-02,5,207.003447,207.0,57,1521,538,552,691,560,659
dmab|attribute|C=0.1|lambda=1.0,dmab,attribute,0.1,1.0,HOSP-STD-20-03,0,200.5028765,200.5,57,601,633,619,715,517,516
dmab|attribute|C=0.1|lambda=1.0,dmab,attribute,0.1,1.0,HOSP-STD-20-03,1,226.5025485,226.5,55,587,509,474,781,565,671
dmab|attribute|C=0.1|lambda=1.0,dmab,attribute,0.1,1.0,HOSP-STD-20-03,2,198.95262699999998,198.0,40,568,580,632,835,393,560
dmab|attribute|C=0.1|lambda=1.0,dmab,attribute,0.1,1.0,HOSP-STD-20-03,3,211.0028355,211.0,41,578,645,528,603,585,639
dmab|attribute|C=0.1|lambda=1.0,dmab,attribute,0.1,1.0,HOSP-STD-20-03,4,215.5031645,215.5,51,767,519,612,712,592,565
dmab|attribute|C=0.1|lambda=1.0,dmab,attribute,0.1,1.0,HOSP-STD-20-03,5,212.5027435,212.5,83,625,620,564,671,493,652
dmab|attribute|C=0.1|lambda=1.0,dmab,attribute,0.1,1.0,HOSP-STD-25-01,0,220.0040185,220.0,19,772,571,534,1039,406,450
dmab|attribute|C=0.1|lambda=1.0,dmab,attribute,0.1,1.0,HOSP-STD-25-01,1,234.0037045,234.0,88,969,674,599,647,459,621
dmab|attribute|C=0.1|lambda=1.0,dmab,attribute,0.1,1.0,HOSP-STD-25-01,2,234.0037045,234.0,48,1036,507,634,887,491,481
dmab|attribute|C=0.1|lambda=1.0,dmab,attribute,0.1,1.0,HOSP-STD-25-01,3,234.0037045,234.0,62,1004,704,619,685,465,527
dmab|attribute|C=0.1|lambda=1.0,dmab,attribute,0.1,1.0,HOSP-STD-25-01,4,219.5038695,219.5,50,937,524,536,872,537,531
dmab|attribute|C=0.1|lambda=1.0,dmab,attribute,0.1,1.0,HOSP-STD-25-01,5,229.5041295,229.5,48,934,545,577,689,530,659
dmab|attribute|C=0.1|lambda=1.0,dmab,attribute,0.1,1.0,HOSP-STD-25-02,0,267.0042625,267.0,34,1467,484,485,1012,534,485
dmab|attribute|C=0.1|lambda=1.0,dmab,attribute,0.1,1.0,HOSP-STD-25-02,1,253.5042275,253.5,38,1357,583,505,692,476,744
dmab|attribute|C=0.1|lambda=1.0,dmab,attribute,0.1,1.0,HOSP-STD-25-02,2,267.0042625,267.0,53,1446,564,577,806,491,562
dmab|attribute|C=0.1|lambda=1.0,dmab,attribute,0.1,1.0,HOSP-STD-25-02,3,253.5042145,253.5,46,1314,555,581,638,586,640
dmab|attribute|C=0.1|lambda=1.0,dmab,attribute,0.1,1.0,HOSP-STD-25-02,4,263.0049375,263.0,45,1488,486,557,712,537,708
dmab|attribute|C=0.1|lambda=1.0,dmab,attribute,0.1,1.0,HOSP-STD-25-02,5,254.0044895,254.0,14,1354,728,458,919,415,480
dmab|attribute|C=0.1|lambda=1.0,dmab,attribute,0.1,1.0,HOSP-STD-25-03,0,239.0037095,239.0,78,648,596,507,768,635,494
dmab|attribute|C=0.1|lambda=1.0,dmab,attribute,0.1,1.0,HOSP-STD-25-03,1,239.0037505,239.0,43,679,534,614,703,594,555
dmab|attribute|C=0.1|lambda=1.0,dmab,attribute,0.1,1.0,HOSP-STD-25-03,2,231.0037795,231.0,44,568,548,647,672,528,605
dmab|attribute|C=0.1|lambda=1.0,dmab,attribute,0.1,1.0,HOSP-STD-25-03,3,233.0036765,233.0,43,568,415,629,791,486,679
dmab|attribute|C=0.1|lambda=1.0,dmab,attribute,0.1,1.0,HOSP-STD-25-03,4,238.5038395,238.5,26,651,473,579,617,493,838
dmab|attribute|C=0.1|lambda=1.0,dmab,attribute,0.1,1.0,HOSP-STD-25-03,5,239.0037505,239.0,63,599,628,689,683,541,459
dmab|attribute|C=0.1|lambda=1.0,dmab,attribute,0.1,1.0,HOSP-STD-30-01,0,268.0058845,268.0,43,1022,544,490,696,585,685
dmab|attribute|C=0.1|lambda=1.0,dmab,attribute,0.1,1.0,HOSP-STD-30-01,1,265.0056025,265.0,49,925,593,575,739,588,505
dmab|attribute|C=0.1|lambda=1.0,dmab,attribute,0.1,1.0,HOSP-STD-30-01,2,269.40525549999995,267.5,44,999,484,520,701,622,673
dmab|attribute|C=0.1|lambda=1.0,dmab,attribute,0.1,1.0,HOSP-STD-30-01,3,269.40525549999995,267.5,28,948,621,545,862,450,522
dmab|attribute|C=0.1|lambda=1.0,dmab,attribute,0.1,1.0,HOSP-STD-30-01,4,245.0053135,245.0,29,911,462,638,814,489,597
dmab|attribute|C=0.1|lambda=1.0,dmab,attribute,0.1,1.0,HOSP-STD-30-01,5,269.40525549999995,267.5,30,912,503,568,678,668,583
dmab|attribute|C=0.1|lambda=1.0,dmab,attribute,0.1,1.0,HOSP-STD-30-02,0,306.506088,306.5,25,1378,521,566,649,477,787
dmab|attribute|C=0.1|lambda=1.0,dmab,attribute,0.1,1.0,HOSP-STD-30-02,1,305.506573,305.5,29,1563,527,560,631,605,677
dmab|attribute|C=0.1|lambda=1.0,dmab,attribute,0.1,1.0,HOSP-STD-30-02,2,294.3559525,291.5,26,1423,573,593,786,408,640
dmab|attribute|C=0.1|lambda=1.0,dmab,attribute,0.1,1.0,HOSP-STD-30-02,3,306.506088,306.5,41,1490,512,525,821,578,564
dmab|attribute|C=0.1|lambda=1.0,dmab,attribute,0.1,1.0,HOSP-STD-30-02,4,306.506088,306.5,34,1423,694,545,619,621,521
dmab|attribute|C=0.1|lambda=1.0,dmab,attribute,0.1,1.0,HOSP-STD-30-02,5,306.506088,306.5,38,1450,592,464,739,582,623
dmab|attribute|C=0.1|lambda=1.0,dmab,attribute,0.1,1.0,HOSP-STD-30-03,0,263.5070845,263.5,84,891,521,566,802,549,562
dmab|attribute|C=0.1|lambda=1.0,dmab,attribute,0.1,1.0,HOSP-STD-30-03,1,263.5070845,263.5,54,842,698,565,690,504,543
dmab|attribute|C=0.1|lambda=1.0,dmab,attribute,0.1,1.0,HOSP-STD-30-03,2,263.5070845,263.5,65,818,426,592,852,606,524
dmab|attribute|C=0.1|lambda=1.0,dmab,attribute,0.1,1.0,HOSP-STD-30-03,3,263.5070845,263.5,79,860,549,599,610,466,776
dmab|attribute|C=0.1|lambda=1.0,dmab,attribute,0.1,1.0,HOSP-STD-30-03,4,263.5069365,263.5,48,862,502,524,1041,420,513
dmab|attribute|C=0.1|lambda=1.0,dmab,attribute,0.1,1.0,HOSP-STD-30-03,5,263.5070185,263.5,80,809,506,628,785,498,583
dmab|attribute|C=0.1|lambda=3.0,dmab,attribute,0.1,3.0,HOSP-STD-15-01,0,147.5017325,147.5,21,762,308,669,1071,367,585
dmab|attribute|C=0.1|lambda=3.0,dmab,attribute,0.1,3.0,HOSP-STD-15-01,1,147.5017585,147.5,21,848,283,459,962,489,807
dmab|attribute|C=0.1|lambda=3.0,dmab,attribute,0.1,3.0,HOSP-STD-15-01,2,147.5017555,147.5,23,663,487,468,814,370,861
dmab|attribute|C=0.1|lambda=3.0,dmab,attribute,0.1,3.0,HOSP-STD-15-01,3,147.5017325,147.5,25,793,353,585,557,402,1103
dmab|attribute|C=0.1|lambda=3.0,dmab,attribute,0.1,3.0,HOSP-STD-15-01,4,147.5017555,147.5,14,681,390,631,1172,272,535
dmab|attribute|C=0.1|lambda=3.0,dmab,attribute,0.1,3.0,HOSP-STD-15-01,5,147.5017555,147.5,19,724,897,541,462,330,770
dmab|attribute|C=0.1|lambda=3.0,dmab,attribute,0.1,3.0,HOSP-STD-15-02,0,174.0019495,174.0,21,1174,679,408,1134,379,400
dmab|attribute|C=0.1|lambda=3.0,dmab,attribute,0.1,3.0,HOSP-STD-15-02,1,174.0019885,174.0,4,1009,607,348,1447,228,370
dmab|attribute|C=0.1|lambda=3.0,dmab,attribute,0.1,3.0,HOSP-STD-15-02,2,167.5017995,167.5,22,1240,647,534,613,508,698
dmab|attribute|C=0.1|lambda=3.0,dmab,attribute,0.1,3.0,HOSP-STD-15-02,3,174.0019675,174.0,13,1266,671,191,1046,325,767
dmab|attribute|C=0.1|lambda=3.0,dmab,attribute,0.1,3.0,HOSP-STD-15-02,4,174.0019735,174.0,19,1158,681,596,616,416,691
dmab|attribute|C=0.1|lambda=3.0,dmab,attribute,0.1,3.0,HOSP-STD-15-02,5,174.0019675,174.0,15,1303,677,548,475,396,904
dmab|attribute|C=0.1|lambda=3.0,dmab,attribute,0.1,3.0,HOSP-STD-15-03,0,157.501312,157.5,13,457,552,619,842,410,577
dmab|attribute|C=0.1|lambda=3.0,dmab,attribute,0.1,3.0,HOSP-STD-15-03,1,168.001559,168.0,24,514,401,531,518,632,918
dmab|attribute|C=0.1|lambda=3.0,dmab,attribute,0.1,3.0,HOSP-STD-15-03,2,165.00152,165.0,18,382,485,472,1147,557,339
dmab|attribute|C=0.1|lambda=3.0,dmab,attribute,0.1,3.0,HOSP-STD-15-03,3,165.001276,165.0,15,535,407,596,774,462,761
dmab|attribute|C=0.1|lambda=3.0,dmab,attribute,0.1,3.0,HOSP-STD-15-03,4,166.901299,165.0,22,434,561,442,1143,360,494
dmab|attribute|C=0.1|lambda=3.0,dmab,attribute,0.1,3.0,HOSP-STD-15-03,5,170.001756,170.0,19,641,366,493,512,656,973
dmab|attribute|C=0.1|lambda=3.0,dmab,attribute,0.1,3.0,HOSP-STD-20-01,0,182.0031645,182.0,20,814,617,662,802,401,518
dmab|attribute|C=0.1|lambda=3.0,dmab,attribute,0.1,3.0,HOSP-STD-20-01,1,182.0031645,182.0,18,830,588,563,703,328,818
dmab|attribute|C=0.1|lambda=3.0,dmab,attribute,0.1,3.0,HOSP-STD-20-01,2,182.0031645,182.0,13,712,329,514,1298,370,489
dmab|attribute|C=0.1|lambda=3.0,dmab,attribute,0.1,3.0,HOSP-STD-20-01,3,177.5030015,177.5,8,917,274,638,1030,270,788
dmab|attribute|C=0.1|lambda=3.0,dmab,attribute,0.1,3.0,HOSP-STD-20-01,4,182.0031645,182.0,19,973,402,494,668,465,971
dmab|attribute|C=0.1|lambda=3.0,dmab,attribute,0.1,3.0,HOSP-STD-20-01,5,182.0030985,182.0,7,934,398,332,1165,504,601
dmab|attribute|C=0.1|lambda=3.0,dmab,attribute,0.1,3.0,HOSP-STD-20-02,0,207.003448,207.0,6,1618,305,290,869,439,1097
dmab|attribute|C=0.1|lambda=3.0,dmab,attribute,0.1,3.0,HOSP-STD-20-02,1,206.503479,206.5,17,1499,822,381,871,303,623
dmab|attribute|C=0.1|lambda=3.0,dmab,attribute,0.1,3.0,HOSP-STD-20-02,2,207.003441,207.0,9,1310,281,444,1345,405,525
dmab|attribute|C=0.1|lambda=3.0,dmab,attribute,0.1,3.0,HOSP-STD-20-02,3,204.503388,204.5,15,1509,453,890,583,510,564
dmab|attribute|C=0.1|lambda=3.0,dmab,attribute,0.1,3.0,HOSP-STD-20-02,4,207.003448,207.0,15,1299,507,646,642,265,940
dmab|attribute|C=0.1|lambda=3.0,dmab,attribute,0.1,3.0,HOSP-STD-20-02,5,207.003447,207.0,12,1447,319,554,996,384,747
dmab|attribute|C=0.1|lambda=3.0,dmab,attribute,0.1,3.0,HOSP-STD-20-03,0,226.45270399999998,220.5,20,707,593,567,680,387,773
dmab|attribute|C=0.1|lambda=3.0,dmab,attribute,0.1,3.0,HOSP-STD-20-03,1,202.0027475,202.0,23,518,373,543,1125,552,407
dmab|attribute|C=0.1|lambda=3.0,dmab,attribute,0.1,3.0,HOSP-STD-20-03,2,210.0031795,210.0,15,692,489,515,1021,468,507
dmab|attribute|C=0.1|lambda=3.0,dmab,attribute,0.1,3.0,HOSP-STD-20-03,3,206.5029655,206.5,9,706,628,346,600,227,1199
dmab|attribute|C=0.1|lambda=3.0,dmab,attribute,0.1,3.0,HOSP-STD-20-03,4,218.0032445,218.0,3,531,190,267,1961,198,384
dmab|attribute|C=0.1|lambda=3.0,dmab,attribute,0.1,3.0,HOSP-STD-20-03,5,207.5031765,207.5,11,658,983,357,801,496,363
dmab|attribute|C=0.1|lambda=3.0,dmab,attribute,0.1,3.0,HOSP-STD-25-01,0,234.0036945,234.0,18,821,406,535,979,414,666
dmab|attribute|C=0.1|lambda=3.0,dmab,attribute,0.1,3.0,HOSP-STD-25-01,1,234.0037045,234.0,4,816,316,457,980,830,417
dmab|attribute|C=0.1|lambda=3.0,dmab,attribute,0.1,3.0,HOSP-STD-25-01,2,226.5045115,226.5,10,724,454,476,1207,413,450
dmab|attribute|C=0.1|lambda=3.0,dmab,attribute,0.1,3.0,HOSP-STD-25-01,3,234.0037045,234.0,13,892,630,472,781,365,752
dmab|attribute|C=0.1|lambda=3.0,dmab,attribute,0.1,3.0,HOSP-STD-25-01,4,234.0037045,234.0,18,849,323,610,787,456,824
dmab|attribute|C=0.1|lambda=3.0,dmab,attribute,0.1,3.0,HOSP-STD-25-01,5,234.0036895,234.0,17,838,624,578,734,484,580
dmab|attribute|C=0.1|lambda=3.0,dmab,attribute,0.1,3.0,HOSP-STD-25-02,0,267.0042625,267.0,16,1384,656,482,854,434,574
dmab|attribute|C=0.1|lambda=3.0,dmab,attribute,0.1,3.0,HOSP-STD-25-02,1,253.5042585,253.5,11,1281,581,485,955,533,446
dmab|attribute|C=0.1|lambda=3.0,dmab,attribute,0.1,3.0,HOSP-STD-25-02,2,260.5052615,260.5,8,1332,598,427,1054,403,518
dmab|attribute|C=0.1|lambda=3.0,dmab,attribute,0.1,3.0,HOSP-STD-25-02,3,254.0043325,254.0,9,1330,797,463,744,283,713
dmab|attribute|C=0.1|lambda=3.0,dmab,attribute,0.1,3.0,HOSP-STD-25-02,4,261.0049325,261.0,11,1331,297,677,704,345,977
dmab|attribute|C=0.1|lambda=3.0,dmab,attribute,0.1,3.0,HOSP-STD-25-02,5,267.0042625,267.0,9,1349,319,382,1038,366,895
dmab|attribute|C=0.1|lambda=3.0,dmab,attribute,0.1,3.0,HOSP-STD-25-03,0,239.0037095,239.0,31,725,436,453,833,608,670
dmab|attribute|C=0.1|lambda=3.0,dmab,attribute,0.1,3.0,HOSP-STD-25-03,1,239.0037505,239.0,10,597,470,368,899,579,684
dmab|attribute|C=0.1|lambda=3.0,dmab,attribute,0.1,3.0,HOSP-STD-25-03,2,231.0037845,231.0,10,658,509,424,1188,340,539
dmab|attribute|C=0.1|lambda=3.0,dmab,attribute,0.1,3.0,HOSP-STD-25-03,3,236.5037845,236.5,10,551,451,536,934,529,550
dmab|attribute|C=0.1|lambda=3.0,dmab,attribute,0.1,3.0,HOSP-STD-25-03,4,238.5038395,238.5,9,474,291,410,1359,302,638
dmab|attribute|C=0.1|lambda=3.0,dmab,attribute,0.1,3.0,HOSP-STD-25-03,5,239.0037505,239.0,16,578,505,428,1029,355,683
dmab|attribute|C=0.1|lambda=3.0,dmab,attribute,0.1,3.0,HOSP-STD-30-01,0,264.656074,258.0,13,997,441,439,1073,398,649
dmab|attribute|C=0.1|lambda=3.0,dmab,attribute,0.1,3.0,HOSP-STD-30-01,1,269.40525549999995,267.5,11,833,351,453,1141,457,598
dmab|attribute|C=0.1|lambda=3.0,dmab,attribute,0.1,3.0,HOSP-STD-30-01,2,269.40525549999995,267.5,19,1141,785,435,450,504,826
dmab|attribute|C=0.1|lambda=3.0,dmab,attribute,0.1,3.0,HOSP-STD-30-01,3,266.0054415,266.0,5,846,500,465,1010,418,607
dmab|attribute|C=0.1|lambda=3.0,dmab,attribute,0.1,3.0,HOSP-STD-30-01,4,254.5058365,254.5,12,828,351,269,1516,364,500
dmab|attribute|C=0.1|lambda=3.0,dmab,attribute,0.1,3.0,HOSP-STD-30-01,5,269.40525549999995,267.5,8,1029,379,340,666,629,986
dmab|attribute|C=0.1|lambda=3.0,dmab,attribute,0.1,3.0,HOSP-STD-30-02,0,306.506088,306.5,11,1522,433,413,769,446,939
dmab|attribute|C=0.1|lambda=3.0,dmab,attribute,0.1,3.0,HOSP-STD-30-02,1,303.506348,303.5,5,1248,425,697,881,423,574
dmab|attribute|C=0.1|lambda=3.0,dmab,attribute,0.1,3.0,HOSP-STD-30-02,2,306.506088,306.5,7,1220,641,314,1281,270,494
dmab|attribute|C=0.1|lambda=3.0,dmab,attribute,0.1,3.0,HOSP-STD-30-02,3,306.506083,306.5,14,1512,473,324,906,367,930
dmab|attribute|C=0.1|lambda=3.0,dmab,attribute,0.1,3.0,HOSP-STD-30-02,4,299.506522,299.5,8,1139,312,273,1641,316,458
dmab|attribute|C=0.1|lambda=3.0,dmab,attribute,0.1,3.0,HOSP-STD-30-02,5,306.506088,306.5,6,1363,514,624,769,586,507
dmab|attribute|C=0.1|lambda=3.0,dmab,attribute,0.1,3.0,HOSP-STD-30-03,0,263.5070845,263.5,10,754,711,434,1176,348,331
dmab|attribute|C=0.1|lambda=3.0,dmab,attribute,0.1,3.0,HOSP-STD-30-03,1,263.5070845,263.5,15,724,464,412,1215,286,623
dmab|attribute|C=0.1|lambda=3.0,dmab,attribute,0.1,3.0,HOSP-STD-30-03,2,263.5070845,263.5,7,884,437,334,1071,444,714
dmab|attribute|C=0.1|lambda=3.0,dmab,attribute,0.1,3.0,HOSP-STD-30-03,3,263.5070845,263.5,10,882,345,307,1063,336,949
dmab|attribute|C=0.1|lambda=3.0,dmab,attribute,0.1,3.0,HOSP-STD-30-03,4,263.5069365,263.5,7,768,281,612,841,282,984
dmab|attribute|C=0.1|lambda=3.0,dmab,attribute,0.1,3.0,HOSP-STD-30-03,5,263.5070185,263.5,11,906,345,403,905,802,545
dmab|attribute|C=0.03|lambda=0.35,dmab,attribute,0.03,0.35,HOSP-STD-15-01,0,147.5017325,147.5,121,750,555,590,804,493,558
dmab|attribute|C=0.03|lambda=0.35,dmab,attribute,0.03,0.35,HOSP-STD-15-01,1,147.5017585,147.5,132,811,635,609,646,514,596
dmab|attribute|C=0.03|lambda=0.35,dmab,attribute,0.03,0.35,HOSP-STD-15-01,2,146.5015095,146.5,164,713,695,666,569,480,590
dmab|attribute|C=0.03|lambda=0.35,dmab,attribute,0.03,0.35,HOSP-STD-15-01,3,147.5017325,147.5,148,767,608,578,674,582,558
dmab|attribute|C=0.03|lambda=0.35,dmab,attribute,0.03,0.35,HOSP-STD-15-01,4,147.5017555,147.5,162,892,632,627,629,566,546
dmab|attribute|C=0.03|lambda=0.35,dmab,attribute,0.03,0.35,HOSP-STD-15-01,5,147.5017555,147.5,165,672,618,570,803,472,537
dmab|attribute|C=0.03|lambda=0.35,dmab,attribute,0.03,0.35,HOSP-STD-15-02,0,174.0019885,174.0,119,1200,620,558,647,521,654
dmab|attribute|C=0.03|lambda=0.35,dmab,attribute,0.03,0.35,HOSP-STD-15-02,1,171.5019095,171.5,129,1280,576,554,678,508,684
dmab|attribute|C=0.03|lambda=0.35,dmab,attribute,0.03,0.35,HOSP-STD-15-02,2,173.0019515,173.0,141,1316,626,608,650,537,579
dmab|attribute|C=0.03|lambda=0.35,dmab,attribute,0.03,0.35,HOSP-STD-15-02,3,174.0019815,174.0,155,1327,622,578,751,475,574
dmab|attribute|C=0.03|lambda=0.35,dmab,attribute,0.03,0.35,HOSP-STD-15-02,4,174.0019885,174.0,168,1315,607,599,658,515,621
dmab|attribute|C=0.03|lambda=0.35,dmab,attribute,0.03,0.35,HOSP-STD-15-02,5,174.0019575,174.0,150,1290,604,620,700,487,589
dmab|attribute|C=0.03|lambda=0.35,dmab,attribute,0.03,0.35,HOSP-STD-15-03,0,165.001473,165.0,82,553,607,680,654,497,562
dmab|attribute|C=0.03|lambda=0.35,dmab,attribute,0.03,0.35,HOSP-STD-15-03,1,157.001594,157.0,97,470,640,613,641,578,528
dmab|attribute|C=0.03|lambda=0.35,dmab,attribute,0.03,0.35,HOSP-STD-15-03,2,173.00125,173.0,157,566,616,616,628,517,623
dmab|attribute|C=0.03|lambda=0.35,dmab,attribute,0.03,0.35,HOSP-STD-15-03,3,165.0013,165.0,138,506,623,641,634,513,589
dmab|attribute|C=0.03|lambda=0.35,dmab,attribute,0.03,0.35,HOSP-STD-15-03,4,162.001693,162.0,226,617,663,609,598,539,591
dmab|attribute|C=0.03|lambda=0.35,dmab,attribute,0.03,0.35,HOSP-STD-15-03,5,164.401553,157.5,149,588,594,585,727,518,576
dmab|attribute|C=0.03|lambda=0.35,dmab,attribute,0.03,0.35,HOSP-STD-20-01,0,182.0031645,182.0,60,884,717,533,718,498,534
dmab|attribute|C=0.03|lambda=0.35,dmab,attribute,0.03,0.35,HOSP-STD-20-01,1,182.0031645,182.0,146,950,619,654,622,547,558
dmab|attribute|C=0.03|lambda=0.35,dmab,attribute,0.03,0.35,HOSP-STD-20-01,2,182.0031645,182.0,104,959,549,558,743,538,612
dmab|attribute|C=0.03|lambda=0.35,dmab,attribute,0.03,0.35,HOSP-STD-20-01,3,182.0031645,182.0,154,974,618,587,671,546,578
dmab|attribute|C=0.03|lambda=0.35,dmab,attribute,0.03,0.35,HOSP-STD-20-01,4,182.0031645,182.0,108,1001,616,576,652,580,576
dmab|attribute|C=0.03|lambda=0.35,dmab,attribute,0.03,0.35,HOSP-STD-20-01,5,182.0031435,182.0,136,981,687,602,582,535,594
dmab|attribute|C=0.03|lambda=0.35,dmab,attribute,0.03,0.35,HOSP-STD-20-02,0,207.003448,207.0,117,1527,961,496,570,427,546
dmab|attribute|C=0.03|lambda=0.35,dmab,attribute,0.03,0.35,HOSP-STD-20-02,1,207.003448,207.0,140,1596,598,706,651,491,554
dmab|attribute|C=0.03|lambda=0.35,dmab,attribute,0.03,0.35,HOSP-STD-20-02,2,207.003441,207.0,106,1642,575,615,665,488,657
dmab|attribute|C=0.03|lambda=0.35,dmab,attribute,0.03,0.35,HOSP-STD-20-02,3,204.503388,204.5,91,1574,577,543,796,500,584
dmab|attribute|C=0.03|lambda=0.35,dmab,attribute,0.03,0.35,HOSP-STD-20-02,4,207.003448,207.0,123,1557,595,583,611,552,659
dmab|attribute|C=0.03|lambda=0.35,dmab,attribute,0.03,0.35,HOSP-STD-20-02,5,207.003447,207.0,107,1540,641,639,622,526,572
dmab|attribute|C=0.03|lambda=0.35,dmab,attribute,0.03,0.35,HOSP-STD-20-03,0,211.0028735,211.0,119,591,565,625,711,498,601
dmab|attribute|C=0.03|lambda=0.35,dmab,attribute,0.03,0.35,HOSP-STD-20-03,1,219.5035905,219.5,125,674,577,614,690,576,543
dmab|attribute|C=0.03|lambda=0.35,dmab,attribute,0.03,0.35,HOSP-STD-20-03,2,223.65261800000002,217.0,170,737,680,651,569,485,615
dmab|attribute|C=0.03|lambda=0.35,dmab,attribute,0.03,0.35,HOSP-STD-20-03,3,211.5025685,211.5,127,650,621,609,615,548,607
dmab|attribute|C=0.03|lambda=0.35,dmab,attribute,0.03,0.35,HOSP-STD-20-03,4,218.5029595,218.5,126,607,611,606,664,539,580
dmab|attribute|C=0.03|lambda=0.35,dmab,attribute,0.03,0.35,HOSP-STD-20-03,5,207.5027375,207.5,115,678,559,558,668,595,620
dmab|attribute|C=0.03|lambda=0.35,dmab,attribute,0.03,0.35,HOSP-STD-25-01,0,231.0047075,231.0,104,958,597,669,613,510,611
dmab|attribute|C=0.03|lambda=0.35,dmab,attribute,0.03,0.35,HOSP-STD-25-01,1,233.0042145,233.0,48,919,557,728,579,605,531
dmab|attribute|C=0.03|lambda=0.35,dmab,attribute,0.03,0.35,HOSP-STD-25-01,2,225.5041135,225.5,56,842,563,662,721,547,507
dmab|attribute|C=0.03|lambda=0.35,dmab,attribute,0.03,0.35,HOSP-STD-25-01,3,234.0036965,234.0,91,852,597,540,745,532,586
dmab|attribute|C=0.03|lambda=0.35,dmab,attribute,0.03,0.35,HOSP-STD-25-01,4,234.0037075,234.0,94,1051,563,563,619,626,629
dmab|attribute|C=0.03|lambda=0.35,dmab,attribute,0.03,0.35,HOSP-STD-25-01,5,216.5045185,216.5,66,886,501,668,880,433,518
dmab|attribute|C=0.03|lambda=0.35,dmab,attribute,0.03,0.35,HOSP-STD-25-02,0,267.0042625,267.0,84,1392,605,661,611,491,632
dmab|attribute|C=0.03|lambda=0.35,dmab,attribute,0.03,0.35,HOSP-STD-25-02,1,254.0043025,254.0,132,1589,621,565,595,510,709
dmab|attribute|C=0.03|lambda=0.35,dmab,attribute,0.03,0.35,HOSP-STD-25-02,2,251.0046575,251.0,70,1455,582,644,664,490,620
dmab|attribute|C=0.03|lambda=0.35,dmab,attribute,0.03,0.35,HOSP-STD-25-02,3,253.5042295,253.5,78,1329,495,522,939,546,498
dmab|attribute|C=0.03|lambda=0.35,dmab,attribute,0.03,0.35,HOSP-STD-25-02,4,267.0042625,267.0,114,1494,597,602,625,548,628
dmab|attribute|C=0.03|lambda=0.35,dmab,attribute,0.03,0.35,HOSP-STD-25-02,5,259.5046435,259.5,83,1473,602,628,632,535,603
dmab|attribute|C=0.03|lambda=0.35,dmab,attribute,0.03,0.35,HOSP-STD-25-03,0,239.0037095,239.0,139,709,617,636,638,580,529
dmab|attribute|C=0.03|lambda=0.35,dmab,attribute,0.03,0.35,HOSP-STD-25-03,1,239.0037505,239.0,109,550,621,555,721,561,542
dmab|attribute|C=0.03|lambda=0.35,dmab,attribute,0.03,0.35,HOSP-STD-25-03,2,235.0037815,235.0,76,589,566,526,855,498,555
dmab|attribute|C=0.03|lambda=0.35,dmab,attribute,0.03,0.35,HOSP-STD-25-03,3,239.0037505,239.0,158,651,584,631,672,568,545
dmab|attribute|C=0.03|lambda=0.35,dmab,attribute,0.03,0.35,HOSP-STD-25-03,4,238.5038395,238.5,98,612,625,541,606,601,627
dmab|attribute|C=0.03|lambda=0.35,dmab,attribute,0.03,0.35,HOSP-STD-25-03,5,239.0037505,239.0,86,730,531,681,691,511,586
dmab|attribute|C=0.03|lambda=0.35,dmab,attribute,0.03,0.35,HOSP-STD-30-01,0,255.0056815,255.0,84,790,526,719,737,485,533
dmab|attribute|C=0.03|lambda=0.35,dmab,attribute,0.03,0.35,HOSP-STD-30-01,1,269.40525549999995,267.5,72,1061,496,563,763,551,627
dmab|attribute|C=0.03|lambda=0.35,dmab,attribute,0.03,0.35,HOSP-STD-30-01,2,255.5054695,255.5,82,784,594,656,600,519,631
dmab|attribute|C=0.03|lambda=0.35,dmab,attribute,0.03,0.35,HOSP-STD-30-01,3,269.40525549999995,267.5,75,1034,626,646,612,505,611
dmab|attribute|C=0.03|lambda=0.35,dmab,attribute,0.03,0.35,HOSP-STD-30-01,4,266.555356,258.0,98,1085,635,609,600,518,638
dmab|attribute|C=0.03|lambda=0.35,dmab,attribute,0.03,0.35,HOSP-STD-30-01,5,269.40525549999995,267.5,117,1017,639,645,672,518,526
dmab|attribute|C=0.03|lambda=0.35,dmab,attribute,0.03,0.35,HOSP-STD-30-02,0,300.506298,300.5,48,1412,511,562,673,609,645
dmab|attribute|C=0.03|lambda=0.35,dmab,attribute,0.03,0.35,HOSP-STD-30-02,1,293.505843,293.5,35,1285,556,477,763,551,653
dmab|attribute|C=0.03|lambda=0.35,dmab,attribute,0.03,0.35,HOSP-STD-30-02,2,303.506028,303.5,60,1377,580,517,703,564,636
dmab|attribute|C=0.03|lambda=0.35,dmab,attribute,0.03,0.35,HOSP-STD-30-02,3,306.506088,306.5,81,1535,612,525,653,618,592
dmab|attribute|C=0.03|lambda=0.35,dmab,attribute,0.03,0.35,HOSP-STD-30-02,4,306.007283,306.0,94,1428,582,743,600,516,559
dmab|attribute|C=0.03|lambda=0.35,dmab,attribute,0.03,0.35,HOSP-STD-30-02,5,306.506088,306.5,80,1357,490,503,967,523,517
dmab|attribute|C=0.03|lambda=0.35,dmab,attribute,0.03,0.35,HOSP-STD-30-03,0,263.5070235,263.5,91,756,585,602,714,583,516
dmab|attribute|C=0.03|lambda=0.35,dmab,attribute,0.03,0.35,HOSP-STD-30-03,1,263.5070845,263.5,104,861,551,571,713,494,671
dmab|attribute|C=0.03|lambda=0.35,dmab,attribute,0.03,0.35,HOSP-STD-30-03,2,263.5070845,263.5,103,767,532,650,804,487,527
dmab|attribute|C=0.03|lambda=0.35,dmab,attribute,0.03,0.35,HOSP-STD-30-03,3,263.5070845,263.5,170,865,598,643,608,608,543
dmab|attribute|C=0.03|lambda=0.35,dmab,attribute,0.03,0.35,HOSP-STD-30-03,4,263.5069365,263.5,112,876,522,668,691,512,607
dmab|attribute|C=0.03|lambda=0.35,dmab,attribute,0.03,0.35,HOSP-STD-30-03,5,263.5070185,263.5,113,739,516,512,899,483,590
dmab|attribute|C=0.03|lambda=1.0,dmab,attribute,0.03,1.0,HOSP-STD-15-01,0,147.5017325,147.5,106,730,507,579,792,515,607
dmab|attribute|C=0.03|lambda=1.0,dmab,attribute,0.03,1.0,HOSP-STD-15-01,1,147.5017585,147.5,96,784,500,568,742,592,598
dmab|attribute|C=0.03|lambda=1.0,dmab,attribute,0.03,1.0,HOSP-STD-15-01,2,147.5017555,147.5,71,823,632,528,791,438,611
dmab|attribute|C=0.03|lambda=1.0,dmab,attribute,0.03,1.0,HOSP-STD-15-01,3,147.5017325,147.5,93,797,528,505,650,564,753
dmab|attribute|C=0.03|lambda=1.0,dmab,attribute,0.03,1.0,HOSP-STD-15-01,4,147.5017555,147.5,114,928,583,505,603,696,613
dmab|attribute|C=0.03|lambda=1.0,dmab,attribute,0.03,1.0,HOSP-STD-15-01,5,147.5017555,147.5,79,660,623,526,586,572,693
dmab|attribute|C=0.03|lambda=1.0,dmab,attribute,0.03,1.0,HOSP-STD-15-02,0,174.0019885,174.0,83,1290,490,559,948,427,576
dmab|attribute|C=0.03|lambda=1.0,dmab,attribute,0.03,1.0,HOSP-STD-15-02,1,174.0019675,174.0,88,1236,726,502,687,419,666
dmab|attribute|C=0.03|lambda=1.0,dmab,attribute,0.03,1.0,HOSP-STD-15-02,2,174.0019765,174.0,93,1227,718,586,691,385,620
dmab|attribute|C=0.03|lambda=1.0,dmab,attribute,0.03,1.0,HOSP-STD-15-02,3,177.0019895,177.0,71,1199,664,689,765,428,454
dmab|attribute|C=0.03|lambda=1.0,dmab,attribute,0.03,1.0,HOSP-STD-15-02,4,170.5016165,170.5,60,1251,652,381,818,410,739
dmab|attribute|C=0.03|lambda=1.0,dmab,attribute,0.03,1.0,HOSP-STD-15-02,5,174.0019675,174.0,88,1256,517,453,880,456,694
dmab|attribute|C=0.03|lambda=1.0,dmab,attribute,0.03,1.0,HOSP-STD-15-03,0,167.001357,167.0,107,552,574,572,819,492,543
dmab|attribute|C=0.03|lambda=1.0,dmab,attribute,0.03,1.0,HOSP-STD-15-03,1,172.001809,172.0,84,544,484,511,775,572,658
dmab|attribute|C=0.03|lambda=1.0,dmab,attribute,0.03,1.0,HOSP-STD-15-03,2,159.40159500000001,157.0,63,587,537,509,889,404,661
dmab|attribute|C=0.03|lambda=1.0,dmab,attribute,0.03,1.0,HOSP-STD-15-03,3,167.401337,165.5,86,466,599,504,878,477,542
dmab|attribute|C=0.03|lambda=1.0,dmab,attribute,0.03,1.0,HOSP-STD-15-03,4,154.501352,154.5,67,362,538,571,930,481,480
dmab|attribute|C=0.03|lambda=1.0,dmab,attribute,0.03,1.0,HOSP-STD-15-03,5,155.501468,155.5,73,433,665,746,772,355,462
dmab|attribute|C=0.03|lambda=1.0,dmab,attribute,0.03,1.0,HOSP-STD-20-01,0,182.0031645,182.0,22,851,866,592,888,324,330
dmab|attribute|C=0.03|lambda=1.0,dmab,attribute,0.03,1.0,HOSP-STD-20-01,1,182.0031645,182.0,80,1064,673,543,723,441,620
dmab|attribute|C=0.03|lambda=1.0,dmab,attribute,0.03,1.0,HOSP-STD-20-01,2,182.0031645,182.0,38,850,432,520,1041,581,426
dmab|attribute|C=0.03|lambda=1.0,dmab,attribute,0.03,1.0,HOSP-STD-20-01,3,182.0031645,182.0,71,907,574,574,721,447,684
dmab|attribute|C=0.03|lambda=1.0,dmab,attribute,0.03,1.0,HOSP-STD-20-01,4,182.0031645,182.0,72,932,408,910,460,351,871
dmab|attribute|C=0.03|lambda=1.0,dmab,attribute,0.03,1.0,HOSP-STD-20-01,5,182.0030985,182.0,44,985,703,554,839,392,512
dmab|attribute|C=0.03|lambda=1.0,dmab,attribute,0.03,1.0,HOSP-STD-20-02,0,207.003448,207.0,101,1474,541,687,655,428,689
dmab|attribute|C=0.03|lambda=1.0,dmab,attribute,0.03,1.0,HOSP-STD-20-02,1,207.003448,207.0,58,1346,546,540,940,535,439
dmab|attribute|C=0.03|lambda=1.0,dmab,attribute,0.03,1.0,HOSP-STD-20-02,2,207.003441,207.0,61,1560,644,514,648,526,668
dmab|attribute|C=0.03|lambda=1.0,dmab,attribute,0.03,1.0,HOSP-STD-20-02,3,204.503391,204.5,62,1621,540,788,590,374,708
dmab|attribute|C=0.03|lambda=1.0,dmab,attribute,0.03,1.0,HOSP-STD-20-02,4,207.003448,207.0,52,1475,791,444,574,611,580
dmab|attribute|C=0.03|lambda=1.0,dmab,attribute,0.03,1.0,HOSP-STD-20-02,5,207.003447,207.0,63,1647,442,509,586,699,764
dmab|attribute|C=0.03|lambda=1.0,dmab,attribute,0.03,1.0,HOSP-STD-20-03,0,210.5027615,210.5,39,579,509,382,1048,521,540
dmab|attribute|C=0.03|lambda=1.0,dmab,attribute,0.03,1.0,HOSP-STD-20-03,1,215.0027635,215.0,41,542,841,429,707,327,696
dmab|attribute|C=0.03|lambda=1.0,dmab,attribute,0.03,1.0,HOSP-STD-20-03,2,201.5030365,201.5,84,617,439,824,671,510,556
dmab|attribute|C=0.03|lambda=1.0,dmab,attribute,0.03,1.0,HOSP-STD-20-03,3,226.5025485,226.5,66,606,624,494,670,544,668
dmab|attribute|C=0.03|lambda=1.0,dmab,attribute,0.03,1.0,HOSP-STD-20-03,4,216.5030965,216.5,63,600,431,590,1113,381,485
dmab|attribute|C=0.03|lambda=1.0,dmab,attribute,0.03,1.0,HOSP-STD-20-03,5,211.5027045,211.5,55,534,500,617,869,501,513
dmab|attribute|C=0.03|lambda=1.0,dmab,attribute,0.03,1.0,HOSP-STD-25-01,0,234.0037075,234.0,15,761,640,336,1201,338,485
dmab|attribute|C=0.03|lambda=1.0,dmab,attribute,0.03,1.0,HOSP-STD-25-01,1,234.0037045,234.0,61,879,699,447,815,595,444
dmab|attribute|C=0.03|lambda=1.0,dmab,attribute,0.03,1.0,HOSP-STD-25-01,2,229.0039805,229.0,55,840,536,611,662,626,565
dmab|attribute|C=0.03|lambda=1.0,dmab,attribute,0.03,1.0,HOSP-STD-25-01,3,223.0038375,223.0,42,861,574,707,550,470,699
dmab|attribute|C=0.03|lambda=1.0,dmab,attribute,0.03,1.0,HOSP-STD-25-01,4,219.5038695,219.5,79,880,820,458,654,471,597
dmab|attribute|C=0.03|lambda=1.0,dmab,attribute,0.03,1.0,HOSP-STD-25-01,5,234.0036895,234.0,35,802,410,275,1591,302,422
dmab|attribute|C=0.03|lambda=1.0,dmab,attribute,0.03,1.0,HOSP-STD-25-02,0,267.0042625,267.0,38,1550,870,444,619,732,335
dmab|attribute|C=0.03|lambda=1.0,dmab,attribute,0.03,1.0,HOSP-STD-25-02,1,264.0044625,264.0,40,1403,387,599,852,387,775
dmab|attribute|C=0.03|lambda=1.0,dmab,attribute,0.03,1.0,HOSP-STD-25-02,2,255.95450499999998,255.0,44,1366,548,364,971,347,770
dmab|attribute|C=0.03|lambda=1.0,dmab,attribute,0.03,1.0,HOSP-STD-25-02,3,253.5042145,253.5,29,1460,517,491,517,535,940
dmab|attribute|C=0.03|lambda=1.0,dmab,attribute,0.03,1.0,HOSP-STD-25-02,4,266.5047475,266.5,40,1324,391,735,835,471,568
dmab|attribute|C=0.03|lambda=1.0,dmab,attribute,0.03,1.0,HOSP-STD-25-02,5,257.5048945,257.5,52,1520,530,517,621,469,863
dmab|attribute|C=0.03|lambda=1.0,dmab,attribute,0.03,1.0,HOSP-STD-25-03,0,239.0037095,239.0,58,587,656,530,839,421,554
dmab|attribute|C=0.03|lambda=1.0,dmab,attribute,0.03,1.0,HOSP-STD-25-03,1,239.0037505,239.0,68,668,771,489,594,703,443
dmab|attribute|C=0.03|lambda=1.0,dmab,attribute,0.03,1.0,HOSP-STD-25-03,2,235.0037815,235.0,55,709,674,456,965,447,458
dmab|attribute|C=0.03|lambda=1.0,dmab,attribute,0.03,1.0,HOSP-STD-25-03,3,239.0037505,239.0,79,749,567,554,781,581,517
dmab|attribute|C=0.03|lambda=1.0,dmab,attribute,0.03,1.0,HOSP-STD-25-03,4,238.5038395,238.5,43,695,532,608,839,362,659
dmab|attribute|C=0.03|lambda=1.0,dmab,attribute,0.03,1.0,HOSP-STD-25-03,5,239.0037505,239.0,59,580,542,760,698,569,431
dmab|attribute|C=0.03|lambda=1.0,dmab,attribute,0.03,1.0,HOSP-STD-30-01,0,266.0054685,266.0,27,997,704,466,772,645,413
dmab|attribute|C=0.03|lambda=1.0,dmab,attribute,0.03,1.0,HOSP-STD-30-01,1,269.40525549999995,267.5,52,1027,524,479,493,806,698
dmab|attribute|C=0.03|lambda=1.0,dmab,attribute,0.03,1.0,HOSP-STD-30-01,2,269.40525549999995,267.5,75,966,549,556,861,434,600
dmab|attribute|C=0.03|lambda=1.0,dmab,attribute,0.03,1.0,HOSP-STD-30-01,3,269.40525549999995,267.5,45,1003,481,443,1118,460,498
dmab|attribute|C=0.03|lambda=1.0,dmab,attribute,0.03,1.0,HOSP-STD-30-01,4,263.5058025,263.5,40,872,397,791,842,459,511
dmab|attribute|C=0.03|lambda=1.0,dmab,attribute,0.03,1.0,HOSP-STD-30-01,5,269.40525549999995,267.5,57,1078,577,440,1033,509,441
dmab|attribute|C=0.03|lambda=1.0,dmab,attribute,0.03,1.0,HOSP-STD-30-02,0,300.506231,300.5,36,1329,496,596,722,398,788
dmab|attribute|C=0.03|lambda=1.0,dmab,attribute,0.03,1.0,HOSP-STD-30-02,1,306.506088,306.5,36,1332,363,409,1133,362,733
dmab|attribute|C=0.03|lambda=1.0,dmab,attribute,0.03,1.0,HOSP-STD-30-02,2,306.506088,306.5,22,1076,381,576,1303,333,407
dmab|attribute|C=0.03|lambda=1.0,dmab,attribute,0.03,1.0,HOSP-STD-30-02,3,306.506088,306.5,35,1431,420,529,756,681,614
dmab|attribute|C=0.03|lambda=1.0,dmab,attribute,0.03,1.0,HOSP-STD-30-02,4,305.4561205,304.5,36,1446,407,491,559,601,942
dmab|attribute|C=0.03|lambda=1.0,dmab,attribute,0.03,1.0,HOSP-STD-30-02,5,297.4564535,296.5,43,1488,492,597,834,440,637
dmab|attribute|C=0.03|lambda=1.0,dmab,attribute,0.03,1.0,HOSP-STD-30-03,0,263.5070845,263.5,64,935,414,395,1032,430,729
dmab|attribute|C=0.03|lambda=1.0,dmab,attribute,0.03,1.0,HOSP-STD-30-03,1,263.5070845,263.5,62,772,614,530,644,453,759
dmab|attribute|C=0.03|lambda=1.0,dmab,attribute,0.03,1.0,HOSP-STD-30-03,2,263.5070845,263.5,45,877,380,499,870,608,643
dmab|attribute|C=0.03|lambda=1.0,dmab,attribute,0.03,1.0,HOSP-STD-30-03,3,263.5070845,263.5,71,849,435,481,890,633,561
dmab|attribute|C=0.03|lambda=1.0,dmab,attribute,0.03,1.0,HOSP-STD-30-03,4,263.5069365,263.5,39,747,605,656,754,264,721
dmab|attribute|C=0.03|lambda=1.0,dmab,attribute,0.03,1.0,HOSP-STD-30-03,5,263.5070185,263.5,63,894,586,498,785,676,455
dmab|solution|C=1.0|lambda=0.35,dmab,solution,1.0,0.35,HOSP-STD-15-01,0,142.0015065,142.0,29,587,615,621,628,544,592
dmab|solution|C=1.0|lambda=0.35,dmab,solution,1.0,0.35,HOSP-STD-15-01,1,141.651506,139.5,25,748,587,586,639,587,601
dmab|solution|C=1.0|lambda=0.35,dmab,solution,1.0,0.35,HOSP-STD-15-01,2,140.0014365,140.0,4,689,583,636,615,549,617
dmab|solution|C=1.0|lambda=0.35,dmab,solution,1.0,0.35,HOSP-STD-15-01,3,146.951594,146.0,12,656,616,591,624,566,603
dmab|solution|C=1.0|lambda=0.35,dmab,solution,1.0,0.35,HOSP-STD-15-01,4,142.0015055,142.0,25,783,599,614,629,556,602
dmab|solution|C=1.0|lambda=0.35,dmab,solution,1.0,0.35,HOSP-STD-15-01,5,147.5017585,147.5,23,608,614,615,614,566,591
dmab|solution|C=1.0|lambda=0.35,dmab,solution,1.0,0.35,HOSP-STD-15-02,0,166.5017495,166.5,15,1291,607,579,636,534,644
dmab|solution|C=1.0|lambda=0.35,dmab,solution,1.0,0.35,HOSP-STD-15-02,1,170.0017995,170.0,36,1193,595,602,644,549,610
dmab|solution|C=1.0|lambda=0.35,dmab,solution,1.0,0.35,HOSP-STD-15-02,2,171.0018845,171.0,20,1233,603,610,627,555,605
dmab|solution|C=1.0|lambda=0.35,dmab,solution,1.0,0.35,HOSP-STD-15-02,3,168.8017235,165.0,15,1344,608,599,645,548,600
dmab|solution|C=1.0|lambda=0.35,dmab,solution,1.0,0.35,HOSP-STD-15-02,4,168.5018945,168.5,27,1401,612,610,620,541,617
dmab|solution|C=1.0|lambda=0.35,dmab,solution,1.0,0.35,HOSP-STD-15-02,5,167.0019315,167.0,15,1229,590,627,628,545,610
dmab|solution|C=1.0|lambda=0.35,dmab,solution,1.0,0.35,HOSP-STD-15-03,0,155.501236,155.5,5,223,580,613,606,583,618
dmab|solution|C=1.0|lambda=0.35,dmab,solution,1.0,0.35,HOSP-STD-15-03,1,153.501456,153.5,26,307,626,594,619,564,597
dmab|solution|C=1.0|lambda=0.35,dmab,solution,1.0,0.35,HOSP-STD-15-03,2,157.001577,157.0,10,502,633,591,611,573,592
dmab|solution|C=1.0|lambda=0.35,dmab,solution,1.0,0.35,HOSP-STD-15-03,3,154.001334,154.0,15,319,593,632,625,564,586
dmab|solution|C=1.0|lambda=0.35,dmab,solution,1.0,0.35,HOSP-STD-15-03,4,153.001281,153.0,2,270,631,600,611,572,586
dmab|solution|C=1.0|lambda=0.35,dmab,solution,1.0,0.35,HOSP-STD-15-03,5,156.001458,156.0,1,374,608,629,586,547,630
dmab|solution|C=1.0|lambda=0.35,dmab,solution,1.0,0.35,HOSP-STD-20-01,0,182.0031645,182.0,12,1006,591,604,639,564,602
dmab|solution|C=1.0|lambda=0.35,dmab,solution,1.0,0.35,HOSP-STD-20-01,1,178.0028195,178.0,27,878,592,594,640,572,602
dmab|solution|C=1.0|lambda=0.35,dmab,solution,1.0,0.35,HOSP-STD-20-01,2,181.0031145,181.0,27,967,589,612,619,572,608
dmab|solution|C=1.0|lambda=0.35,dmab,solution,1.0,0.35,HOSP-STD-20-01,3,181.5028715,181.5,13,891,607,615,631,565,582
dmab|solution|C=1.0|lambda=0.35,dmab,solution,1.0,0.35,HOSP-STD-20-01,4,182.0031645,182.0,12,859,599,612,586,556,647
dmab|solution|C=1.0|lambda=0.35,dmab,solution,1.0,0.35,HOSP-STD-20-01,5,182.0031435,182.0,25,828,592,605,627,579,597
dmab|solution|C=1.0|lambda=0.35,dmab,solution,1.0,0.35,HOSP-STD-20-02,0,207.003448,207.0,22,1607,632,577,645,530,616
dmab|solution|C=1.0|lambda=0.35,dmab,solution,1.0,0.35,HOSP-STD-20-02,1,207.003448,207.0,14,1577,621,614,614,533,618
dmab|solution|C=1.0|lambda=0.35,dmab,solution,1.0,0.35,HOSP-STD-20-02,2,207.003448,207.0,32,1452,601,617,655,520,607
dmab|solution|C=1.0|lambda=0.35,dmab,solution,1.0,0.35,HOSP-STD-20-02,3,207.003448,207.0,26,1383,602,597,635,548,618
dmab|solution|C=1.0|lambda=0.35,dmab,solution,1.0,0.35,HOSP-STD-20-02,4,207.003448,207.0,18,1583,597,585,635,553,630
dmab|solution|C=1.0|lambda=0.35,dmab,solution,1.0,0.35,HOSP-STD-20-02,5,207.003448,207.0,15,1615,604,585,662,527,622
dmab|solution|C=1.0|lambda=0.35,dmab,solution,1.0,0.35,HOSP-STD-20-03,0,214.0027795,214.0,12,578,586,615,613,566,620
dmab|solution|C=1.0|lambda=0.35,dmab,solution,1.0,0.35,HOSP-STD-20-03,1,195.0025135,195.0,27,478,616,603,608,577,596
dmab|solution|C=1.0|lambda=0.35,dmab,solution,1.0,0.35,HOSP-STD-20-03,2,211.5027815,211.5,18,540,580,598,628,584,610
dmab|solution|C=1.0|lambda=0.35,dmab,solution,1.0,0.35,HOSP-STD-20-03,3,187.0023225,187.0,5,421,609,616,626,551,598
dmab|solution|C=1.0|lambda=0.35,dmab,solution,1.0,0.35,HOSP-STD-20-03,4,199.0026975,199.0,29,566,616,612,605,568,599
dmab|solution|C=1.0|lambda=0.35,dmab,solution,1.0,0.35,HOSP-STD-20-03,5,203.352708,200.5,21,547,626,596,589,574,615
dmab|solution|C=1.0|lambda=0.35,dmab,solution,1.0,0.35,HOSP-STD-25-01,0,221.5039665,221.5,9,840,590,606,627,572,605
dmab|solution|C=1.0|lambda=0.35,dmab,solution,1.0,0.35,HOSP-STD-25-01,1,220.5041495,220.5,30,1055,597,587,611,577,628
dmab|solution|C=1.0|lambda=0.35,dmab,solution,1.0,0.35,HOSP-STD-25-01,2,234.0037045,234.0,38,1000,595,604,635,577,589
dmab|solution|C=1.0|lambda=0.35,dmab,solution,1.0,0.35,HOSP-STD-25-01,3,217.0038215,217.0,8,987,599,619,607,578,597
dmab|solution|C=1.0|lambda=0.35,dmab,solution,1.0,0.35,HOSP-STD-25-01,4,217.0039335,217.0,12,887,604,593,617,578,608
dmab|solution|C=1.0|lambda=0.35,dmab,solution,1.0,0.35,HOSP-STD-25-01,5,212.0039305,212.0,14,902,588,603,626,591,592
dmab|solution|C=1.0|lambda=0.35,dmab,solution,1.0,0.35,HOSP-STD-25-02,0,244.0044625,244.0,24,1200,604,606,652,541,597
dmab|solution|C=1.0|lambda=0.35,dmab,solution,1.0,0.35,HOSP-STD-25-02,1,258.0046375,258.0,16,1450,600,595,608,581,616
dmab|solution|C=1.0|lambda=0.35,dmab,solution,1.0,0.35,HOSP-STD-25-02,2,258.5047545,258.5,19,1426,584,635,601,551,629
dmab|solution|C=1.0|lambda=0.35,dmab,solution,1.0,0.35,HOSP-STD-25-02,3,253.5048515,253.5,11,1418,592,597,642,564,605
dmab|solution|C=1.0|lambda=0.35,dmab,solution,1.0,0.35,HOSP-STD-25-02,4,262.454928,261.5,22,1492,614,583,630,572,601
dmab|solution|C=1.0|lambda=0.35,dmab,solution,1.0,0.35,HOSP-STD-25-02,5,257.5046965,257.5,11,1504,643,603,607,551,596
dmab|solution|C=1.0|lambda=0.35,dmab,solution,1.0,0.35,HOSP-STD-25-03,0,239.0037095,239.0,16,532,575,600,671,561,593
dmab|solution|C=1.0|lambda=0.35,dmab,solution,1.0,0.35,HOSP-STD-25-03,1,238.0040985,238.0,23,694,608,594,601,583,614
dmab|solution|C=1.0|lambda=0.35,dmab,solution,1.0,0.35,HOSP-STD-25-03,2,235.0038505,235.0,19,655,590,590,630,583,607
dmab|solution|C=1.0|lambda=0.35,dmab,solution,1.0,0.35,HOSP-STD-25-03,3,239.0037505,239.0,8,599,611,594,637,560,598
dmab|solution|C=1.0|lambda=0.35,dmab,solution,1.0,0.35,HOSP-STD-25-03,4,223.5039245,223.5,20,686,596,613,623,570,598
dmab|solution|C=1.0|lambda=0.35,dmab,solution,1.0,0.35,HOSP-STD-25-03,5,230.5041325,230.5,17,560,628,603,626,557,586
dmab|solution|C=1.0|lambda=0.35,dmab,solution,1.0,0.35,HOSP-STD-30-01,0,258.0056685,258.0,20,1011,594,620,591,581,614
dmab|solution|C=1.0|lambda=0.35,dmab,solution,1.0,0.35,HOSP-STD-30-01,1,251.4552,250.5,24,896,589,599,623,585,604
dmab|solution|C=1.0|lambda=0.35,dmab,solution,1.0,0.35,HOSP-STD-30-01,2,269.40525549999995,267.5,34,1107,575,611,644,571,599
dmab|solution|C=1.0|lambda=0.35,dmab,solution,1.0,0.35,HOSP-STD-30-01,3,248.0055105,248.0,15,912,584,627,628,566,595
dmab|solution|C=1.0|lambda=0.35,dmab,solution,1.0,0.35,HOSP-STD-30-01,4,267.0057255,267.0,7,1051,596,579,638,575,612
dmab|solution|C=1.0|lambda=0.35,dmab,solution,1.0,0.35,HOSP-STD-30-01,5,257.5056255,257.5,17,939,588,628,596,588,600
dmab|solution|C=1.0|lambda=0.35,dmab,solution,1.0,0.35,HOSP-STD-30-02,0,299.506107,299.5,50,1479,600,604,642,544,610
dmab|solution|C=1.0|lambda=0.35,dmab,solution,1.0,0.35,HOSP-STD-30-02,1,306.506088,306.5,12,1504,588,619,613,557,623
dmab|solution|C=1.0|lambda=0.35,dmab,solution,1.0,0.35,HOSP-STD-30-02,2,294.006349,294.0,15,1430,618,613,615,561,593
dmab|solution|C=1.0|lambda=0.35,dmab,solution,1.0,0.35,HOSP-STD-30-02,3,304.8560795,302.0,17,1371,617,630,620,546,587
dmab|solution|C=1.0|lambda=0.35,dmab,solution,1.0,0.35,HOSP-STD-30-02,4,283.006005,283.0,22,1553,600,612,603,576,609
dmab|solution|C=1.0|lambda=0.35,dmab,solution,1.0,0.35,HOSP-STD-30-02,5,296.006649,296.0,19,1618,586,595,614,581,624
dmab|solution|C=1.0|lambda=0.35,dmab,solution,1.0,0.35,HOSP-STD-30-03,0,263.5070845,263.5,34,923,582,603,602,604,609
dmab|solution|C=1.0|lambda=0.35,dmab,solution,1.0,0.35,HOSP-STD-30-03,1,263.5070845,263.5,19,832,583,594,617,582,624
dmab|solution|C=1.0|lambda=0.35,dmab,solution,1.0,0.35,HOSP-STD-30-03,2,263.5070845,263.5,14,780,595,603,628,589,585
dmab|solution|C=1.0|lambda=0.35,dmab,solution,1.0,0.35,HOSP-STD-30-03,3,263.5070845,263.5,28,762,595,601,620,581,603
dmab|solution|C=1.0|lambda=0.35,dmab,solution,1.0,0.35,HOSP-STD-30-03,4,261.0062515,261.0,9,757,589,599,645,576,591
dmab|solution|C=1.0|lambda=0.35,dmab,solution,1.0,0.35,HOSP-STD-30-03,5,263.5070185,263.5,16,714,622,579,626,582,591
dmab|solution|C=0.1|lambda=1.0,dmab,solution,0.1,1.0,HOSP-STD-15-01,0,145.0015555,145.0,19,741,506,606,762,562,564
dmab|solution|C=0.1|lambda=1.0,dmab,solution,0.1,1.0,HOSP-STD-15-01,1,144.5014245,144.5,14,616,650,547,643,663,497
dmab|solution|C=0.1|lambda=1.0,dmab,solution,0.1,1.0,HOSP-STD-15-01,2,145.5016635,145.5,7,522,414,470,1412,357,347
dmab|solution|C=0.1|lambda=1.0,dmab,solution,0.1,1.0,HOSP-STD-15-01,3,145.5017425,145.5,20,777,464,452,781,411,892
dmab|solution|C=0.1|lambda=1.0,dmab,solution,0.1,1.0,HOSP-STD-15-01,4,147.5016685,147.5,9,826,645,508,695,586,566
dmab|solution|C=0.1|lambda=1.0,dmab,solution,0.1,1.0,HOSP-STD-15-01,5,147.5017585,147.5,2,559,689,518,642,708,443
dmab|solution|C=0.1|lambda=1.0,dmab,solution,0.1,1.0,HOSP-STD-15-02,0,174.0019885,174.0,16,1291,672,556,925,426,421
dmab|solution|C=0.1|lambda=1.0,dmab,solution,0.1,1.0,HOSP-STD-15-02,1,172.5020485,172.5,17,1232,490,494,885,438,693
dmab|solution|C=0.1|lambda=1.0,dmab,solution,0.1,1.0,HOSP-STD-15-02,2,174.0018235,174.0,13,1312,558,561,735,611,535
dmab|solution|C=0.1|lambda=1.0,dmab,solution,0.1,1.0,HOSP-STD-15-02,3,168.5017765,168.5,14,1224,542,582,895,390,591
dmab|solution|C=0.1|lambda=1.0,dmab,solution,0.1,1.0,HOSP-STD-15-02,4,171.0019645,171.0,3,1278,285,556,1181,536,442
dmab|solution|C=0.1|lambda=1.0,dmab,solution,0.1,1.0,HOSP-STD-15-02,5,174.0019595,174.0,15,1471,430,535,622,426,987
dmab|solution|C=0.1|lambda=1.0,dmab,solution,0.1,1.0,HOSP-STD-15-03,0,148.95138649999998,148.0,12,349,553,689,740,500,518
dmab|solution|C=0.1|lambda=1.0,dmab,solution,0.1,1.0,HOSP-STD-15-03,1,147.001424,147.0,3,287,708,574,957,411,350
dmab|solution|C=0.1|lambda=1.0,dmab,solution,0.1,1.0,HOSP-STD-15-03,2,158.501382,158.5,15,380,450,690,592,492,776
dmab|solution|C=0.1|lambda=1.0,dmab,solution,0.1,1.0,HOSP-STD-15-03,3,155.501431,155.5,8,324,431,759,920,478,412
dmab|solution|C=0.1|lambda=1.0,dmab,solution,0.1,1.0,HOSP-STD-15-03,4,155.501475,155.5,6,328,411,796,799,558,436
dmab|solution|C=0.1|lambda=1.0,dmab,solution,0.1,1.0,HOSP-STD-15-03,5,159.95131949999998,159.0,5,365,475,506,826,567,626
dmab|solution|C=0.1|lambda=1.0,dmab,solution,0.1,1.0,HOSP-STD-20-01,0,182.0031645,182.0,20,902,502,560,860,562,516
dmab|solution|C=0.1|lambda=1.0,dmab,solution,0.1,1.0,HOSP-STD-20-01,1,182.0031645,182.0,14,932,598,631,614,433,724
dmab|solution|C=0.1|lambda=1.0,dmab,solution,0.1,1.0,HOSP-STD-20-01,2,177.0028085,177.0,14,844,498,750,650,449,653
dmab|solution|C=0.1|lambda=1.0,dmab,solution,0.1,1.0,HOSP-STD-20-01,3,182.0031645,182.0,7,996,484,455,980,384,697
dmab|solution|C=0.1|lambda=1.0,dmab,solution,0.1,1.0,HOSP-STD-20-01,4,182.0031645,182.0,15,868,441,472,655,385,1047
dmab|solution|C=0.1|lambda=1.0,dmab,solution,0.1,1.0,HOSP-STD-20-01,5,182.0031435,182.0,9,799,559,601,758,536,546
dmab|solution|C=0.1|lambda=1.0,dmab,solution,0.1,1.0,HOSP-STD-20-02,0,207.003448,207.0,13,1449,588,500,965,446,501
dmab|solution|C=0.1|lambda=1.0,dmab,solution,0.1,1.0,HOSP-STD-20-02,1,207.003448,207.0,14,1214,553,522,898,386,641
dmab|solution|C=0.1|lambda=1.0,dmab,solution,0.1,1.0,HOSP-STD-20-02,2,207.003448,207.0,7,1533,564,619,570,450,797
dmab|solution|C=0.1|lambda=1.0,dmab,solution,0.1,1.0,HOSP-STD-20-02,3,207.003448,207.0,11,1602,463,592,917,468,560
dmab|solution|C=0.1|lambda=1.0,dmab,solution,0.1,1.0,HOSP-STD-20-02,4,207.003418,207.0,14,1545,465,592,871,507,565
dmab|solution|C=0.1|lambda=1.0,dmab,solution,0.1,1.0,HOSP-STD-20-02,5,207.003448,207.0,21,1289,619,775,808,352,446
dmab|solution|C=0.1|lambda=1.0,dmab,solution,0.1,1.0,HOSP-STD-20-03,0,219.0028405,219.0,17,558,494,554,905,482,565
dmab|solution|C=0.1|lambda=1.0,dmab,solution,0.1,1.0,HOSP-STD-20-03,1,195.0025955,195.0,14,442,647,440,1039,423,451
dmab|solution|C=0.1|lambda=1.0,dmab,solution,0.1,1.0,HOSP-STD-20-03,2,189.5027115,189.5,7,507,437,620,1000,495,448
dmab|solution|C=0.1|lambda=1.0,dmab,solution,0.1,1.0,HOSP-STD-20-03,3,194.5025695,194.5,14,483,465,744,655,573,563
dmab|solution|C=0.1|lambda=1.0,dmab,solution,0.1,1.0,HOSP-STD-20-03,4,200.5028565,200.5,21,626,516,573,869,507,535
dmab|solution|C=0.1|lambda=1.0,dmab,solution,0.1,1.0,HOSP-STD-20-03,5,199.5024075,199.5,12,496,537,411,664,351,1037
dmab|solution|C=0.1|lambda=1.0,dmab,solution,0.1,1.0,HOSP-STD-25-01,0,226.5040255,226.5,23,904,665,557,661,460,657
dmab|solution|C=0.1|lambda=1.0,dmab,solution,0.1,1.0,HOSP-STD-25-01,1,217.0037305,217.0,14,866,638,484,956,467,455
dmab|solution|C=0.1|lambda=1.0,dmab,solution,0.1,1.0,HOSP-STD-25-01,2,222.5036745,222.5,9,745,748,596,559,571,526
dmab|solution|C=0.1|lambda=1.0,dmab,solution,0.1,1.0,HOSP-STD-25-01,3,229.5037765,229.5,9,789,542,794,656,372,636
dmab|solution|C=0.1|lambda=1.0,dmab,solution,0.1,1.0,HOSP-STD-25-01,4,218.5036905,218.5,7,607,527,376,1184,539,374
dmab|solution|C=0.1|lambda=1.0,dmab,solution,0.1,1.0,HOSP-STD-25-01,5,233.5042895,233.5,14,1024,533,408,603,559,897
dmab|solution|C=0.1|lambda=1.0,dmab,solution,0.1,1.0,HOSP-STD-25-02,0,262.5044945,262.5,10,1443,426,390,589,434,1161
dmab|solution|C=0.1|lambda=1.0,dmab,solution,0.1,1.0,HOSP-STD-25-02,1,267.0042625,267.0,14,1581,501,647,678,502,672
dmab|solution|C=0.1|lambda=1.0,dmab,solution,0.1,1.0,HOSP-STD-25-02,2,259.5045795,259.5,4,1342,552,825,801,543,279
dmab|solution|C=0.1|lambda=1.0,dmab,solution,0.1,1.0,HOSP-STD-25-02,3,253.5042605,253.5,10,1378,464,652,805,592,487
dmab|solution|C=0.1|lambda=1.0,dmab,solution,0.1,1.0,HOSP-STD-25-02,4,253.5042845,253.5,12,1197,705,522,825,438,510
dmab|solution|C=0.1|lambda=1.0,dmab,solution,0.1,1.0,HOSP-STD-25-02,5,253.0043895,253.0,12,1316,551,569,789,506,585
dmab|solution|C=0.1|lambda=1.0,dmab,solution,0.1,1.0,HOSP-STD-25-03,0,238.0040265,238.0,10,448,433,581,1034,469,483
dmab|solution|C=0.1|lambda=1.0,dmab,solution,0.1,1.0,HOSP-STD-25-03,1,232.0040455,232.0,6,464,666,711,808,413,402
dmab|solution|C=0.1|lambda=1.0,dmab,solution,0.1,1.0,HOSP-STD-25-03,2,231.0037845,231.0,21,572,507,485,674,610,724
dmab|solution|C=0.1|lambda=1.0,dmab,solution,0.1,1.0,HOSP-STD-25-03,3,233.0037655,233.0,10,632,934,432,711,498,425
dmab|solution|C=0.1|lambda=1.0,dmab,solution,0.1,1.0,HOSP-STD-25-03,4,227.0042715,227.0,12,667,536,460,421,647,936
dmab|solution|C=0.1|lambda=1.0,dmab,solution,0.1,1.0,HOSP-STD-25-03,5,213.0037715,213.0,10,497,433,613,963,512,479
dmab|solution|C=0.1|lambda=1.0,dmab,solution,0.1,1.0,HOSP-STD-30-01,0,260.0053375,260.0,8,890,537,640,896,536,391
dmab|solution|C=0.1|lambda=1.0,dmab,solution,0.1,1.0,HOSP-STD-30-01,1,238.0053045,238.0,10,880,565,872,786,374,403
dmab|solution|C=0.1|lambda=1.0,dmab,solution,0.1,1.0,HOSP-STD-30-01,2,253.0056445,253.0,2,846,264,622,1268,358,488
dmab|solution|C=0.1|lambda=1.0,dmab,solution,0.1,1.0,HOSP-STD-30-01,3,256.0054735,256.0,10,892,513,572,945,473,497
dmab|solution|C=0.1|lambda=1.0,dmab,solution,0.1,1.0,HOSP-STD-30-01,4,258.5057605,258.5,19,1091,456,618,704,552,670
dmab|solution|C=0.1|lambda=1.0,dmab,solution,0.1,1.0,HOSP-STD-30-01,5,261.5058935,261.5,25,1052,482,499,942,540,537
dmab|solution|C=0.1|lambda=1.0,dmab,solution,0.1,1.0,HOSP-STD-30-02,0,285.506165,285.5,14,1400,509,575,989,384,543
dmab|solution|C=0.1|lambda=1.0,dmab,solution,0.1,1.0,HOSP-STD-30-02,1,306.506088,306.5,12,1566,642,535,678,532,613
dmab|solution|C=0.1|lambda=1.0,dmab,solution,0.1,1.0,HOSP-STD-30-02,2,304.506302,304.5,15,1530,480,521,971,392,636
dmab|solution|C=0.1|lambda=1.0,dmab,solution,0.1,1.0,HOSP-STD-30-02,3,294.00623,294.0,19,1469,499,513,849,580,559
dmab|solution|C=0.1|lambda=1.0,dmab,solution,0.1,1.0,HOSP-STD-30-02,4,304.506216,304.5,3,1452,428,507,817,401,847
dmab|solution|C=0.1|lambda=1.0,dmab,solution,0.1,1.0,HOSP-STD-30-02,5,274.005938,274.0,6,1279,653,489,886,528,444
dmab|solution|C=0.1|lambda=1.0,dmab,solution,0.1,1.0,HOSP-STD-30-03,0,262.0054355,262.0,11,665,605,499,919,474,503
dmab|solution|C=0.1|lambda=1.0,dmab,solution,0.1,1.0,HOSP-STD-30-03,1,263.5070565,263.5,14,902,384,530,647,396,1043
dmab|solution|C=0.1|lambda=1.0,dmab,solution,0.1,1.0,HOSP-STD-30-03,2,263.5070845,263.5,8,756,517,595,855,562,471
dmab|solution|C=0.1|lambda=1.0,dmab,solution,0.1,1.0,HOSP-STD-30-03,3,263.5070845,263.5,14,757,479,502,947,566,506
dmab|solution|C=0.1|lambda=1.0,dmab,solution,0.1,1.0,HOSP-STD-30-03,4,263.5069345,263.5,12,772,457,553,769,559,662
dmab|solution|C=0.1|lambda=1.0,dmab,solution,0.1,1.0,HOSP-STD-30-03,5,263.5070185,263.5,16,880,453,509,761,511,766
dmab|solution|C=0.1|lambda=10.0,dmab,solution,0.1,10.0,HOSP-STD-15-01,0,145.0015285,145.0,0,562,174,730,1297,459,340
dmab|solution|C=0.1|lambda=10.0,dmab,solution,0.1,10.0,HOSP-STD-15-01,1,147.5017585,147.5,0,944,144,101,173,802,1780
dmab|solution|C=0.1|lambda=10.0,dmab,solution,0.1,10.0,HOSP-STD-15-01,2,145.5016635,145.5,0,443,323,344,1828,252,253
dmab|solution|C=0.1|lambda=10.0,dmab,solution,0.1,10.0,HOSP-STD-15-01,3,147.5017325,147.5,0,896,157,364,841,113,1525
dmab|solution|C=0.1|lambda=10.0,dmab,solution,0.1,10.0,HOSP-STD-15-01,4,147.5017275,147.5,0,753,766,517,1211,275,231
dmab|solution|C=0.1|lambda=10.0,dmab,solution,0.1,10.0,HOSP-STD-15-01,5,147.5017585,147.5,0,704,235,541,273,248,1703
dmab|solution|C=0.1|lambda=10.0,dmab,solution,0.1,10.0,HOSP-STD-15-02,0,174.0016295,174.0,0,1155,743,388,1112,405,352
dmab|solution|C=0.1|lambda=10.0,dmab,solution,0.1,10.0,HOSP-STD-15-02,1,170.0019795,170.0,0,1231,391,312,1338,709,250
dmab|solution|C=0.1|lambda=10.0,dmab,solution,0.1,10.0,HOSP-STD-15-02,2,171.5019225,171.5,1,1458,326,206,562,192,1714
dmab|solution|C=0.1|lambda=10.0,dmab,solution,0.1,10.0,HOSP-STD-15-02,3,166.0018235,166.0,1,1024,414,1012,988,297,289
dmab|solution|C=0.1|lambda=10.0,dmab,solution,0.1,10.0,HOSP-STD-15-02,4,174.0019495,174.0,1,1354,297,370,794,168,1371
dmab|solution|C=0.1|lambda=10.0,dmab,solution,0.1,10.0,HOSP-STD-15-02,5,167.5017015,167.5,1,1303,347,1227,570,257,599
dmab|solution|C=0.1|lambda=10.0,dmab,solution,0.1,10.0,HOSP-STD-15-03,0,164.501458,164.5,0,489,670,302,1137,329,562
dmab|solution|C=0.1|lambda=10.0,dmab,solution,0.1,10.0,HOSP-STD-15-03,1,162.501466,162.5,0,389,764,421,855,193,767
dmab|solution|C=0.1|lambda=10.0,dmab,solution,0.1,10.0,HOSP-STD-15-03,2,153.7513105,149.0,0,374,308,256,956,1227,253
dmab|solution|C=0.1|lambda=10.0,dmab,solution,0.1,10.0,HOSP-STD-15-03,3,157.001636,157.0,0,220,273,323,1714,230,460
dmab|solution|C=0.1|lambda=10.0,dmab,solution,0.1,10.0,HOSP-STD-15-03,4,150.0015,150.0,0,241,266,831,1177,410,316
dmab|solution|C=0.1|lambda=10.0,dmab,solution,0.1,10.0,HOSP-STD-15-03,5,151.501523,151.5,0,325,474,414,1288,557,267
dmab|solution|C=0.1|lambda=10.0,dmab,solution,0.1,10.0,HOSP-STD-20-01,0,182.0031645,182.0,0,747,404,1199,513,453,431
dmab|solution|C=0.1|lambda=10.0,dmab,solution,0.1,10.0,HOSP-STD-20-01,1,182.0031645,182.0,1,908,511,913,906,182,488
dmab|solution|C=0.1|lambda=10.0,dmab,solution,0.1,10.0,HOSP-STD-20-01,2,173.5029375,173.5,0,832,249,286,1399,761,305
dmab|solution|C=0.1|lambda=10.0,dmab,solution,0.1,10.0,HOSP-STD-20-01,3,172.5029895,172.5,0,960,171,277,1857,370,325
dmab|solution|C=0.1|lambda=10.0,dmab,solution,0.1,10.0,HOSP-STD-20-01,4,182.0031645,182.0,0,1012,369,427,139,143,1922
dmab|solution|C=0.1|lambda=10.0,dmab,solution,0.1,10.0,HOSP-STD-20-01,5,182.0031435,182.0,0,955,109,150,575,143,2023
dmab|solution|C=0.1|lambda=10.0,dmab,solution,0.1,10.0,HOSP-STD-20-02,0,207.003448,207.0,0,1333,191,369,1035,418,987
dmab|solution|C=0.1|lambda=10.0,dmab,solution,0.1,10.0,HOSP-STD-20-02,1,206.503341,206.5,0,1281,318,1670,516,208,288
dmab|solution|C=0.1|lambda=10.0,dmab,solution,0.1,10.0,HOSP-STD-20-02,2,206.003385,206.0,0,1288,498,191,1261,319,731
dmab|solution|C=0.1|lambda=10.0,dmab,solution,0.1,10.0,HOSP-STD-20-02,3,207.003448,207.0,0,1436,695,464,1219,385,237
dmab|solution|C=0.1|lambda=10.0,dmab,solution,0.1,10.0,HOSP-STD-20-02,4,204.503414,204.5,0,1639,270,326,293,80,2031
dmab|solution|C=0.1|lambda=10.0,dmab,solution,0.1,10.0,HOSP-STD-20-02,5,207.003448,207.0,0,1724,176,203,647,191,1783
dmab|solution|C=0.1|lambda=10.0,dmab,solution,0.1,10.0,HOSP-STD-20-03,0,201.9024145,200.0,0,352,370,702,1375,246,307
dmab|solution|C=0.1|lambda=10.0,dmab,solution,0.1,10.0,HOSP-STD-20-03,1,204.952854,204.0,1,411,465,570,1353,298,314
dmab|solution|C=0.1|lambda=10.0,dmab,solution,0.1,10.0,HOSP-STD-20-03,2,191.0026235,191.0,0,438,420,629,1244,434,273
dmab|solution|C=0.1|lambda=10.0,dmab,solution,0.1,10.0,HOSP-STD-20-03,3,199.5025505,199.5,0,435,496,979,619,137,769
dmab|solution|C=0.1|lambda=10.0,dmab,solution,0.1,10.0,HOSP-STD-20-03,4,202.0027415,202.0,1,615,221,188,790,719,1082
dmab|solution|C=0.1|lambda=10.0,dmab,solution,0.1,10.0,HOSP-STD-20-03,5,205.0029655,205.0,0,846,256,78,185,125,2356
dmab|solution|C=0.1|lambda=10.0,dmab,solution,0.1,10.0,HOSP-STD-25-01,0,234.0036995,234.0,1,781,677,494,1255,354,220
dmab|solution|C=0.1|lambda=10.0,dmab,solution,0.1,10.0,HOSP-STD-25-01,1,223.0041645,223.0,0,679,384,506,1128,304,678
dmab|solution|C=0.1|lambda=10.0,dmab,solution,0.1,10.0,HOSP-STD-25-01,2,219.5038635,219.5,1,675,261,1126,656,207,750
dmab|solution|C=0.1|lambda=10.0,dmab,solution,0.1,10.0,HOSP-STD-25-01,3,232.5042805,232.5,0,865,441,1471,342,416,330
dmab|solution|C=0.1|lambda=10.0,dmab,solution,0.1,10.0,HOSP-STD-25-01,4,232.5038225,232.5,1,904,248,176,264,590,1722
dmab|solution|C=0.1|lambda=10.0,dmab,solution,0.1,10.0,HOSP-STD-25-01,5,217.5037725,217.5,0,825,552,395,681,369,1003
dmab|solution|C=0.1|lambda=10.0,dmab,solution,0.1,10.0,HOSP-STD-25-02,0,267.0042625,267.0,0,1412,128,172,502,159,2039
dmab|solution|C=0.1|lambda=10.0,dmab,solution,0.1,10.0,HOSP-STD-25-02,1,256.5048435,256.5,0,1343,283,720,955,330,712
dmab|solution|C=0.1|lambda=10.0,dmab,solution,0.1,10.0,HOSP-STD-25-02,2,259.0043385,259.0,0,1381,401,496,183,1123,797
dmab|solution|C=0.1|lambda=10.0,dmab,solution,0.1,10.0,HOSP-STD-25-02,3,254.0043325,254.0,0,1437,247,511,706,350,1186
dmab|solution|C=0.1|lambda=10.0,dmab,solution,0.1,10.0,HOSP-STD-25-02,4,263.5047045,263.5,1,1509,411,276,375,687,1251
dmab|solution|C=0.1|lambda=10.0,dmab,solution,0.1,10.0,HOSP-STD-25-02,5,261.654617,255.0,0,1198,277,1007,1066,401,249
dmab|solution|C=0.1|lambda=10.0,dmab,solution,0.1,10.0,HOSP-STD-25-03,0,239.0037095,239.0,0,519,407,232,1538,591,232
dmab|solution|C=0.1|lambda=10.0,dmab,solution,0.1,10.0,HOSP-STD-25-03,1,232.0040455,232.0,0,440,352,725,1343,320,260
dmab|solution|C=0.1|lambda=10.0,dmab,solution,0.1,10.0,HOSP-STD-25-03,2,231.0037845,231.0,0,475,300,291,1600,641,168
dmab|solution|C=0.1|lambda=10.0,dmab,solution,0.1,10.0,HOSP-STD-25-03,3,233.0038055,233.0,0,614,347,266,768,1285,334
dmab|solution|C=0.1|lambda=10.0,dmab,solution,0.1,10.0,HOSP-STD-25-03,4,239.0037505,239.0,0,568,628,512,453,1237,170
dmab|solution|C=0.1|lambda=10.0,dmab,solution,0.1,10.0,HOSP-STD-25-03,5,239.0037505,239.0,0,763,81,270,76,77,2496
dmab|solution|C=0.1|lambda=10.0,dmab,solution,0.1,10.0,HOSP-STD-30-01,0,267.5053665,267.5,0,908,166,775,1323,608,128
dmab|solution|C=0.1|lambda=10.0,dmab,solution,0.1,10.0,HOSP-STD-30-01,1,254.5055175,254.5,0,718,310,810,1279,389,212
dmab|solution|C=0.1|lambda=10.0,dmab,solution,0.1,10.0,HOSP-STD-30-01,2,256.5053975,256.5,0,947,186,309,1604,619,282
dmab|solution|C=0.1|lambda=10.0,dmab,solution,0.1,10.0,HOSP-STD-30-01,3,269.40525549999995,267.5,0,1046,181,331,253,275,1960
dmab|solution|C=0.1|lambda=10.0,dmab,solution,0.1,10.0,HOSP-STD-30-01,4,262.0054865,262.0,0,1071,171,160,504,1246,919
dmab|solution|C=0.1|lambda=10.0,dmab,solution,0.1,10.0,HOSP-STD-30-01,5,249.8054035,246.0,0,800,365,186,1240,867,342
dmab|solution|C=0.1|lambda=10.0,dmab,solution,0.1,10.0,HOSP-STD-30-02,0,296.506447,296.5,0,1331,525,273,1248,281,673
dmab|solution|C=0.1|lambda=10.0,dmab,solution,0.1,10.0,HOSP-STD-30-02,1,295.506584,295.5,0,1358,242,384,1428,460,486
dmab|solution|C=0.1|lambda=10.0,dmab,solution,0.1,10.0,HOSP-STD-30-02,2,282.006107,282.0,0,1476,509,752,422,177,1140
dmab|solution|C=0.1|lambda=10.0,dmab,solution,0.1,10.0,HOSP-STD-30-02,3,306.506088,306.5,0,1576,623,344,460,197,1376
dmab|solution|C=0.1|lambda=10.0,dmab,solution,0.1,10.0,HOSP-STD-30-02,4,301.506405,301.5,0,1411,398,1061,747,510,284
dmab|solution|C=0.1|lambda=10.0,dmab,solution,0.1,10.0,HOSP-STD-30-02,5,293.006329,293.0,0,1169,462,617,1200,388,333
dmab|solution|C=0.1|lambda=10.0,dmab,solution,0.1,10.0,HOSP-STD-30-03,0,263.5070845,263.5,0,614,413,235,1716,313,323
dmab|solution|C=0.1|lambda=10.0,dmab,solution,0.1,10.0,HOSP-STD-30-03,1,263.5070845,263.5,0,843,169,445,485,575,1326
dmab|solution|C=0.1|lambda=10.0,dmab,solution,0.1,10.0,HOSP-STD-30-03,2,263.5070845,263.5,0,743,281,271,1504,258,686
dmab|solution|C=0.1|lambda=10.0,dmab,solution,0.1,10.0,HOSP-STD-30-03,3,263.5070575,263.5,0,698,208,228,1043,829,692
dmab|solution|C=0.1|lambda=10.0,dmab,solution,0.1,10.0,HOSP-STD-30-03,4,263.5069345,263.5,1,982,341,213,469,816,1161
dmab|solution|C=0.1|lambda=10.0,dmab,solution,0.1,10.0,HOSP-STD-30-03,5,263.5070185,263.5,0,808,127,157,1022,1568,126
dmab|solution|C=0.02|lambda=1.0,dmab,solution,0.02,1.0,HOSP-STD-15-01,0,144.0015305,144.0,17,738,873,235,596,193,1103
dmab|solution|C=0.02|lambda=1.0,dmab,solution,0.02,1.0,HOSP-STD-15-01,1,147.5015575,147.5,17,536,482,520,1026,510,462
dmab|solution|C=0.02|lambda=1.0,dmab,solution,0.02,1.0,HOSP-STD-15-01,2,147.5017585,147.5,9,854,221,814,223,1515,227
dmab|solution|C=0.02|lambda=1.0,dmab,solution,0.02,1.0,HOSP-STD-15-01,3,147.5017325,147.5,11,835,327,458,567,683,965
dmab|solution|C=0.02|lambda=1.0,dmab,solution,0.02,1.0,HOSP-STD-15-01,4,140.0014205,140.0,13,716,348,1029,485,658,480
dmab|solution|C=0.02|lambda=1.0,dmab,solution,0.02,1.0,HOSP-STD-15-01,5,147.5017585,147.5,15,688,486,294,765,359,1096
dmab|solution|C=0.02|lambda=1.0,dmab,solution,0.02,1.0,HOSP-STD-15-02,0,165.5017165,165.5,16,1128,269,487,968,282,994
dmab|solution|C=0.02|lambda=1.0,dmab,solution,0.02,1.0,HOSP-STD-15-02,1,173.0021105,173.0,21,1301,422,522,699,589,768
dmab|solution|C=0.02|lambda=1.0,dmab,solution,0.02,1.0,HOSP-STD-15-02,2,169.0019315,169.0,15,1223,262,320,978,233,1207
dmab|solution|C=0.02|lambda=1.0,dmab,solution,0.02,1.0,HOSP-STD-15-02,3,175.45197199999998,174.5,8,1427,136,133,894,216,1621
dmab|solution|C=0.02|lambda=1.0,dmab,solution,0.02,1.0,HOSP-STD-15-02,4,170.0019175,170.0,22,1370,313,484,650,217,1336
dmab|solution|C=0.02|lambda=1.0,dmab,solution,0.02,1.0,HOSP-STD-15-02,5,171.5019265,171.5,5,805,124,177,2418,114,167
dmab|solution|C=0.02|lambda=1.0,dmab,solution,0.02,1.0,HOSP-STD-15-03,0,163.501345,163.5,11,250,270,660,1546,220,304
dmab|solution|C=0.02|lambda=1.0,dmab,solution,0.02,1.0,HOSP-STD-15-03,1,165.001457,165.0,11,444,705,392,397,604,902
dmab|solution|C=0.02|lambda=1.0,dmab,solution,0.02,1.0,HOSP-STD-15-03,2,162.501357,162.5,7,350,213,279,1165,1045,298
dmab|solution|C=0.02|lambda=1.0,dmab,solution,0.02,1.0,HOSP-STD-15-03,3,162.001331,162.0,6,581,2057,319,285,192,147
dmab|solution|C=0.02|lambda=1.0,dmab,solution,0.02,1.0,HOSP-STD-15-03,4,168.95140949999998,168.0,6,371,628,228,1183,327,634
dmab|solution|C=0.02|lambda=1.0,dmab,solution,0.02,1.0,HOSP-STD-15-03,5,159.95131949999998,159.0,9,512,307,204,243,1791,455
dmab|solution|C=0.02|lambda=1.0,dmab,solution,0.02,1.0,HOSP-STD-20-01,0,182.0030315,182.0,15,738,232,237,2021,272,238
dmab|solution|C=0.02|lambda=1.0,dmab,solution,0.02,1.0,HOSP-STD-20-01,1,182.0031275,182.0,17,1005,492,612,917,449,530
dmab|solution|C=0.02|lambda=1.0,dmab,solution,0.02,1.0,HOSP-STD-20-01,2,181.0031145,181.0,18,898,322,460,837,641,740
dmab|solution|C=0.02|lambda=1.0,dmab,solution,0.02,1.0,HOSP-STD-20-01,3,182.0031645,182.0,20,1027,383,369,1215,401,632
dmab|solution|C=0.02|lambda=1.0,dmab,solution,0.02,1.0,HOSP-STD-20-01,4,182.0031645,182.0,9,916,318,242,1201,771,468
dmab|solution|C=0.02|lambda=1.0,dmab,solution,0.02,1.0,HOSP-STD-20-01,5,182.0031435,182.0,18,781,324,1198,660,369,449
dmab|solution|C=0.02|lambda=1.0,dmab,solution,0.02,1.0,HOSP-STD-20-02,0,207.003448,207.0,16,1173,353,619,1377,222,429
dmab|solution|C=0.02|lambda=1.0,dmab,solution,0.02,1.0,HOSP-STD-20-02,1,207.003448,207.0,17,1360,717,420,815,325,723
dmab|solution|C=0.02|lambda=1.0,dmab,solution,0.02,1.0,HOSP-STD-20-02,2,206.003331,206.0,4,1135,306,341,2093,151,109
dmab|solution|C=0.02|lambda=1.0,dmab,solution,0.02,1.0,HOSP-STD-20-02,3,207.003448,207.0,6,1474,182,390,1174,867,387
dmab|solution|C=0.02|lambda=1.0,dmab,solution,0.02,1.0,HOSP-STD-20-02,4,206.003397,206.0,1,1253,72,1545,1232,67,84
dmab|solution|C=0.02|lambda=1.0,dmab,solution,0.02,1.0,HOSP-STD-20-02,5,207.003448,207.0,12,1684,271,509,412,222,1586
dmab|solution|C=0.02|lambda=1.0,dmab,solution,0.02,1.0,HOSP-STD-20-03,0,201.0026815,201.0,0,415,97,2602,101,100,100
dmab|solution|C=0.02|lambda=1.0,dmab,solution,0.02,1.0,HOSP-STD-20-03,1,208.0029635,208.0,17,591,384,334,811,1215,256
dmab|solution|C=0.02|lambda=1.0,dmab,solution,0.02,1.0,HOSP-STD-20-03,2,200.952653,200.0,17,486,457,285,1108,468,682
dmab|solution|C=0.02|lambda=1.0,dmab,solution,0.02,1.0,HOSP-STD-20-03,3,205.5028855,205.5,11,447,292,612,1394,255,447
dmab|solution|C=0.02|lambda=1.0,dmab,solution,0.02,1.0,HOSP-STD-20-03,4,195.0026125,195.0,25,471,359,705,840,528,568
dmab|solution|C=0.02|lambda=1.0,dmab,solution,0.02,1.0,HOSP-STD-20-03,5,206.5029245,206.5,18,466,326,538,678,1098,360
dmab|solution|C=0.02|lambda=1.0,dmab,solution,0.02,1.0,HOSP-STD-25-01,0,234.0036965,234.0,19,900,819,405,1030,286,460
dmab|solution|C=0.02|lambda=1.0,dmab,solution,0.02,1.0,HOSP-STD-25-01,1,218.5041155,218.5,9,630,458,233,1741,225,343
dmab|solution|C=0.02|lambda=1.0,dmab,solution,0.02,1.0,HOSP-STD-25-01,2,234.0037045,234.0,21,848,333,383,867,281,1136
dmab|solution|C=0.02|lambda=1.0,dmab,solution,0.02,1.0,HOSP-STD-25-01,3,219.5039725,219.5,13,694,372,236,1334,215,843
dmab|solution|C=0.02|lambda=1.0,dmab,solution,0.02,1.0,HOSP-STD-25-01,4,217.0037725,217.0,6,561,134,128,2068,490,180
dmab|solution|C=0.02|lambda=1.0,dmab,solution,0.02,1.0,HOSP-STD-25-01,5,228.0039715,228.0,15,687,183,175,2076,176,390
dmab|solution|C=0.02|lambda=1.0,dmab,solution,0.02,1.0,HOSP-STD-25-02,0,259.0046815,259.0,14,1288,878,532,771,377,442
dmab|solution|C=0.02|lambda=1.0,dmab,solution,0.02,1.0,HOSP-STD-25-02,1,263.5049335,263.5,16,1337,1122,559,624,320,375
dmab|solution|C=0.02|lambda=1.0,dmab,solution,0.02,1.0,HOSP-STD-25-02,2,255.0049395,255.0,7,1616,298,613,351,785,953
dmab|solution|C=0.02|lambda=1.0,dmab,solution,0.02,1.0,HOSP-STD-25-02,3,253.0044915,253.0,11,1296,389,946,1043,374,248
dmab|solution|C=0.02|lambda=1.0,dmab,solution,0.02,1.0,HOSP-STD-25-02,4,253.5042845,253.5,16,1417,392,516,640,691,761
dmab|solution|C=0.02|lambda=1.0,dmab,solution,0.02,1.0,HOSP-STD-25-02,5,255.354511,252.5,2,877,460,82,2207,75,176
dmab|solution|C=0.02|lambda=1.0,dmab,solution,0.02,1.0,HOSP-STD-25-03,0,239.0037095,239.0,18,526,337,690,751,843,379
dmab|solution|C=0.02|lambda=1.0,dmab,solution,0.02,1.0,HOSP-STD-25-03,1,232.0040455,232.0,20,633,501,563,1274,384,278
dmab|solution|C=0.02|lambda=1.0,dmab,solution,0.02,1.0,HOSP-STD-25-03,2,236.8040205,233.0,7,465,638,882,829,399,252
dmab|solution|C=0.02|lambda=1.0,dmab,solution,0.02,1.0,HOSP-STD-25-03,3,239.0037505,239.0,9,490,259,1695,462,265,319
dmab|solution|C=0.02|lambda=1.0,dmab,solution,0.02,1.0,HOSP-STD-25-03,4,239.0037385,239.0,7,631,490,595,768,462,685
dmab|solution|C=0.02|lambda=1.0,dmab,solution,0.02,1.0,HOSP-STD-25-03,5,233.5036855,233.5,8,276,218,416,1744,388,234
dmab|solution|C=0.02|lambda=1.0,dmab,solution,0.02,1.0,HOSP-STD-30-01,0,262.5055695,262.5,16,991,422,349,935,348,946
dmab|solution|C=0.02|lambda=1.0,dmab,solution,0.02,1.0,HOSP-STD-30-01,1,255.5053335,255.5,3,905,1035,372,1086,318,189
dmab|solution|C=0.02|lambda=1.0,dmab,solution,0.02,1.0,HOSP-STD-30-01,2,269.40525549999995,267.5,17,909,335,615,1248,378,424
dmab|solution|C=0.02|lambda=1.0,dmab,solution,0.02,1.0,HOSP-STD-30-01,3,260.8057575,257.0,13,1050,547,1138,470,456,389
dmab|solution|C=0.02|lambda=1.0,dmab,solution,0.02,1.0,HOSP-STD-30-01,4,267.055204,258.5,21,927,457,366,1128,625,424
dmab|solution|C=0.02|lambda=1.0,dmab,solution,0.02,1.0,HOSP-STD-30-01,5,262.0056585,262.0,6,682,196,796,1278,227,503
dmab|solution|C=0.02|lambda=1.0,dmab,solution,0.02,1.0,HOSP-STD-30-02,0,302.9561715,302.0,13,1320,376,326,1620,246,432
dmab|solution|C=0.02|lambda=1.0,dmab,solution,0.02,1.0,HOSP-STD-30-02,1,294.95624449999997,294.0,15,1296,331,517,1098,316,738
dmab|solution|C=0.02|lambda=1.0,dmab,solution,0.02,1.0,HOSP-STD-30-02,2,291.506271,291.5,10,1168,356,331,1527,213,573
dmab|solution|C=0.02|lambda=1.0,dmab,solution,0.02,1.0,HOSP-STD-30-02,3,301.4567715,300.5,9,1336,462,941,788,360,449
dmab|solution|C=0.02|lambda=1.0,dmab,solution,0.02,1.0,HOSP-STD-30-02,4,306.506088,306.5,17,1272,280,367,1391,489,473
dmab|solution|C=0.02|lambda=1.0,dmab,solution,0.02,1.0,HOSP-STD-30-02,5,288.006215,288.0,8,1529,233,325,430,417,1595
dmab|solution|C=0.02|lambda=1.0,dmab,solution,0.02,1.0,HOSP-STD-30-03,0,263.5070845,263.5,21,815,836,406,722,449,587
dmab|solution|C=0.02|lambda=1.0,dmab,solution,0.02,1.0,HOSP-STD-30-03,1,263.5070565,263.5,7,593,194,195,2209,194,208
dmab|solution|C=0.02|lambda=1.0,dmab,solution,0.02,1.0,HOSP-STD-30-03,2,263.5070845,263.5,10,839,254,265,1204,869,408
dmab|solution|C=0.02|lambda=1.0,dmab,solution,0.02,1.0,HOSP-STD-30-03,3,261.0067505,261.0,12,555,231,307,1823,289,350
dmab|solution|C=0.02|lambda=1.0,dmab,solution,0.02,1.0,HOSP-STD-30-03,4,262.0069555,262.0,0,510,39,149,2724,51,37
dmab|solution|C=0.02|lambda=1.0,dmab,solution,0.02,1.0,HOSP-STD-30-03,5,257.3066455,253.5,0,432,46,46,2816,46,46
dmab|solution|C=0.02|lambda=10.0,dmab,solution,0.02,10.0,HOSP-STD-15-01,0,144.0015305,144.0,0,880,617,65,65,62,2191
dmab|solution|C=0.02|lambda=10.0,dmab,solution,0.02,10.0,HOSP-STD-15-01,1,146.5017085,146.5,0,948,9,9,734,26,2222
dmab|solution|C=0.02|lambda=10.0,dmab,solution,0.02,10.0,HOSP-STD-15-01,2,147.5017585,147.5,0,1044,96,172,96,2540,96
dmab|solution|C=0.02|lambda=10.0,dmab,solution,0.02,10.0,HOSP-STD-15-01,3,147.5017325,147.5,0,1252,25,24,25,25,2901
dmab|solution|C=0.02|lambda=10.0,dmab,solution,0.02,10.0,HOSP-STD-15-01,4,144.0017685,144.0,0,593,23,201,2732,22,22
dmab|solution|C=0.02|lambda=10.0,dmab,solution,0.02,10.0,HOSP-STD-15-01,5,147.5017585,147.5,0,1081,22,21,22,70,2865
dmab|solution|C=0.02|lambda=10.0,dmab,solution,0.02,10.0,HOSP-STD-15-02,0,175.5017835,175.5,0,1078,1513,781,600,52,54
dmab|solution|C=0.02|lambda=10.0,dmab,solution,0.02,10.0,HOSP-STD-15-02,1,174.0019605,174.0,0,848,27,26,2896,24,27
dmab|solution|C=0.02|lambda=10.0,dmab,solution,0.02,10.0,HOSP-STD-15-02,2,174.0019755,174.0,0,964,28,28,2680,237,27
dmab|solution|C=0.02|lambda=10.0,dmab,solution,0.02,10.0,HOSP-STD-15-02,3,169.0020045,169.0,1,795,67,1527,1244,95,67
dmab|solution|C=0.02|lambda=10.0,dmab,solution,0.02,10.0,HOSP-STD-15-02,4,165.0020045,165.0,0,1443,32,32,1088,116,1732
dmab|solution|C=0.02|lambda=10.0,dmab,solution,0.02,10.0,HOSP-STD-15-02,5,169.0019355,169.0,1,781,91,90,2641,86,92
dmab|solution|C=0.02|lambda=10.0,dmab,solution,0.02,10.0,HOSP-STD-15-03,0,167.001357,167.0,0,514,347,518,19,2022,94
dmab|solution|C=0.02|lambda=10.0,dmab,solution,0.02,10.0,HOSP-STD-15-03,1,173.001258,173.0,0,28,40,40,2844,39,37
dmab|solution|C=0.02|lambda=10.0,dmab,solution,0.02,10.0,HOSP-STD-15-03,2,162.501357,162.5,0,554,59,58,59,2768,56
dmab|solution|C=0.02|lambda=10.0,dmab,solution,0.02,10.0,HOSP-STD-15-03,3,167.401337,165.5,0,492,12,12,12,12,2952
dmab|solution|C=0.02|lambda=10.0,dmab,solution,0.02,10.0,HOSP-STD-15-03,4,168.95140949999998,168.0,0,406,69,69,68,67,2727
dmab|solution|C=0.02|lambda=10.0,dmab,solution,0.02,10.0,HOSP-STD-15-03,5,150.45139949999998,149.5,0,448,64,62,62,2749,63
dmab|solution|C=0.02|lambda=10.0,dmab,solution,0.02,10.0,HOSP-STD-20-01,0,182.0030315,182.0,0,622,90,51,2755,52,52
dmab|solution|C=0.02|lambda=10.0,dmab,solution,0.02,10.0,HOSP-STD-20-01,1,182.0031645,182.0,0,727,2654,38,38,232,38
dmab|solution|C=0.02|lambda=10.0,dmab,solution,0.02,10.0,HOSP-STD-20-01,2,181.0031145,181.0,0,1330,36,70,33,2828,33
dmab|solution|C=0.02|lambda=10.0,dmab,solution,0.02,10.0,HOSP-STD-20-01,3,182.0031645,182.0,0,1311,40,253,590,2038,79
dmab|solution|C=0.02|lambda=10.0,dmab,solution,0.02,10.0,HOSP-STD-20-01,4,182.0031645,182.0,0,1161,43,43,43,40,2831
dmab|solution|C=0.02|lambda=10.0,dmab,solution,0.02,10.0,HOSP-STD-20-01,5,182.0031435,182.0,0,505,114,1884,778,110,114
dmab|solution|C=0.02|lambda=10.0,dmab,solution,0.02,10.0,HOSP-STD-20-02,0,207.003448,207.0,0,981,46,47,2817,46,44
dmab|solution|C=0.02|lambda=10.0,dmab,solution,0.02,10.0,HOSP-STD-20-02,1,207.003448,207.0,0,860,22,140,2799,18,21
dmab|solution|C=0.02|lambda=10.0,dmab,solution,0.02,10.0,HOSP-STD-20-02,2,206.003332,206.0,0,2007,164,39,41,2714,42
dmab|solution|C=0.02|lambda=10.0,dmab,solution,0.02,10.0,HOSP-STD-20-02,3,207.003448,207.0,0,967,23,22,2910,22,23
dmab|solution|C=0.02|lambda=10.0,dmab,solution,0.02,10.0,HOSP-STD-20-02,4,207.003448,207.0,0,1885,10,10,10,9,2961
dmab|solution|C=0.02|lambda=10.0,dmab,solution,0.02,10.0,HOSP-STD-20-02,5,207.003448,207.0,0,1114,161,766,2018,25,30
dmab|solution|C=0.02|lambda=10.0,dmab,solution,0.02,10.0,HOSP-STD-20-03,0,201.0026815,201.0,0,415,97,2602,101,100,100
dmab|solution|C=0.02|lambda=10.0,dmab,solution,0.02,10.0,HOSP-STD-20-03,1,213.5025515,213.5,1,744,35,197,136,33,2599
dmab|solution|C=0.02|lambda=10.0,dmab,solution,0.02,10.0,HOSP-STD-20-03,2,193.5025295,193.5,0,68,30,29,2881,30,30
dmab|solution|C=0.02|lambda=10.0,dmab,solution,0.02,10.0,HOSP-STD-20-03,3,225.1028485,217.5,0,337,83,2671,83,80,83
dmab|solution|C=0.02|lambda=10.0,dmab,solution,0.02,10.0,HOSP-STD-20-03,4,193.5026575,193.5,0,728,25,25,846,196,1908
dmab|solution|C=0.02|lambda=10.0,dmab,solution,0.02,10.0,HOSP-STD-20-03,5,188.5026545,188.5,0,156,54,595,2175,55,121
dmab|solution|C=0.02|lambda=10.0,dmab,solution,0.02,10.0,HOSP-STD-25-01,0,226.0038945,226.0,1,392,38,174,2686,64,38
dmab|solution|C=0.02|lambda=10.0,dmab,solution,0.02,10.0,HOSP-STD-25-01,1,228.0036425,228.0,0,678,420,2416,56,52,56
dmab|solution|C=0.02|lambda=10.0,dmab,solution,0.02,10.0,HOSP-STD-25-01,2,218.45377399999998,217.5,1,421,44,80,2789,43,44
dmab|solution|C=0.02|lambda=10.0,dmab,solution,0.02,10.0,HOSP-STD-25-01,3,228.0040505,228.0,0,914,128,951,128,126,1667
dmab|solution|C=0.02|lambda=10.0,dmab,solution,0.02,10.0,HOSP-STD-25-01,4,226.0041235,226.0,1,1228,70,103,48,47,2732
dmab|solution|C=0.02|lambda=10.0,dmab,solution,0.02,10.0,HOSP-STD-25-01,5,231.5039655,231.5,0,1149,430,21,21,21,2507
dmab|solution|C=0.02|lambda=10.0,dmab,solution,0.02,10.0,HOSP-STD-25-02,0,263.5046645,263.5,0,1629,130,14,14,13,2829
dmab|solution|C=0.02|lambda=10.0,dmab,solution,0.02,10.0,HOSP-STD-25-02,1,265.0047065,265.0,0,970,39,249,2639,35,38
dmab|solution|C=0.02|lambda=10.0,dmab,solution,0.02,10.0,HOSP-STD-25-02,2,250.5043845,250.5,0,1073,78,1230,1327,263,102
dmab|solution|C=0.02|lambda=10.0,dmab,solution,0.02,10.0,HOSP-STD-25-02,3,254.0043325,254.0,0,1675,23,23,23,21,2910
dmab|solution|C=0.02|lambda=10.0,dmab,solution,0.02,10.0,HOSP-STD-25-02,4,250.5042735,250.5,1,681,185,49,2669,48,49
dmab|solution|C=0.02|lambda=10.0,dmab,solution,0.02,10.0,HOSP-STD-25-02,5,243.5043045,243.5,0,1075,1656,59,1173,54,58
dmab|solution|C=0.02|lambda=10.0,dmab,solution,0.02,10.0,HOSP-STD-25-03,0,236.5042895,236.5,0,264,111,90,2683,43,73
dmab|solution|C=0.02|lambda=10.0,dmab,solution,0.02,10.0,HOSP-STD-25-03,1,232.0040455,232.0,0,254,50,50,2803,48,49
dmab|solution|C=0.02|lambda=10.0,dmab,solution,0.02,10.0,HOSP-STD-25-03,2,237.653724,231.0,0,352,266,712,1940,41,41
dmab|solution|C=0.02|lambda=10.0,dmab,solution,0.02,10.0,HOSP-STD-25-03,3,239.0037505,239.0,0,642,63,2001,62,812,62
dmab|solution|C=0.02|lambda=10.0,dmab,solution,0.02,10.0,HOSP-STD-25-03,4,239.0037385,239.0,0,757,341,294,48,2269,48
dmab|solution|C=0.02|lambda=10.0,dmab,solution,0.02,10.0,HOSP-STD-25-03,5,239.0037505,239.0,0,270,68,876,1923,66,67
dmab|solution|C=0.02|lambda=10.0,dmab,solution,0.02,10.0,HOSP-STD-30-01,0,247.0052555,247.0,0,327,134,37,2753,38,38
dmab|solution|C=0.02|lambda=10.0,dmab,solution,0.02,10.0,HOSP-STD-30-01,1,255.5052605,255.5,0,510,361,372,2192,39,36
dmab|solution|C=0.02|lambda=10.0,dmab,solution,0.02,10.0,HOSP-STD-30-01,2,269.40525549999995,267.5,0,1248,15,14,140,1467,1364
dmab|solution|C=0.02|lambda=10.0,dmab,solution,0.02,10.0,HOSP-STD-30-01,3,269.40525549999995,267.5,0,1104,12,12,12,45,2919
dmab|solution|C=0.02|lambda=10.0,dmab,solution,0.02,10.0,HOSP-STD-30-01,4,267.055204,258.5,0,620,176,28,2748,22,26
dmab|solution|C=0.02|lambda=10.0,dmab,solution,0.02,10.0,HOSP-STD-30-01,5,259.5055415,259.5,0,332,32,53,2762,122,31
dmab|solution|C=0.02|lambda=10.0,dmab,solution,0.02,10.0,HOSP-STD-30-02,0,306.506158,306.5,1,1512,1774,148,54,48,976
dmab|solution|C=0.02|lambda=10.0,dmab,solution,0.02,10.0,HOSP-STD-30-02,1,305.307184,301.5,0,1713,2844,87,36,16,17
dmab|solution|C=0.02|lambda=10.0,dmab,solution,0.02,10.0,HOSP-STD-30-02,2,291.506337,291.5,0,1301,48,628,1586,689,49
dmab|solution|C=0.02|lambda=10.0,dmab,solution,0.02,10.0,HOSP-STD-30-02,3,303.006191,303.0,0,739,77,23,2854,23,23
dmab|solution|C=0.02|lambda=10.0,dmab,solution,0.02,10.0,HOSP-STD-30-02,4,288.006046,288.0,1,1550,62,30,391,27,2490
dmab|solution|C=0.02|lambda=10.0,dmab,solution,0.02,10.0,HOSP-STD-30-02,5,303.506489,303.5,0,752,17,17,2934,15,17
dmab|solution|C=0.02|lambda=10.0,dmab,solution,0.02,10.0,HOSP-STD-30-03,0,263.5070845,263.5,0,1168,98,16,16,16,2854
dmab|solution|C=0.02|lambda=10.0,dmab,solution,0.02,10.0,HOSP-STD-30-03,1,263.5070845,263.5,1,1029,47,47,47,2813,46
dmab|solution|C=0.02|lambda=10.0,dmab,solution,0.02,10.0,HOSP-STD-30-03,2,261.0068045,261.0,0,435,38,39,2848,37,38
dmab|solution|C=0.02|lambda=10.0,dmab,solution,0.02,10.0,HOSP-STD-30-03,3,263.5070845,263.5,0,1009,15,15,15,2940,15
dmab|solution|C=0.02|lambda=10.0,dmab,solution,0.02,10.0,HOSP-STD-30-03,4,262.0069555,262.0,0,510,39,149,2724,51,37
dmab|solution|C=0.02|lambda=10.0,dmab,solution,0.02,10.0,HOSP-STD-30-03,5,257.3066455,253.5,0,432,46,46,2816,46,46
ucb|solution|C=0.1|lambda=0.35,ucb,solution,0.1,0.35,HOSP-STD-15-01,0,145.0015285,145.0,0,562,174,730,1297,459,340
ucb|solution|C=0.1|lambda=0.35,ucb,solution,0.1,0.35,HOSP-STD-15-01,1,147.5017585,147.5,0,944,144,101,173,802,1780
ucb|solution|C=0.1|lambda=0.35,ucb,solution,0.1,0.35,HOSP-STD-15-01,2,145.5016635,145.5,0,443,323,344,1828,252,253
ucb|solution|C=0.1|lambda=0.35,ucb,solution,0.1,0.35,HOSP-STD-15-01,3,147.5017325,147.5,0,896,157,364,841,113,1525
ucb|solution|C=0.1|lambda=0.35,ucb,solution,0.1,0.35,HOSP-STD-15-01,4,147.5017275,147.5,0,753,766,517,1211,275,231
ucb|solution|C=0.1|lambda=0.35,ucb,solution,0.1,0.35,HOSP-STD-15-01,5,147.5017585,147.5,0,704,235,541,273,248,1703
ucb|solution|C=0.1|lambda=0.35,ucb,solution,0.1,0.35,HOSP-STD-15-02,0,174.0016295,174.0,0,1155,743,388,1112,405,352
ucb|solution|C=0.1|lambda=0.35,ucb,solution,0.1,0.35,HOSP-STD-15-02,1,170.0019795,170.0,0,1231,391,312,1338,709,250
ucb|solution|C=0.1|lambda=0.35,ucb,solution,0.1,0.35,HOSP-STD-15-02,2,172.0018895,172.0,0,1258,279,151,1025,185,1360
ucb|solution|C=0.1|lambda=0.35,ucb,solution,0.1,0.35,HOSP-STD-15-02,3,166.0018235,166.0,0,960,304,585,1545,337,229
ucb|solution|C=0.1|lambda=0.35,ucb,solution,0.1,0.35,HOSP-STD-15-02,4,174.0019495,174.0,0,1384,194,295,558,281,1672
ucb|solution|C=0.1|lambda=0.35,ucb,solution,0.1,0.35,HOSP-STD-15-02,5,171.0019295,171.0,0,1220,244,232,1807,325,392
ucb|solution|C=0.1|lambda=0.35,ucb,solution,0.1,0.35,HOSP-STD-15-03,0,164.501458,164.5,0,489,670,302,1137,329,562
ucb|solution|C=0.1|lambda=0.35,ucb,solution,0.1,0.35,HOSP-STD-15-03,1,162.501466,162.5,0,389,764,421,855,193,767
ucb|solution|C=0.1|lambda=0.35,ucb,solution,0.1,0.35,HOSP-STD-15-03,2,153.7513105,149.0,0,374,308,256,956,1227,253
ucb|solution|C=0.1|lambda=0.35,ucb,solution,0.1,0.35,HOSP-STD-15-03,3,157.001636,157.0,0,220,273,323,1714,230,460
ucb|solution|C=0.1|lambda=0.35,ucb,solution,0.1,0.35,HOSP-STD-15-03,4,150.0015,150.0,0,241,266,831,1177,410,316
ucb|solution|C=0.1|lambda=0.35,ucb,solution,0.1,0.35,HOSP-STD-15-03,5,151.501523,151.5,0,325,474,414,1288,557,267
ucb|solution|C=0.1|lambda=0.35,ucb,solution,0.1,0.35,HOSP-STD-20-01,0,182.0031645,182.0,0,747,404,1199,513,453,431
ucb|solution|C=0.1|lambda=0.35,ucb,solution,0.1,0.35,HOSP-STD-20-01,1,182.0031645,182.0,0,953,496,870,826,336,472
ucb|solution|C=0.1|lambda=0.35,ucb,solution,0.1,0.35,HOSP-STD-20-01,2,173.5029375,173.5,0,832,249,286,1399,761,305
ucb|solution|C=0.1|lambda=0.35,ucb,solution,0.1,0.35,HOSP-STD-20-01,3,172.5029895,172.5,0,960,171,277,1857,370,325
ucb|solution|C=0.1|lambda=0.35,ucb,solution,0.1,0.35,HOSP-STD-20-01,4,182.0031645,182.0,0,1012,369,427,139,143,1922
ucb|solution|C=0.1|lambda=0.35,ucb,solution,0.1,0.35,HOSP-STD-20-01,5,182.0031435,182.0,0,955,109,150,575,143,2023
ucb|solution|C=0.1|lambda=0.35,ucb,solution,0.1,0.35,HOSP-STD-20-02,0,207.003448,207.0,0,1333,191,369,1035,418,987
ucb|solution|C=0.1|lambda=0.35,ucb,solution,0.1,0.35,HOSP-STD-20-02,1,206.503341,206.5,0,1281,318,1670,516,208,288
ucb|solution|C=0.1|lambda=0.35,ucb,solution,0.1,0.35,HOSP-STD-20-02,2,206.003385,206.0,0,1288,498,191,1261,319,731
ucb|solution|C=0.1|lambda=0.35,ucb,solution,0.1,0.35,HOSP-STD-20-02,3,207.003448,207.0,0,1436,695,464,1219,385,237
ucb|solution|C=0.1|lambda=0.35,ucb,solution,0.1,0.35,HOSP-STD-20-02,4,204.503414,204.5,0,1639,270,326,293,80,2031
ucb|solution|C=0.1|lambda=0.35,ucb,solution,0.1,0.35,HOSP-STD-20-02,5,207.003448,207.0,0,1724,176,203,647,191,1783
ucb|solution|C=0.1|lambda=0.35,ucb,solution,0.1,0.35,HOSP-STD-20-03,0,201.9024145,200.0,0,352,370,702,1375,246,307
ucb|solution|C=0.1|lambda=0.35,ucb,solution,0.1,0.35,HOSP-STD-20-03,1,215.0026665,215.0,0,438,312,1370,422,605,291
ucb|solution|C=0.1|lambda=0.35,ucb,solution,0.1,0.35,HOSP-STD-20-03,2,191.0026235,191.0,0,438,420,629,1244,434,273
ucb|solution|C=0.1|lambda=0.35,ucb,solution,0.1,0.35,HOSP-STD-20-03,3,199.5025505,199.5,0,435,496,979,619,137,769
ucb|solution|C=0.1|lambda=0.35,ucb,solution,0.1,0.35,HOSP-STD-20-03,4,212.5026215,212.5,0,547,258,268,1087,1013,374
ucb|solution|C=0.1|lambda=0.35,ucb,solution,0.1,0.35,HOSP-STD-20-03,5,205.0029655,205.0,0,846,256,78,185,125,2356
ucb|solution|C=0.1|lambda=0.35,ucb,solution,0.1,0.35,HOSP-STD-25-01,0,230.5039035,230.5,0,857,185,582,794,554,885
ucb|solution|C=0.1|lambda=0.35,ucb,solution,0.1,0.35,HOSP-STD-25-01,1,223.0041645,223.0,0,679,384,506,1128,304,678
ucb|solution|C=0.1|lambda=0.35,ucb,solution,0.1,0.35,HOSP-STD-25-01,2,218.5037935,218.5,0,1004,116,672,383,152,1677
ucb|solution|C=0.1|lambda=0.35,ucb,solution,0.1,0.35,HOSP-STD-25-01,3,232.5042805,232.5,0,865,441,1471,342,416,330
ucb|solution|C=0.1|lambda=0.35,ucb,solution,0.1,0.35,HOSP-STD-25-01,4,225.0040475,225.0,0,648,517,843,659,249,732
ucb|solution|C=0.1|lambda=0.35,ucb,solution,0.1,0.35,HOSP-STD-25-01,5,217.5037725,217.5,0,825,552,395,681,369,1003
ucb|solution|C=0.1|lambda=0.35,ucb,solution,0.1,0.35,HOSP-STD-25-02,0,267.0042625,267.0,0,1412,128,172,502,159,2039
ucb|solution|C=0.1|lambda=0.35,ucb,solution,0.1,0.35,HOSP-STD-25-02,1,256.5048435,256.5,0,1343,283,720,955,330,712
ucb|solution|C=0.1|lambda=0.35,ucb,solution,0.1,0.35,HOSP-STD-25-02,2,259.0043385,259.0,0,1381,401,496,183,1123,797
ucb|solution|C=0.1|lambda=0.35,ucb,solution,0.1,0.35,HOSP-STD-25-02,3,254.0043325,254.0,0,1437,247,511,706,350,1186
ucb|solution|C=0.1|lambda=0.35,ucb,solution,0.1,0.35,HOSP-STD-25-02,4,255.5049345,255.5,0,1309,197,355,654,400,1394
ucb|solution|C=0.1|lambda=0.35,ucb,solution,0.1,0.35,HOSP-STD-25-02,5,261.654617,255.0,0,1198,277,1007,1066,401,249
ucb|solution|C=0.1|lambda=0.35,ucb,solution,0.1,0.35,HOSP-STD-25-03,0,239.0037095,239.0,0,519,407,232,1538,591,232
ucb|solution|C=0.1|lambda=0.35,ucb,solution,0.1,0.35,HOSP-STD-25-03,1,232.0040455,232.0,0,440,352,725,1343,320,260
ucb|solution|C=0.1|lambda=0.35,ucb,solution,0.1,0.35,HOSP-STD-25-03,2,231.0037845,231.0,0,475,300,291,1600,641,168
ucb|solution|C=0.1|lambda=0.35,ucb,solution,0.1,0.35,HOSP-STD-25-03,3,233.0038055,233.0,0,614,347,266,768,1285,334
ucb|solution|C=0.1|lambda=0.35,ucb,solution,0.1,0.35,HOSP-STD-25-03,4,239.0037505,239.0,0,568,628,512,453,1237,170
ucb|solution|C=0.1|lambda=0.35,ucb,solution,0.1,0.35,HOSP-STD-25-03,5,239.0037505,239.0,0,763,81,270,76,77,2496
ucb|solution|C=0.1|lambda=0.35,ucb,solution,0.1,0.35,HOSP-STD-30-01,0,267.5053665,267.5,0,908,166,775,1323,608,128
ucb|solution|C=0.1|lambda=0.35,ucb,solution,0.1,0.35,HOSP-STD-30-01,1,254.5055175,254.5,0,718,310,810,1279,389,212
ucb|solution|C=0.1|lambda=0.35,ucb,solution,0.1,0.35,HOSP-STD-30-01,2,256.5053975,256.5,0,947,186,309,1604,619,282
ucb|solution|C=0.1|lambda=0.35,ucb,solution,0.1,0.35,HOSP-STD-30-01,3,269.40525549999995,267.5,0,1046,181,331,253,275,1960
ucb|solution|C=0.1|lambda=0.35,ucb,solution,0.1,0.35,HOSP-STD-30-01,4,262.0054865,262.0,0,1071,171,160,504,1246,919
ucb|solution|C=0.1|lambda=0.35,ucb,solution,0.1,0.35,HOSP-STD-30-01,5,249.8054035,246.0,0,800,365,186,1240,867,342
ucb|solution|C=0.1|lambda=0.35,ucb,solution,0.1,0.35,HOSP-STD-30-02,0,296.506447,296.5,0,1331,525,273,1248,281,673
ucb|solution|C=0.1|lambda=0.35,ucb,solution,0.1,0.35,HOSP-STD-30-02,1,295.506584,295.5,0,1358,242,384,1428,460,486
ucb|solution|C=0.1|lambda=0.35,ucb,solution,0.1,0.35,HOSP-STD-30-02,2,282.006107,282.0,0,1476,509,752,422,177,1140
ucb|solution|C=0.1|lambda=0.35,ucb,solution,0.1,0.35,HOSP-STD-30-02,3,306.506088,306.5,0,1576,623,344,460,197,1376
ucb|solution|C=0.1|lambda=0.35,ucb,solution,0.1,0.35,HOSP-STD-30-02,4,301.506405,301.5,0,1411,398,1061,747,510,284
ucb|solution|C=0.1|lambda=0.35,ucb,solution,0.1,0.35,HOSP-STD-30-02,5,293.006329,293.0,0,1169,462,617,1200,388,333
ucb|solution|C=0.1|lambda=0.35,ucb,solution,0.1,0.35,HOSP-STD-30-03,0,263.5070845,263.5,0,614,413,235,1716,313,323
ucb|solution|C=0.1|lambda=0.35,ucb,solution,0.1,0.35,HOSP-STD-30-03,1,263.5070845,263.5,0,843,169,445,485,575,1326
ucb|solution|C=0.1|lambda=0.35,ucb,solution,0.1,0.35,HOSP-STD-30-03,2,263.5070845,263.5,0,743,281,271,1504,258,686
ucb|solution|C=0.1|lambda=0.35,ucb,solution,0.1,0.35,HOSP-STD-30-03,3,263.5070575,263.5,0,698,208,228,1043,829,692
ucb|solution|C=0.1|lambda=0.35,ucb,solution,0.1,0.35,HOSP-STD-30-03,4,263.5069345,263.5,0,827,182,126,722,1881,89
ucb|solution|C=0.1|lambda=0.35,ucb,solution,0.1,0.35,HOSP-STD-30-03,5,263.5070185,263.5,0,808,127,157,1022,1568,126
ucb|solution|C=0.02|lambda=0.35,ucb,solution,0.02,0.35,HOSP-STD-15-01,0,144.0015305,144.0,0,880,617,65,65,62,2191
ucb|solution|C=0.02|lambda=0.35,ucb,solution,0.02,0.35,HOSP-STD-15-01,1,146.5017085,146.5,0,948,9,9,734,26,2222
ucb|solution|C=0.02|lambda=0.35,ucb,solution,0.02,0.35,HOSP-STD-15-01,2,147.5017585,147.5,0,1044,96,172,96,2540,96
ucb|solution|C=0.02|lambda=0.35,ucb,solution,0.02,0.35,HOSP-STD-15-01,3,147.5017325,147.5,0,1252,25,24,25,25,2901
ucb|solution|C=0.02|lambda=0.35,ucb,solution,0.02,0.35,HOSP-STD-15-01,4,144.0017685,144.0,0,593,23,201,2732,22,22
ucb|solution|C=0.02|lambda=0.35,ucb,solution,0.02,0.35,HOSP-STD-15-01,5,147.5017585,147.5,0,1081,22,21,22,70,2865
ucb|solution|C=0.02|lambda=0.35,ucb,solution,0.02,0.35,HOSP-STD-15-02,0,175.5017835,175.5,0,1078,1513,781,600,52,54
ucb|solution|C=0.02|lambda=0.35,ucb,solution,0.02,0.35,HOSP-STD-15-02,1,174.0019605,174.0,0,848,27,26,2896,24,27
ucb|solution|C=0.02|lambda=0.35,ucb,solution,0.02,0.35,HOSP-STD-15-02,2,174.0019755,174.0,0,964,28,28,2680,237,27
ucb|solution|C=0.02|lambda=0.35,ucb,solution,0.02,0.35,HOSP-STD-15-02,3,174.0019305,174.0,0,745,32,59,2820,57,32
ucb|solution|C=0.02|lambda=0.35,ucb,solution,0.02,0.35,HOSP-STD-15-02,4,165.0020045,165.0,0,1443,32,32,1088,116,1732
ucb|solution|C=0.02|lambda=0.35,ucb,solution,0.02,0.35,HOSP-STD-15-02,5,174.0019495,174.0,0,879,23,23,2908,23,23
ucb|solution|C=0.02|lambda=0.35,ucb,solution,0.02,0.35,HOSP-STD-15-03,0,167.001357,167.0,0,514,347,518,19,2022,94
ucb|solution|C=0.02|lambda=0.35,ucb,solution,0.02,0.35,HOSP-STD-15-03,1,173.001258,173.0,0,28,40,40,2844,39,37
ucb|solution|C=0.02|lambda=0.35,ucb,solution,0.02,0.35,HOSP-STD-15-03,2,162.501357,162.5,0,554,59,58,59,2768,56
ucb|solution|C=0.02|lambda=0.35,ucb,solution,0.02,0.35,HOSP-STD-15-03,3,167.401337,165.5,0,492,12,12,12,12,2952
ucb|solution|C=0.02|lambda=0.35,ucb,solution,0.02,0.35,HOSP-STD-15-03,4,168.95140949999998,168.0,0,406,69,69,68,67,2727
ucb|solution|C=0.02|lambda=0.35,ucb,solution,0.02,0.35,HOSP-STD-15-03,5,150.45139949999998,149.5,0,448,64,62,62,2749,63
ucb|solution|C=0.02|lambda=0.35,ucb,solution,0.02,0.35,HOSP-STD-20-01,0,182.0030315,182.0,0,622,90,51,2755,52,52
ucb|solution|C=0.02|lambda=0.35,ucb,solution,0.02,0.35,HOSP-STD-20-01,1,182.0031645,182.0,0,727,2654,38,38,232,38
ucb|solution|C=0.02|lambda=0.35,ucb,solution,0.02,0.35,HOSP-STD-20-01,2,181.0031145,181.0,0,1330,36,70,33,2828,33
ucb|solution|C=0.02|lambda=0.35,ucb,solution,0.02,0.35,HOSP-STD-20-01,3,182.0031645,182.0,0,1311,40,253,590,2038,79
ucb|solution|C=0.02|lambda=0.35,ucb,solution,0.02,0.35,HOSP-STD-20-01,4,182.0031645,182.0,0,1161,43,43,43,40,2831
ucb|solution|C=0.02|lambda=0.35,ucb,solution,0.02,0.35,HOSP-STD-20-01,5,182.0031435,182.0,0,505,114,1884,778,110,114
ucb|solution|C=0.02|lambda=0.35,ucb,solution,0.02,0.35,HOSP-STD-20-02,0,207.003448,207.0,0,981,46,47,2817,46,44
ucb|solution|C=0.02|lambda=0.35,ucb,solution,0.02,0.35,HOSP-STD-20-02,1,207.003448,207.0,0,860,22,140,2799,18,21
ucb|solution|C=0.02|lambda=0.35,ucb,solution,0.02,0.35,HOSP-STD-20-02,2,206.003332,206.0,0,2007,164,39,41,2714,42
ucb|solution|C=0.02|lambda=0.35,ucb,solution,0.02,0.35,HOSP-STD-20-02,3,207.003448,207.0,0,967,23,22,2910,22,23
ucb|solution|C=0.02|lambda=0.35,ucb,solution,0.02,0.35,HOSP-STD-20-02,4,207.003448,207.0,0,1885,10,10,10,9,2961
ucb|solution|C=0.02|lambda=0.35,ucb,solution,0.02,0.35,HOSP-STD-20-02,5,207.003448,207.0,0,1114,161,766,2018,25,30
ucb|solution|C=0.02|lambda=0.35,ucb,solution,0.02,0.35,HOSP-STD-20-03,0,201.0026815,201.0,0,415,97,2602,101,100,100
ucb|solution|C=0.02|lambda=0.35,ucb,solution,0.02,0.35,HOSP-STD-20-03,1,221.853532,219.0,0,446,59,2764,59,58,60
ucb|solution|C=0.02|lambda=0.35,ucb,solution,0.02,0.35,HOSP-STD-20-03,2,193.5025295,193.5,0,68,30,29,2881,30,30
ucb|solution|C=0.02|lambda=0.35,ucb,solution,0.02,0.35,HOSP-STD-20-03,3,225.1028485,217.5,0,337,83,2671,83,80,83
ucb|solution|C=0.02|lambda=0.35,ucb,solution,0.02,0.35,HOSP-STD-20-03,4,193.5026575,193.5,0,728,25,25,846,196,1908
ucb|solution|C=0.02|lambda=0.35,ucb,solution,0.02,0.35,HOSP-STD-20-03,5,188.5026545,188.5,0,156,54,595,2175,55,121
ucb|solution|C=0.02|lambda=0.35,ucb,solution,0.02,0.35,HOSP-STD-25-01,0,214.5036305,214.5,0,537,114,893,1760,116,117
ucb|solution|C=0.02|lambda=0.35,ucb,solution,0.02,0.35,HOSP-STD-25-01,1,228.0036425,228.0,0,678,420,2416,56,52,56
ucb|solution|C=0.02|lambda=0.35,ucb,solution,0.02,0.35,HOSP-STD-25-01,2,217.5040425,217.5,0,979,12,393,38,12,2545
ucb|solution|C=0.02|lambda=0.35,ucb,solution,0.02,0.35,HOSP-STD-25-01,3,228.0040505,228.0,0,914,128,951,128,126,1667
ucb|solution|C=0.02|lambda=0.35,ucb,solution,0.02,0.35,HOSP-STD-25-01,4,225.0041415,225.0,0,913,185,398,21,21,2375
ucb|solution|C=0.02|lambda=0.35,ucb,solution,0.02,0.35,HOSP-STD-25-01,5,231.5039655,231.5,0,1149,430,21,21,21,2507
ucb|solution|C=0.02|lambda=0.35,ucb,solution,0.02,0.35,HOSP-STD-25-02,0,263.5046645,263.5,0,1629,130,14,14,13,2829
ucb|solution|C=0.02|lambda=0.35,ucb,solution,0.02,0.35,HOSP-STD-25-02,1,265.0047065,265.0,0,970,39,249,2639,35,38
ucb|solution|C=0.02|lambda=0.35,ucb,solution,0.02,0.35,HOSP-STD-25-02,2,250.5043845,250.5,0,1073,78,1230,1327,263,102
ucb|solution|C=0.02|lambda=0.35,ucb,solution,0.02,0.35,HOSP-STD-25-02,3,254.0043325,254.0,0,1675,23,23,23,21,2910
ucb|solution|C=0.02|lambda=0.35,ucb,solution,0.02,0.35,HOSP-STD-25-02,4,246.0045455,246.0,0,929,120,152,2414,36,278
ucb|solution|C=0.02|lambda=0.35,ucb,solution,0.02,0.35,HOSP-STD-25-02,5,243.5043045,243.5,0,1075,1656,59,1173,54,58
ucb|solution|C=0.02|lambda=0.35,ucb,solution,0.02,0.35,HOSP-STD-25-03,0,236.5042895,236.5,0,264,111,90,2683,43,73
ucb|solution|C=0.02|lambda=0.35,ucb,solution,0.02,0.35,HOSP-STD-25-03,1,232.0040455,232.0,0,254,50,50,2803,48,49
ucb|solution|C=0.02|lambda=0.35,ucb,solution,0.02,0.35,HOSP-STD-25-03,2,237.653724,231.0,0,352,266,712,1940,41,41
ucb|solution|C=0.02|lambda=0.35,ucb,solution,0.02,0.35,HOSP-STD-25-03,3,239.0037505,239.0,0,642,63,2001,62,812,62
ucb|solution|C=0.02|lambda=0.35,ucb,solution,0.02,0.35,HOSP-STD-25-03,4,239.0037385,239.0,0,757,341,294,48,2269,48
ucb|solution|C=0.02|lambda=0.35,ucb,solution,0.02,0.35,HOSP-STD-25-03,5,239.0037505,239.0,0,270,68,876,1923,66,67
ucb|solution|C=0.02|lambda=0.35,ucb,solution,0.02,0.35,HOSP-STD-30-01,0,247.0052555,247.0,0,327,134,37,2753,38,38
ucb|solution|C=0.02|lambda=0.35,ucb,solution,0.02,0.35,HOSP-STD-30-01,1,255.5052605,255.5,0,510,361,372,2192,39,36
ucb|solution|C=0.02|lambda=0.35,ucb,solution,0.02,0.35,HOSP-STD-30-01,2,269.40525549999995,267.5,0,1248,15,14,140,1467,1364
ucb|solution|C=0.02|lambda=0.35,ucb,solution,0.02,0.35,HOSP-STD-30-01,3,269.40525549999995,267.5,0,1104,12,12,12,45,2919
ucb|solution|C=0.02|lambda=0.35,ucb,solution,0.02,0.35,HOSP-STD-30-01,4,267.055204,258.5,0,620,176,28,2748,22,26
ucb|solution|C=0.02|lambda=0.35,ucb,solution,0.02,0.35,HOSP-STD-30-01,5,259.5055415,259.5,0,332,32,53,2762,122,31
ucb|solution|C=0.02|lambda=0.35,ucb,solution,0.02,0.35,HOSP-STD-30-02,0,306.506158,306.5,0,1597,16,111,16,13,2844
ucb|solution|C=0.02|lambda=0.35,ucb,solution,0.02,0.35,HOSP-STD-30-02,1,305.307184,301.5,0,1713,2844,87,36,16,17
ucb|solution|C=0.02|lambda=0.35,ucb,solution,0.02,0.35,HOSP-STD-30-02,2,291.506337,291.5,0,1301,48,628,1586,689,49
ucb|solution|C=0.02|lambda=0.35,ucb,solution,0.02,0.35,HOSP-STD-30-02,3,303.006191,303.0,0,739,77,23,2854,23,23
ucb|solution|C=0.02|lambda=0.35,ucb,solution,0.02,0.35,HOSP-STD-30-02,4,299.00641,299.0,0,667,86,169,2645,72,28
ucb|solution|C=0.02|lambda=0.35,ucb,solution,0.02,0.35,HOSP-STD-30-02,5,303.506489,303.5,0,752,17,17,2934,15,17
ucb|solution|C=0.02|lambda=0.35,ucb,solution,0.02,0.35,HOSP-STD-30-03,0,263.5070845,263.5,0,1168,98,16,16,16,2854
ucb|solution|C=0.02|lambda=0.35,ucb,solution,0.02,0.35,HOSP-STD-30-03,1,263.5070845,263.5,0,932,10,10,10,2960,10
ucb|solution|C=0.02|lambda=0.35,ucb,solution,0.02,0.35,HOSP-STD-30-03,2,261.0068045,261.0,0,435,38,39,2848,37,38
ucb|solution|C=0.02|lambda=0.35,ucb,solution,0.02,0.35,HOSP-STD-30-03,3,263.5070845,263.5,0,1009,15,15,15,2940,15
ucb|solution|C=0.02|lambda=0.35,ucb,solution,0.02,0.35,HOSP-STD-30-03,4,262.0069555,262.0,0,510,39,149,2724,51,37
ucb|solution|C=0.02|lambda=0.35,ucb,solution,0.02,0.35,HOSP-STD-30-03,5,257.3066455,253.5,0,432,46,46,2816,46,46
